# This file uses centimeters as units for non-parametric coordinates.

mtllib window3.mtl
g default
v 3.952482 3.614062 10.033867
v 3.952482 3.614062 9.563589
v 3.952482 5.475874 10.033867
v 3.952482 5.475874 9.563589
v 0.665596 5.475874 10.033867
v 0.665596 5.475874 9.563589
v 0.665596 3.614062 10.033867
v 0.665596 3.614062 9.563589
v 1.068119 3.842065 9.885517
v 3.549959 3.842065 9.885517
v 3.549959 5.247871 9.885517
v 1.068119 5.247871 9.885517
v -7.362123 3.614062 -6.715109
v -7.362123 3.614062 -6.244832
v -7.362123 5.475874 -6.715109
v -7.362123 5.475874 -6.244832
v -4.075238 5.475874 -6.715109
v -4.075238 5.475874 -6.244832
v -4.075238 3.614062 -6.715109
v -4.075238 3.614062 -6.244832
v -4.477760 3.842065 -6.566760
v -6.959600 3.842065 -6.566760
v -6.959600 5.247871 -6.566760
v -4.477760 5.247871 -6.566760
v 0.188249 0.544660 -6.715109
v 0.188249 0.544660 -6.244832
v 0.188249 2.406473 -6.715109
v 0.188249 2.406473 -6.244832
v 1.336578 2.406473 -6.715109
v 1.336578 2.406473 -6.244832
v 1.336578 0.544660 -6.715109
v 1.336578 0.544660 -6.244832
v 1.195950 0.772664 -6.566760
v 0.328877 0.772664 -6.566760
v 0.328877 2.178469 -6.566760
v 1.195950 2.178469 -6.566760
v 1.985450 0.544660 -6.715109
v 1.985450 0.544660 -6.244832
v 1.985450 2.406473 -6.715109
v 1.985450 2.406473 -6.244832
v 3.133780 2.406473 -6.715109
v 3.133780 2.406473 -6.244832
v 3.133780 0.544660 -6.715109
v 3.133780 0.544660 -6.244832
v 2.993152 0.772664 -6.566760
v 2.126078 0.772664 -6.566760
v 2.126078 2.178469 -6.566760
v 2.993152 2.178469 -6.566760
v 1.985450 3.614062 -6.715109
v 1.985450 3.614062 -6.244832
v 1.985450 5.475874 -6.715109
v 1.985450 5.475874 -6.244832
v 3.133780 5.475874 -6.715109
v 3.133780 5.475874 -6.244832
v 3.133780 3.614062 -6.715109
v 3.133780 3.614062 -6.244832
v 2.993152 3.842065 -6.566760
v 2.126078 3.842065 -6.566760
v 2.126078 5.247871 -6.566760
v 2.993152 5.247871 -6.566760
v 0.188249 3.614062 -6.715109
v 0.188249 3.614062 -6.244832
v 0.188249 5.475874 -6.715109
v 0.188249 5.475874 -6.244832
v 1.336578 5.475874 -6.715109
v 1.336578 5.475874 -6.244832
v 1.336578 3.614062 -6.715109
v 1.336578 3.614062 -6.244832
v 1.195950 3.842065 -6.566760
v 0.328877 3.842065 -6.566760
v 0.328877 5.247871 -6.566760
v 1.195950 5.247871 -6.566760
v -1.461156 3.614062 -6.715109
v -1.461156 3.614062 -6.244832
v -1.461156 5.475874 -6.715109
v -1.461156 5.475874 -6.244832
v -0.312826 5.475874 -6.715109
v -0.312826 5.475874 -6.244832
v -0.312826 3.614062 -6.715109
v -0.312826 3.614062 -6.244832
v -0.453454 3.842065 -6.566760
v -1.320528 3.842065 -6.566760
v -1.320528 5.247871 -6.566760
v -0.453454 5.247871 -6.566760
v -1.461156 0.544660 -6.715109
v -1.461156 0.544660 -6.244832
v -1.461156 2.406473 -6.715109
v -1.461156 2.406473 -6.244832
v -0.312826 2.406473 -6.715109
v -0.312826 2.406473 -6.244832
v -0.312826 0.544660 -6.715109
v -0.312826 0.544660 -6.244832
v -0.453454 0.772664 -6.566760
v -1.320528 0.772664 -6.566760
v -1.320528 2.178469 -6.566760
v -0.453454 2.178469 -6.566760
v -3.137537 0.544660 -6.715109
v -3.137537 0.544660 -6.244832
v -3.137537 2.406473 -6.715109
v -3.137537 2.406473 -6.244832
v -1.989207 2.406473 -6.715109
v -1.989207 2.406473 -6.244832
v -1.989207 0.544660 -6.715109
v -1.989207 0.544660 -6.244832
v -2.129835 0.772664 -6.566760
v -2.996909 0.772664 -6.566760
v -2.996909 2.178469 -6.566760
v -2.129835 2.178469 -6.566760
v -3.137537 3.614062 -6.715109
v -3.137537 3.614062 -6.244832
v -3.137537 5.475874 -6.715109
v -3.137537 5.475874 -6.244832
v -1.989207 5.475874 -6.715109
v -1.989207 5.475874 -6.244832
v -1.989207 3.614062 -6.715109
v -1.989207 3.614062 -6.244832
v -2.129835 3.842065 -6.566760
v -2.996909 3.842065 -6.566760
v -2.996909 5.247871 -6.566760
v -2.129835 5.247871 -6.566760
v 4.761198 3.609627 -4.686818
v 4.290920 3.609627 -4.686818
v 4.761198 5.471439 -4.686818
v 4.290920 5.471439 -4.686818
v 4.761198 5.471439 -3.538488
v 4.290920 5.471439 -3.538488
v 4.761198 3.609627 -3.538488
v 4.290920 3.609627 -3.538488
v 4.612848 3.837630 -3.679116
v 4.612848 3.837630 -4.546190
v 4.612848 5.243436 -4.546190
v 4.612848 5.243436 -3.679116
v 4.761198 3.609627 -2.750803
v 4.290920 3.609627 -2.750803
v 4.761198 5.471439 -2.750803
v 4.290920 5.471439 -2.750803
v 4.761198 5.471439 -1.602474
v 4.290920 5.471439 -1.602474
v 4.761198 3.609627 -1.602474
v 4.290920 3.609627 -1.602474
v 4.612848 3.837630 -1.743102
v 4.612848 3.837630 -2.610175
v 4.612848 5.243436 -2.610175
v 4.612848 5.243436 -1.743102
v 4.761198 0.517870 -4.686818
v 4.290920 0.517870 -4.686818
v 4.761198 2.379683 -4.686818
v 4.290920 2.379683 -4.686818
v 4.761198 2.379683 -3.538488
v 4.290920 2.379683 -3.538488
v 4.761198 0.517870 -3.538488
v 4.290920 0.517870 -3.538488
v 4.612848 0.745874 -3.679116
v 4.612848 0.745874 -4.546190
v 4.612848 2.151680 -4.546190
v 4.612848 2.151680 -3.679116
v 4.761198 0.517870 -2.750803
v 4.290920 0.517870 -2.750803
v 4.761198 2.379683 -2.750803
v 4.290920 2.379683 -2.750803
v 4.761198 2.379683 -1.602474
v 4.290920 2.379683 -1.602474
v 4.761198 0.517870 -1.602474
v 4.290920 0.517870 -1.602474
v 4.612848 0.745874 -1.743102
v 4.612848 0.745874 -2.610175
v 4.612848 2.151680 -2.610175
v 4.612848 2.151680 -1.743102
v 4.761198 0.517870 -0.954845
v 4.290920 0.517870 -0.954845
v 4.761198 2.379683 -0.954845
v 4.290920 2.379683 -0.954845
v 4.761198 2.379683 0.193485
v 4.290920 2.379683 0.193485
v 4.761198 0.517870 0.193485
v 4.290920 0.517870 0.193485
v 4.612848 0.745874 0.052857
v 4.612848 0.745874 -0.814217
v 4.612848 2.151680 -0.814217
v 4.612848 2.151680 0.052857
v 4.761198 0.517870 0.981170
v 4.290920 0.517870 0.981170
v 4.761198 2.379683 0.981170
v 4.290920 2.379683 0.981170
v 4.761198 2.379683 2.129499
v 4.290920 2.379683 2.129499
v 4.761198 0.517870 2.129499
v 4.290920 0.517870 2.129499
v 4.612848 0.745874 1.988871
v 4.612848 0.745874 1.121798
v 4.612848 2.151680 1.121798
v 4.612848 2.151680 1.988871
v 4.761198 0.517870 4.787988
v 4.290920 0.517870 4.787988
v 4.761198 2.379683 4.787988
v 4.290920 2.379683 4.787988
v 4.761198 2.379683 5.936318
v 4.290920 2.379683 5.936318
v 4.761198 0.517870 5.936318
v 4.290920 0.517870 5.936318
v 4.612848 0.745874 5.795690
v 4.612848 0.745874 4.928617
v 4.612848 2.151680 4.928617
v 4.612848 2.151680 5.795690
v 4.761198 0.517870 2.851974
v 4.290920 0.517870 2.851974
v 4.761198 2.379683 2.851974
v 4.290920 2.379683 2.851974
v 4.761198 2.379683 4.000303
v 4.290920 2.379683 4.000303
v 4.761198 0.517870 4.000303
v 4.290920 0.517870 4.000303
v 4.612848 0.745874 3.859675
v 4.612848 0.745874 2.992602
v 4.612848 2.151680 2.992602
v 4.612848 2.151680 3.859675
v 4.761198 0.517870 6.581156
v 4.290920 0.517870 6.581156
v 4.761198 2.379683 6.581156
v 4.290920 2.379683 6.581156
v 4.761198 2.379683 7.729486
v 4.290920 2.379683 7.729486
v 4.761198 0.517870 7.729486
v 4.290920 0.517870 7.729486
v 4.612848 0.745874 7.588857
v 4.612848 0.745874 6.721784
v 4.612848 2.151680 6.721784
v 4.612848 2.151680 7.588857
v 4.761198 3.614062 6.581156
v 4.290920 3.614062 6.581156
v 4.761198 5.475874 6.581156
v 4.290920 5.475874 6.581156
v 4.761198 5.475874 7.729486
v 4.290920 5.475874 7.729486
v 4.761198 3.614062 7.729486
v 4.290920 3.614062 7.729486
v 4.612848 3.842065 7.588857
v 4.612848 3.842065 6.721784
v 4.612848 5.247871 6.721784
v 4.612848 5.247871 7.588857
v 4.761198 3.614062 2.851974
v 4.290920 3.614062 2.851974
v 4.761198 5.475874 2.851974
v 4.290920 5.475874 2.851974
v 4.761198 5.475874 4.000303
v 4.290920 5.475874 4.000303
v 4.761198 3.614062 4.000303
v 4.290920 3.614062 4.000303
v 4.612848 3.842065 3.859675
v 4.612848 3.842065 2.992602
v 4.612848 5.247871 2.992602
v 4.612848 5.247871 3.859675
v 4.761198 3.614062 4.787988
v 4.290920 3.614062 4.787988
v 4.761198 5.475874 4.787988
v 4.290920 5.475874 4.787988
v 4.761198 5.475874 5.936318
v 4.290920 5.475874 5.936318
v 4.761198 3.614062 5.936318
v 4.290920 3.614062 5.936318
v 4.612848 3.842065 5.795690
v 4.612848 3.842065 4.928617
v 4.612848 5.247871 4.928617
v 4.612848 5.247871 5.795690
v 4.761198 3.614062 0.981170
v 4.290920 3.614062 0.981170
v 4.761198 5.475874 0.981170
v 4.290920 5.475874 0.981170
v 4.761198 5.475874 2.129499
v 4.290920 5.475874 2.129499
v 4.761198 3.614062 2.129499
v 4.290920 3.614062 2.129499
v 4.612848 3.842065 1.988871
v 4.612848 3.842065 1.121798
v 4.612848 5.247871 1.121798
v 4.612848 5.247871 1.988871
v 4.761198 3.614062 -0.954845
v 4.290920 3.614062 -0.954845
v 4.761198 5.475874 -0.954845
v 4.290920 5.475874 -0.954845
v 4.761198 5.475874 0.193485
v 4.290920 5.475874 0.193485
v 4.761198 3.614062 0.193485
v 4.290920 3.614062 0.193485
v 4.612848 3.842065 0.052857
v 4.612848 3.842065 -0.814217
v 4.612848 5.247871 -0.814217
v 4.612848 5.247871 0.052857
v 0.077098 0.517870 0.193485
v 0.547377 0.517870 0.193485
v 0.077098 2.379683 0.193485
v 0.547377 2.379683 0.193485
v 0.077098 2.379683 -0.954845
v 0.547377 2.379683 -0.954845
v 0.077098 0.517870 -0.954845
v 0.547377 0.517870 -0.954845
v 0.225449 0.745874 -0.814217
v 0.225449 0.745874 0.052857
v 0.225449 2.151680 0.052857
v 0.225449 2.151680 -0.814217
v 0.077098 0.517870 2.129499
v 0.547377 0.517870 2.129499
v 0.077098 2.379683 2.129499
v 0.547377 2.379683 2.129499
v 0.077098 2.379683 0.981170
v 0.547377 2.379683 0.981170
v 0.077098 0.517870 0.981170
v 0.547377 0.517870 0.981170
v 0.225449 0.745874 1.121798
v 0.225449 0.745874 1.988871
v 0.225449 2.151680 1.988871
v 0.225449 2.151680 1.121798
v 0.077098 0.517870 5.936318
v 0.547377 0.517870 5.936318
v 0.077098 2.379683 5.936318
v 0.547377 2.379683 5.936318
v 0.077098 2.379683 4.787988
v 0.547377 2.379683 4.787988
v 0.077098 0.517870 4.787988
v 0.547377 0.517870 4.787988
v 0.225449 0.745874 4.928617
v 0.225449 0.745874 5.795690
v 0.225449 2.151680 5.795690
v 0.225449 2.151680 4.928617
v 0.077098 0.517870 4.000303
v 0.547377 0.517870 4.000303
v 0.077098 2.379683 4.000303
v 0.547377 2.379683 4.000303
v 0.077098 2.379683 2.851974
v 0.547377 2.379683 2.851974
v 0.077098 0.517870 2.851974
v 0.547377 0.517870 2.851974
v 0.225449 0.745874 2.992602
v 0.225449 0.745874 3.859675
v 0.225449 2.151680 3.859675
v 0.225449 2.151680 2.992602
v 0.077098 0.517870 7.729486
v 0.547377 0.517870 7.729486
v 0.077098 2.379683 7.729486
v 0.547377 2.379683 7.729486
v 0.077098 2.379683 6.581156
v 0.547377 2.379683 6.581156
v 0.077098 0.517870 6.581156
v 0.547377 0.517870 6.581156
v 0.225449 0.745874 6.721784
v 0.225449 0.745874 7.588857
v 0.225449 2.151680 7.588857
v 0.225449 2.151680 6.721784
v -6.314266 0.544660 -2.454716
v -6.314266 0.544660 -2.924994
v -6.314266 2.406473 -2.454716
v -6.314266 2.406473 -2.924994
v -7.462595 2.406473 -2.454716
v -7.462595 2.406473 -2.924994
v -7.462595 0.544660 -2.454716
v -7.462595 0.544660 -2.924994
v -7.321967 0.772664 -2.603066
v -6.454894 0.772664 -2.603066
v -6.454894 2.178469 -2.603066
v -7.321967 2.178469 -2.603066
v -4.637885 0.544660 -2.454716
v -4.637885 0.544660 -2.924994
v -4.637885 2.406473 -2.454716
v -4.637885 2.406473 -2.924994
v -5.786215 2.406473 -2.454716
v -5.786215 2.406473 -2.924994
v -5.786215 0.544660 -2.454716
v -5.786215 0.544660 -2.924994
v -5.645586 0.772664 -2.603066
v -4.778513 0.772664 -2.603066
v -4.778513 2.178469 -2.603066
v -5.645586 2.178469 -2.603066
v -2.988481 0.544660 -2.454716
v -2.988481 0.544660 -2.924994
v -2.988481 2.406473 -2.454716
v -2.988481 2.406473 -2.924994
v -4.136810 2.406473 -2.454716
v -4.136810 2.406473 -2.924994
v -4.136810 0.544660 -2.454716
v -4.136810 0.544660 -2.924994
v -3.996182 0.772664 -2.603066
v -3.129109 0.772664 -2.603066
v -3.129109 2.178469 -2.603066
v -3.996182 2.178469 -2.603066
v -1.191279 0.544660 -2.454716
v -1.191279 0.544660 -2.924994
v -1.191279 2.406473 -2.454716
v -1.191279 2.406473 -2.924994
v -2.339608 2.406473 -2.454716
v -2.339608 2.406473 -2.924994
v -2.339608 0.544660 -2.454716
v -2.339608 0.544660 -2.924994
v -2.198980 0.772664 -2.603066
v -1.331907 0.772664 -2.603066
v -1.331907 2.178469 -2.603066
v -2.198980 2.178469 -2.603066
v -6.314266 3.614062 -2.454716
v -6.314266 3.614062 -2.924994
v -6.314266 5.475874 -2.454716
v -6.314266 5.475874 -2.924994
v -7.462595 5.475874 -2.454716
v -7.462595 5.475874 -2.924994
v -7.462595 3.614062 -2.454716
v -7.462595 3.614062 -2.924994
v -7.321967 3.842065 -2.603066
v -6.454894 3.842065 -2.603066
v -6.454894 5.247871 -2.603066
v -7.321967 5.247871 -2.603066
v -4.637885 3.614062 -2.454716
v -4.637885 3.614062 -2.924994
v -4.637885 5.475874 -2.454716
v -4.637885 5.475874 -2.924994
v -5.786215 5.475874 -2.454716
v -5.786215 5.475874 -2.924994
v -5.786215 3.614062 -2.454716
v -5.786215 3.614062 -2.924994
v -5.645586 3.842065 -2.603066
v -4.778513 3.842065 -2.603066
v -4.778513 5.247871 -2.603066
v -5.645586 5.247871 -2.603066
v -2.988481 3.614062 -2.454716
v -2.988481 3.614062 -2.924994
v -2.988481 5.475874 -2.454716
v -2.988481 5.475874 -2.924994
v -4.136810 5.475874 -2.454716
v -4.136810 5.475874 -2.924994
v -4.136810 3.614062 -2.454716
v -4.136810 3.614062 -2.924994
v -3.996182 3.842065 -2.603066
v -3.129109 3.842065 -2.603066
v -3.129109 5.247871 -2.603066
v -3.996182 5.247871 -2.603066
v -1.191279 3.614062 -2.454716
v -1.191279 3.614062 -2.924994
v -1.191279 5.475874 -2.454716
v -1.191279 5.475874 -2.924994
v -2.339608 5.475874 -2.454716
v -2.339608 5.475874 -2.924994
v -2.339608 3.614062 -2.454716
v -2.339608 3.614062 -2.924994
v -2.198980 3.842065 -2.603066
v -1.331907 3.842065 -2.603066
v -1.331907 5.247871 -2.603066
v -2.198980 5.247871 -2.603066
v 0.077098 3.614062 7.729486
v 0.547377 3.614062 7.729486
v 0.077098 5.475874 7.729486
v 0.547377 5.475874 7.729486
v 0.077098 5.475874 6.581156
v 0.547377 5.475874 6.581156
v 0.077098 3.614062 6.581156
v 0.547377 3.614062 6.581156
v 0.225449 3.842065 6.721784
v 0.225449 3.842065 7.588857
v 0.225449 5.247871 7.588857
v 0.225449 5.247871 6.721784
v 0.077098 3.614062 4.000303
v 0.547377 3.614062 4.000303
v 0.077098 5.475874 4.000303
v 0.547377 5.475874 4.000303
v 0.077098 5.475874 2.851974
v 0.547377 5.475874 2.851974
v 0.077098 3.614062 2.851974
v 0.547377 3.614062 2.851974
v 0.225449 3.842065 2.992602
v 0.225449 3.842065 3.859675
v 0.225449 5.247871 3.859675
v 0.225449 5.247871 2.992602
v 0.077098 3.614062 5.936318
v 0.547377 3.614062 5.936318
v 0.077098 5.475874 5.936318
v 0.547377 5.475874 5.936318
v 0.077098 5.475874 4.787988
v 0.547377 5.475874 4.787988
v 0.077098 3.614062 4.787988
v 0.547377 3.614062 4.787988
v 0.225449 3.842065 4.928617
v 0.225449 3.842065 5.795690
v 0.225449 5.247871 5.795690
v 0.225449 5.247871 4.928617
v 0.077098 3.614062 2.129499
v 0.547377 3.614062 2.129499
v 0.077098 5.475874 2.129499
v 0.547377 5.475874 2.129499
v 0.077098 5.475874 0.981170
v 0.547377 5.475874 0.981170
v 0.077098 3.614062 0.981170
v 0.547377 3.614062 0.981170
v 0.225449 3.842065 1.121798
v 0.225449 3.842065 1.988871
v 0.225449 5.247871 1.988871
v 0.225449 5.247871 1.121798
v 0.077098 3.614062 0.193485
v 0.547377 3.614062 0.193485
v 0.077098 5.475874 0.193485
v 0.547377 5.475874 0.193485
v 0.077098 5.475874 -0.954845
v 0.547377 5.475874 -0.954845
v 0.077098 3.614062 -0.954845
v 0.547377 3.614062 -0.954845
v 0.225449 3.842065 -0.814217
v 0.225449 3.842065 0.052857
v 0.225449 5.247871 0.052857
v 0.225449 5.247871 -0.814217
v -8.725920 3.614062 -3.892401
v -8.255642 3.614062 -3.892401
v -8.725920 5.475874 -3.892401
v -8.255642 5.475874 -3.892401
v -8.725920 5.475874 -5.250781
v -8.255642 5.475874 -5.250781
v -8.725920 3.614062 -5.250781
v -8.255642 3.614062 -5.250781
v -8.577570 3.842065 -5.084430
v -8.577570 3.842065 -4.058752
v -8.577570 5.247871 -4.058752
v -8.577570 5.247871 -5.084430
v 3.952482 0.481740 10.033867
v 3.952482 0.481740 9.563589
v 3.952482 2.343553 10.033867
v 3.952482 2.343553 9.563589
v 0.665596 2.343553 10.033867
v 0.665596 2.343553 9.563589
v 0.665596 0.481740 10.033867
v 0.665596 0.481740 9.563589
v 1.068119 0.709744 9.885517
v 3.549959 0.709744 9.885517
v 3.549959 2.115550 9.885517
v 1.068119 2.115550 9.885517
v -7.362123 0.497465 -6.715109
v -7.362123 0.497465 -6.244832
v -7.362123 2.359277 -6.715109
v -7.362123 2.359277 -6.244832
v -4.075238 2.359277 -6.715109
v -4.075238 2.359277 -6.244832
v -4.075238 0.497465 -6.715109
v -4.075238 0.497465 -6.244832
v -4.477760 0.725468 -6.566760
v -6.959600 0.725468 -6.566760
v -6.959600 2.131274 -6.566760
v -4.477760 2.131274 -6.566760
vt 0.686173 0.266189
vt 0.622706 0.251541
vt 0.604671 0.085366
vt 0.659988 0.069101
vt 0.325426 0.054298
vt 0.295434 0.022505
vt 0.320083 0.190288
vt 0.281569 0.217422
vt 0.184192 0.925177
vt 0.692782 0.266469
vt 0.653722 0.022325
vt 0.280160 0.014706
vt 0.271608 0.028692
vt 0.320532 0.055698
vt 0.313911 0.201473
vt 0.269128 0.219643
vt 0.646295 0.233778
vt 0.698484 0.260732
vt 0.639259 0.086607
vt 0.681090 0.067782
vt 0.184216 0.925191
vt 0.271564 0.025792
vt 0.265771 0.261378
vt 0.707105 0.260839
vt 0.606364 0.066065
vt 0.569848 0.100430
vt 0.407807 0.106297
vt 0.373172 0.076198
vt 0.402964 0.188023
vt 0.366665 0.217966
vt 0.564524 0.191918
vt 0.598941 0.226439
vt 0.524066 0.520370
vt 0.608460 0.046211
vt 0.373527 0.061679
vt 0.364415 0.240939
vt 0.420833 0.053231
vt 0.474978 0.090225
vt 0.483516 0.199404
vt 0.454519 0.248483
vt 0.529491 0.198275
vt 0.570238 0.234288
vt 0.528639 0.091075
vt 0.571971 0.040763
vt 0.524073 0.520382
vt 0.357899 0.033935
vt 0.438190 0.253195
vt 0.614977 0.253235
vt 0.606354 0.066059
vt 0.569842 0.100429
vt 0.407802 0.106316
vt 0.373164 0.076222
vt 0.402969 0.188044
vt 0.366675 0.217991
vt 0.564530 0.191918
vt 0.598951 0.226435
vt 0.524070 0.520376
vt 0.608448 0.046205
vt 0.373516 0.061703
vt 0.364428 0.240964
vt 0.606354 0.066059
vt 0.569842 0.100429
vt 0.407802 0.106317
vt 0.373163 0.076223
vt 0.402969 0.188044
vt 0.366675 0.217991
vt 0.564530 0.191917
vt 0.598952 0.226434
vt 0.524062 0.520363
vt 0.608447 0.046205
vt 0.373516 0.061703
vt 0.364428 0.240965
vt 0.606365 0.066065
vt 0.569849 0.100430
vt 0.407808 0.106293
vt 0.373174 0.076194
vt 0.402963 0.188020
vt 0.366664 0.217962
vt 0.564523 0.191917
vt 0.598939 0.226439
vt 0.524057 0.520356
vt 0.608462 0.046211
vt 0.373528 0.061675
vt 0.364413 0.240935
vt 0.606355 0.066062
vt 0.569843 0.100431
vt 0.407803 0.106315
vt 0.373165 0.076220
vt 0.402968 0.188042
vt 0.366673 0.217989
vt 0.564529 0.191920
vt 0.598949 0.226437
vt 0.524072 0.520380
vt 0.608450 0.046208
vt 0.373518 0.061701
vt 0.364426 0.240962
vt 0.606311 0.065992
vt 0.569818 0.100383
vt 0.407781 0.106360
vt 0.373126 0.076285
vt 0.402994 0.188090
vt 0.366716 0.218058
vt 0.564557 0.191874
vt 0.598997 0.226372
vt 0.524067 0.520373
vt 0.608394 0.046138
vt 0.373471 0.061766
vt 0.364482 0.241032
vt 0.606349 0.066051
vt 0.569840 0.100424
vt 0.407800 0.106321
vt 0.373159 0.076230
vt 0.402972 0.188049
vt 0.366680 0.217999
vt 0.564533 0.191913
vt 0.598956 0.226427
vt 0.524053 0.520349
vt 0.608442 0.046198
vt 0.373511 0.061710
vt 0.364434 0.240972
vt 0.606342 0.066040
vt 0.569836 0.100416
vt 0.407796 0.106328
vt 0.373153 0.076240
vt 0.402976 0.188057
vt 0.366687 0.218010
vt 0.564538 0.191906
vt 0.598964 0.226417
vt 0.524042 0.520332
vt 0.608433 0.046186
vt 0.373503 0.061721
vt 0.364443 0.240984
vt 0.408878 0.023691
vt 0.443258 0.060193
vt 0.449192 0.222231
vt 0.419107 0.256878
vt 0.530920 0.227041
vt 0.560878 0.263327
vt 0.534748 0.065479
vt 0.569255 0.031048
vt 0.524071 0.520378
vt 0.389024 0.021602
vt 0.404588 0.256530
vt 0.583852 0.265567
vt 0.607096 0.076842
vt 0.573854 0.106719
vt 0.414155 0.097906
vt 0.383350 0.061241
vt 0.404933 0.190920
vt 0.366536 0.220823
vt 0.570996 0.194435
vt 0.608023 0.224534
vt 0.524061 0.520360
vt 0.608344 0.055064
vt 0.384708 0.047866
vt 0.364507 0.239304
vt 0.609322 0.071017
vt 0.566925 0.108461
vt 0.399998 0.109043
vt 0.362572 0.080402
vt 0.398336 0.187794
vt 0.363852 0.215634
vt 0.561092 0.192395
vt 0.595614 0.226127
vt 0.524041 0.520330
vt 0.611342 0.048355
vt 0.362366 0.065238
vt 0.361534 0.238814
vt 0.606200 0.069178
vt 0.569906 0.099126
vt 0.408345 0.095252
vt 0.373924 0.060736
vt 0.403033 0.186741
vt 0.366522 0.221111
vt 0.565074 0.180853
vt 0.599712 0.210947
vt 0.524046 0.520336
vt 0.608447 0.046205
vt 0.374276 0.046217
vt 0.364428 0.240965
vt 0.605691 0.074833
vt 0.572709 0.104997
vt 0.412939 0.097566
vt 0.381819 0.061169
vt 0.404523 0.190656
vt 0.366386 0.220889
vt 0.570610 0.192734
vt 0.607896 0.222511
vt 0.524062 0.520363
vt 0.606750 0.053045
vt 0.383061 0.047782
vt 0.364517 0.239388
vt 0.606202 0.069181
vt 0.569907 0.099127
vt 0.408346 0.095251
vt 0.373926 0.060733
vt 0.403033 0.186739
vt 0.366520 0.221109
vt 0.565073 0.180855
vt 0.599711 0.210949
vt 0.524044 0.520334
vt 0.608449 0.046207
vt 0.374278 0.046214
vt 0.364426 0.240962
vt 0.609310 0.070997
vt 0.566919 0.108447
vt 0.399993 0.109057
vt 0.362562 0.080423
vt 0.398343 0.187809
vt 0.363864 0.215655
vt 0.561100 0.192382
vt 0.595628 0.226109
vt 0.523153 0.518904
vt 0.611326 0.048334
vt 0.362353 0.065259
vt 0.361550 0.238835
vt 0.419038 0.023385
vt 0.449010 0.056542
vt 0.440648 0.216265
vt 0.404070 0.247173
vt 0.533687 0.225224
vt 0.563698 0.263537
vt 0.536733 0.059152
vt 0.566727 0.022041
vt 0.524045 0.520336
vt 0.397257 0.022198
vt 0.390691 0.245853
vt 0.582185 0.265513
vt 0.416073 0.017729
vt 0.443685 0.053057
vt 0.443488 0.225184
vt 0.413197 0.258973
vt 0.522190 0.230389
vt 0.548824 0.266967
vt 0.527363 0.055480
vt 0.556355 0.019280
vt 0.524059 0.520360
vt 0.395486 0.017147
vt 0.395494 0.258282
vt 0.577390 0.270023
vt 0.606981 0.064374
vt 0.571712 0.098764
vt 0.407397 0.107846
vt 0.373446 0.078824
vt 0.403250 0.189369
vt 0.367703 0.218259
vt 0.567797 0.192487
vt 0.602238 0.226136
vt 0.524049 0.520341
vt 0.607639 0.046119
vt 0.373680 0.063502
vt 0.365236 0.241051
vt 0.419755 0.031676
vt 0.453293 0.069599
vt 0.442176 0.210523
vt 0.405160 0.249016
vt 0.520129 0.217648
vt 0.553101 0.255719
vt 0.531539 0.076682
vt 0.569040 0.038267
vt 0.524052 0.520348
vt 0.390426 0.021104
vt 0.390486 0.250111
vt 0.582450 0.266066
vt 0.584009 0.074244
vt 0.545735 0.110872
vt 0.420110 0.117107
vt 0.376199 0.092732
vt 0.422351 0.177623
vt 0.389071 0.209700
vt 0.543689 0.173543
vt 0.581259 0.206980
vt 0.524063 0.520365
vt 0.602883 0.037466
vt 0.369992 0.037448
vt 0.375602 0.249721
vt 0.419609 0.031671
vt 0.453195 0.069581
vt 0.442309 0.210687
vt 0.405582 0.249403
vt 0.520247 0.217695
vt 0.553263 0.255749
vt 0.531426 0.076551
vt 0.568648 0.037924
vt 0.524065 0.520367
vt 0.390655 0.020849
vt 0.390897 0.250634
vt 0.582221 0.266321
vt 0.416685 0.029296
vt 0.448989 0.066544
vt 0.439112 0.213938
vt 0.402584 0.250877
vt 0.523424 0.220602
vt 0.556246 0.257680
vt 0.533036 0.073275
vt 0.569139 0.036211
vt 0.249283 0.455243
vt 0.390899 0.022087
vt 0.390866 0.250547
vt 0.582009 0.265083
vt 0.418667 0.031155
vt 0.451851 0.068740
vt 0.441550 0.212009
vt 0.404997 0.249986
vt 0.521484 0.218779
vt 0.554150 0.256456
vt 0.532037 0.075531
vt 0.569078 0.037726
vt 0.249289 0.455239
vt 0.390704 0.021325
vt 0.390777 0.251244
vt 0.582169 0.265845
vt 0.606808 0.064112
vt 0.571614 0.098578
vt 0.407320 0.108018
vt 0.373305 0.079070
vt 0.403350 0.189550
vt 0.367866 0.218518
vt 0.567904 0.192310
vt 0.602417 0.225884
vt 0.249302 0.455231
vt 0.607427 0.045855
vt 0.373505 0.063748
vt 0.365449 0.241315
vt 0.583901 0.074074
vt 0.545829 0.110765
vt 0.420170 0.117199
vt 0.376267 0.092964
vt 0.422453 0.177729
vt 0.389430 0.209850
vt 0.543752 0.173448
vt 0.581245 0.206798
vt 0.249255 0.455260
vt 0.602970 0.037300
vt 0.369906 0.037292
vt 0.376144 0.249878
vt 0.415648 0.035547
vt 0.450443 0.072235
vt 0.445303 0.211552
vt 0.409155 0.251866
vt 0.521746 0.214953
vt 0.557140 0.251458
vt 0.526566 0.075704
vt 0.562187 0.035364
vt 0.249299 0.455232
vt 0.384468 0.025508
vt 0.395183 0.251906
vt 0.588407 0.261661
vt 0.395774 0.227417
vt 0.431774 0.186656
vt 0.538972 0.185768
vt 0.589300 0.229082
vt 0.539804 0.132106
vt 0.576779 0.077949
vt 0.430629 0.140682
vt 0.381539 0.111702
vt 0.249280 0.455245
vt 0.376843 0.272162
vt 0.590645 0.244054
vt 0.596054 0.015008
vt 0.606354 0.066060
vt 0.569843 0.100430
vt 0.407802 0.106316
vt 0.373164 0.076221
vt 0.402969 0.188043
vt 0.366675 0.217990
vt 0.564530 0.191918
vt 0.598951 0.226435
vt 0.249301 0.455232
vt 0.608449 0.046206
vt 0.373517 0.061702
vt 0.364427 0.240964
vt 0.372800 0.219011
vt 0.408497 0.185879
vt 0.560254 0.190263
vt 0.597456 0.224970
vt 0.564160 0.101651
vt 0.599711 0.068074
vt 0.412422 0.097479
vt 0.375000 0.063195
vt 0.249242 0.455268
vt 0.368348 0.242419
vt 0.597341 0.235561
vt 0.604528 0.044750
vt 0.565364 0.245718
vt 0.527431 0.214119
vt 0.504751 0.070199
vt 0.524485 0.034109
vt 0.436596 0.079228
vt 0.407999 0.053180
vt 0.454251 0.220239
vt 0.429739 0.254501
vt 0.249307 0.455228
vt 0.585181 0.244449
vt 0.537539 0.031916
vt 0.387694 0.054260
vt 0.570239 0.234287
vt 0.529491 0.198274
vt 0.528639 0.091075
vt 0.571970 0.040763
vt 0.474977 0.090225
vt 0.420833 0.053232
vt 0.483516 0.199404
vt 0.454519 0.248483
vt 0.249299 0.455233
vt 0.614977 0.253234
vt 0.586943 0.039422
vt 0.357898 0.033935
vt 0.559059 0.266437
vt 0.521597 0.224057
vt 0.520942 0.057130
vt 0.549567 0.019692
vt 0.442190 0.055502
vt 0.414335 0.021031
vt 0.437660 0.218260
vt 0.403943 0.252797
vt 0.249275 0.455248
vt 0.581722 0.268447
vt 0.564731 0.019479
vt 0.391154 0.018723
vt 0.606354 0.066059
vt 0.569842 0.100429
vt 0.407802 0.106316
vt 0.373164 0.076222
vt 0.402969 0.188043
vt 0.366675 0.217991
vt 0.564530 0.191918
vt 0.598951 0.226435
vt 0.249279 0.455245
vt 0.608448 0.046206
vt 0.373516 0.061702
vt 0.364427 0.240964
vt 0.559019 0.266461
vt 0.521571 0.224068
vt 0.520970 0.057142
vt 0.549607 0.019712
vt 0.442219 0.055487
vt 0.414375 0.021007
vt 0.437636 0.218244
vt 0.403908 0.252770
vt 0.249299 0.455232
vt 0.581681 0.268478
vt 0.564771 0.019504
vt 0.391194 0.018692
vt 0.396099 0.209210
vt 0.433080 0.155057
vt 0.542257 0.146495
vt 0.591343 0.175480
vt 0.541118 0.100520
vt 0.577122 0.059764
vt 0.433919 0.101395
vt 0.383597 0.058075
vt 0.524073 0.520382
vt 0.376816 0.272148
vt 0.596058 0.191808
vt 0.596059 0.015022
vt 0.608681 0.069057
vt 0.572955 0.098144
vt 0.405474 0.099870
vt 0.364376 0.067731
vt 0.406063 0.185839
vt 0.372966 0.213717
vt 0.569669 0.191060
vt 0.600824 0.224707
vt 0.249282 0.455244
vt 0.609649 0.051244
vt 0.363227 0.051315
vt 0.372341 0.235726
vt 0.411288 0.022483
vt 0.440629 0.058046
vt 0.442247 0.224231
vt 0.409512 0.264595
vt 0.529233 0.224242
vt 0.557446 0.257364
vt 0.534323 0.061340
vt 0.568309 0.030335
vt 0.249286 0.455240
vt 0.393480 0.021483
vt 0.393552 0.265687
vt 0.579395 0.257792
vt 0.415792 0.029892
vt 0.448364 0.066848
vt 0.439620 0.214328
vt 0.403359 0.251512
vt 0.523969 0.220343
vt 0.557069 0.257115
vt 0.532440 0.072943
vt 0.568269 0.035640
vt 0.249309 0.455226
vt 0.389919 0.022922
vt 0.391459 0.251154
vt 0.582957 0.264248
vt 0.607619 0.068292
vt 0.572277 0.097194
vt 0.405144 0.098810
vt 0.365123 0.066267
vt 0.404926 0.186931
vt 0.371776 0.215320
vt 0.569272 0.190611
vt 0.600194 0.223970
vt 0.249286 0.455240
vt 0.608656 0.050848
vt 0.364219 0.050672
vt 0.371458 0.236498
vt 0.371494 0.238052
vt 0.421989 0.223618
vt 0.581128 0.199225
vt 0.608846 0.238191
vt 0.573713 0.069148
vt 0.611633 0.046677
vt 0.398412 0.099152
vt 0.362446 0.073499
vt 0.230109 0.455246
vt 0.367497 0.247861
vt 0.608766 0.248091
vt 0.611880 0.039078
vt 0.282699 0.020320
vt 0.330657 0.051850
vt 0.340341 0.197859
vt 0.299958 0.217722
vt 0.646449 0.232101
vt 0.690845 0.263263
vt 0.652044 0.090840
vt 0.695259 0.072413
vt 0.184693 0.925461
vt 0.275383 0.020232
vt 0.304208 0.259185
vt 0.697492 0.266937
vt 0.296612 0.049985
vt 0.345512 0.072004
vt 0.317115 0.154520
vt 0.234295 0.161124
vt 0.655683 0.214739
vt 0.722755 0.233838
vt 0.664533 0.129665
vt 0.726996 0.119403
vt 0.184207 0.925186
vt 0.265617 0.047074
vt 0.211921 0.240096
vt 0.760954 0.240070
vt 0.524564 0.924883
vt 0.695025 0.020238
vt 0.523543 0.324868
vt 0.183673 0.325446
vt 0.230157 0.795117
vt 0.360995 0.057992
vt 0.478127 0.795083
vt 0.478080 0.455212
vt 0.249325 0.795112
vt 0.599944 0.235392
vt 0.458951 0.795088
vt 0.458912 0.455217
vt 0.249301 0.795098
vt 0.581182 0.034655
vt 0.458929 0.795102
vt 0.458935 0.455231
vt 0.249325 0.795112
vt 0.579381 0.030824
vt 0.458952 0.795087
vt 0.458912 0.455216
vt 0.249330 0.795114
vt 0.600477 0.235926
vt 0.458956 0.795085
vt 0.458908 0.455214
vt 0.184203 0.520320
vt 0.382253 0.043102
vt 0.184165 0.729946
vt 0.524035 0.730008
vt 0.249312 0.795104
vt 0.391226 0.251691
vt 0.458938 0.795096
vt 0.458926 0.455225
vt 0.249332 0.795116
vt 0.598598 0.240954
vt 0.458958 0.795083
vt 0.458904 0.455212
vt 0.249338 0.795119
vt 0.391261 0.251722
vt 0.458962 0.795081
vt 0.458902 0.455210
vt 0.249313 0.795105
vt 0.438190 0.253195
vt 0.458939 0.795095
vt 0.458925 0.455224
vt 0.249306 0.795100
vt 0.418656 0.255254
vt 0.458931 0.795100
vt 0.458932 0.455229
vt 0.249370 0.795139
vt 0.373810 0.051834
vt 0.458995 0.795060
vt 0.458867 0.455189
vt 0.249311 0.795103
vt 0.598598 0.240955
vt 0.458937 0.795097
vt 0.458926 0.455225
vt 0.249333 0.795116
vt 0.376822 0.095375
vt 0.458958 0.795084
vt 0.458906 0.455212
vt 0.249312 0.795104
vt 0.577422 0.033500
vt 0.458938 0.795096
vt 0.458926 0.455224
vt 0.249356 0.795131
vt 0.584476 0.222302
vt 0.458983 0.795068
vt 0.458881 0.455197
vt 0.249309 0.795102
vt 0.602447 0.240743
vt 0.458935 0.795097
vt 0.458929 0.455226
vt 0.249323 0.795110
vt 0.582171 0.038264
vt 0.458949 0.795089
vt 0.458914 0.455218
vt 0.249330 0.795114
vt 0.581913 0.035206
vt 0.458955 0.795085
vt 0.458908 0.455214
vt 0.184193 0.520335
vt 0.582059 0.038422
vt 0.184174 0.729961
vt 0.524045 0.729993
vt 0.184192 0.520338
vt 0.585030 0.221955
vt 0.184174 0.729964
vt 0.524046 0.729991
vt 0.184181 0.520354
vt 0.582397 0.038851
vt 0.184184 0.729980
vt 0.524056 0.729974
vt 0.184177 0.520362
vt 0.602235 0.240996
vt 0.184189 0.729988
vt 0.524061 0.729966
vt 0.184188 0.520343
vt 0.569797 0.019141
vt 0.184178 0.729968
vt 0.524049 0.729986
vt 0.184173 0.520367
vt 0.580229 0.021657
vt 0.184192 0.729993
vt 0.524063 0.729961
vt 0.183294 0.521806
vt 0.594550 0.238790
vt 0.185084 0.731425
vt 0.524943 0.728522
vt 0.184173 0.520368
vt 0.599358 0.225469
vt 0.184194 0.729994
vt 0.524065 0.729960
vt 0.184191 0.520340
vt 0.608358 0.236010
vt 0.184176 0.729965
vt 0.524047 0.729989
vt 0.184174 0.520366
vt 0.599360 0.225466
vt 0.184192 0.729992
vt 0.524063 0.729963
vt 0.184170 0.520372
vt 0.594533 0.238808
vt 0.184197 0.729998
vt 0.524068 0.729956
vt 0.184189 0.520342
vt 0.608368 0.238036
vt 0.184177 0.729968
vt 0.524049 0.729986
vt 0.184200 0.520324
vt 0.583775 0.031396
vt 0.184167 0.729950
vt 0.524037 0.730004
vt 0.184171 0.520370
vt 0.598614 0.240936
vt 0.184195 0.729996
vt 0.524066 0.729958
vt 0.184196 0.520330
vt 0.598653 0.240892
vt 0.184169 0.729956
vt 0.524041 0.729999
vt 0.184202 0.520322
vt 0.598597 0.240956
vt 0.184165 0.729948
vt 0.524036 0.730006
vt 0.184186 0.520347
vt 0.598584 0.240958
vt 0.184181 0.729973
vt 0.524052 0.729981
vt 0.184191 0.520339
vt 0.598599 0.240953
vt 0.184176 0.729965
vt 0.524047 0.729989
vt 0.184199 0.520326
vt 0.598598 0.240954
vt 0.184168 0.729952
vt 0.524039 0.730002
vt 0.184203 0.520320
vt 0.586944 0.039423
vt 0.184165 0.729946
vt 0.524035 0.730008
vt 0.184196 0.520332
vt 0.598586 0.240959
vt 0.184171 0.729958
vt 0.524042 0.729996
vt 0.524063 0.925167
vt 0.280094 0.272464
vt 0.524045 0.325151
vt 0.184174 0.325161
vt 0.524078 0.925159
vt 0.747749 0.050598
vt 0.524030 0.325143
vt 0.184159 0.325170
vt 0.184183 0.520353
vt 0.598605 0.240947
vt 0.184184 0.729979
vt 0.524056 0.729975
vt 0.524087 0.925154
vt 0.679613 0.031764
vt 0.524022 0.325137
vt 0.184150 0.325175
vn 1.000000 0.000000 0.000000
vn 1.000000 0.000000 0.000000
vn 1.000000 0.000000 0.000000
vn 1.000000 0.000000 0.000000
vn 0.000000 1.000000 0.000000
vn 0.000000 1.000000 0.000000
vn 0.000000 1.000000 0.000000
vn 0.000000 1.000000 0.000000
vn -1.000000 0.000000 0.000000
vn -1.000000 0.000000 0.000000
vn -1.000000 0.000000 0.000000
vn -1.000000 0.000000 0.000000
vn 0.000000 -1.000000 0.000000
vn 0.000000 -1.000000 0.000000
vn 0.000000 -1.000000 0.000000
vn 0.000000 -1.000000 0.000000
vn 0.000000 0.000000 -1.000000
vn 0.000000 0.000000 -1.000000
vn 0.000000 0.000000 -1.000000
vn 0.000000 0.000000 -1.000000
vn 0.000000 0.000000 1.000000
vn 0.000000 0.000000 1.000000
vn 0.000000 0.000000 1.000000
vn 0.000000 0.000000 1.000000
vn 0.000000 0.545370 0.838196
vn 0.000000 0.545370 0.838196
vn 0.000000 0.545370 0.838196
vn 0.000000 0.545370 0.838196
vn -0.345811 0.000000 0.938304
vn -0.345811 0.000000 0.938304
vn -0.345811 0.000000 0.938304
vn -0.345811 0.000000 0.938304
vn 0.000000 -0.545369 0.838196
vn 0.000000 -0.545369 0.838196
vn 0.000000 -0.545369 0.838196
vn 0.000000 -0.545369 0.838196
vn 0.345811 0.000000 0.938304
vn 0.345811 0.000000 0.938304
vn 0.345811 0.000000 0.938304
vn 0.345811 0.000000 0.938304
vn -1.000000 0.000000 0.000000
vn -1.000000 0.000000 0.000000
vn -1.000000 0.000000 0.000000
vn -1.000000 0.000000 0.000000
vn 0.000000 1.000000 0.000000
vn 0.000000 1.000000 0.000000
vn 0.000000 1.000000 0.000000
vn 0.000000 1.000000 0.000000
vn 1.000000 0.000000 0.000000
vn 1.000000 0.000000 0.000000
vn 1.000000 0.000000 0.000000
vn 1.000000 0.000000 0.000000
vn 0.000000 -1.000000 0.000000
vn 0.000000 -1.000000 0.000000
vn 0.000000 -1.000000 0.000000
vn 0.000000 -1.000000 0.000000
vn 0.000000 0.000000 1.000000
vn 0.000000 0.000000 1.000000
vn 0.000000 0.000000 1.000000
vn 0.000000 0.000000 1.000000
vn 0.000000 0.000000 -1.000000
vn 0.000000 0.000000 -1.000000
vn 0.000000 0.000000 -1.000000
vn 0.000000 0.000000 -1.000000
vn 0.000000 0.545370 -0.838196
vn 0.000000 0.545370 -0.838196
vn 0.000000 0.545370 -0.838196
vn 0.000000 0.545370 -0.838196
vn 0.345812 0.000000 -0.938304
vn 0.345812 0.000000 -0.938304
vn 0.345812 0.000000 -0.938304
vn 0.345812 0.000000 -0.938304
vn 0.000000 -0.545369 -0.838196
vn 0.000000 -0.545369 -0.838196
vn 0.000000 -0.545369 -0.838196
vn 0.000000 -0.545369 -0.838196
vn -0.345812 0.000000 -0.938304
vn -0.345812 0.000000 -0.938304
vn -0.345812 0.000000 -0.938304
vn -0.345812 0.000000 -0.938304
vn -1.000000 0.000000 0.000000
vn -1.000000 0.000000 0.000000
vn -1.000000 0.000000 0.000000
vn -1.000000 0.000000 0.000000
vn 0.000000 1.000000 0.000000
vn 0.000000 1.000000 0.000000
vn 0.000000 1.000000 0.000000
vn 0.000000 1.000000 0.000000
vn 1.000000 0.000000 0.000000
vn 1.000000 0.000000 0.000000
vn 1.000000 0.000000 0.000000
vn 1.000000 0.000000 0.000000
vn 0.000000 -1.000000 0.000000
vn 0.000000 -1.000000 0.000000
vn 0.000000 -1.000000 0.000000
vn 0.000000 -1.000000 0.000000
vn 0.000000 0.000000 1.000000
vn 0.000000 0.000000 1.000000
vn 0.000000 0.000000 1.000000
vn 0.000000 0.000000 1.000000
vn 0.000000 0.000000 -1.000000
vn 0.000000 0.000000 -1.000000
vn 0.000000 0.000000 -1.000000
vn 0.000000 0.000000 -1.000000
vn 0.000000 0.545370 -0.838196
vn 0.000000 0.545370 -0.838196
vn 0.000000 0.545370 -0.838196
vn 0.000000 0.545370 -0.838196
vn 0.725742 0.000000 -0.687967
vn 0.725742 0.000000 -0.687967
vn 0.725742 0.000000 -0.687967
vn 0.725742 0.000000 -0.687967
vn 0.000000 -0.545369 -0.838196
vn 0.000000 -0.545369 -0.838196
vn 0.000000 -0.545369 -0.838196
vn 0.000000 -0.545369 -0.838196
vn -0.725743 0.000000 -0.687966
vn -0.725743 0.000000 -0.687966
vn -0.725743 0.000000 -0.687966
vn -0.725743 0.000000 -0.687966
vn -1.000000 0.000000 0.000000
vn -1.000000 0.000000 0.000000
vn -1.000000 0.000000 0.000000
vn -1.000000 0.000000 0.000000
vn 0.000000 1.000000 0.000000
vn 0.000000 1.000000 0.000000
vn 0.000000 1.000000 0.000000
vn 0.000000 1.000000 0.000000
vn 1.000000 0.000000 0.000000
vn 1.000000 0.000000 0.000000
vn 1.000000 0.000000 0.000000
vn 1.000000 0.000000 0.000000
vn 0.000000 -1.000000 0.000000
vn 0.000000 -1.000000 0.000000
vn 0.000000 -1.000000 0.000000
vn 0.000000 -1.000000 0.000000
vn 0.000000 0.000000 1.000000
vn 0.000000 0.000000 1.000000
vn 0.000000 0.000000 1.000000
vn 0.000000 0.000000 1.000000
vn 0.000000 0.000000 -1.000000
vn 0.000000 0.000000 -1.000000
vn 0.000000 0.000000 -1.000000
vn 0.000000 0.000000 -1.000000
vn 0.000000 0.545370 -0.838196
vn 0.000000 0.545370 -0.838196
vn 0.000000 0.545370 -0.838196
vn 0.000000 0.545370 -0.838196
vn 0.725742 0.000000 -0.687967
vn 0.725742 0.000000 -0.687967
vn 0.725742 0.000000 -0.687967
vn 0.725742 0.000000 -0.687967
vn 0.000000 -0.545369 -0.838196
vn 0.000000 -0.545369 -0.838196
vn 0.000000 -0.545369 -0.838196
vn 0.000000 -0.545369 -0.838196
vn -0.725742 0.000000 -0.687967
vn -0.725742 0.000000 -0.687967
vn -0.725742 0.000000 -0.687967
vn -0.725742 0.000000 -0.687967
vn -1.000000 0.000000 0.000000
vn -1.000000 0.000000 0.000000
vn -1.000000 0.000000 0.000000
vn -1.000000 0.000000 0.000000
vn 0.000000 1.000000 0.000000
vn 0.000000 1.000000 0.000000
vn 0.000000 1.000000 0.000000
vn 0.000000 1.000000 0.000000
vn 1.000000 0.000000 0.000000
vn 1.000000 0.000000 0.000000
vn 1.000000 0.000000 0.000000
vn 1.000000 0.000000 0.000000
vn 0.000000 -1.000000 0.000000
vn 0.000000 -1.000000 0.000000
vn 0.000000 -1.000000 0.000000
vn 0.000000 -1.000000 0.000000
vn 0.000000 0.000000 1.000000
vn 0.000000 0.000000 1.000000
vn 0.000000 0.000000 1.000000
vn 0.000000 0.000000 1.000000
vn 0.000000 0.000000 -1.000000
vn 0.000000 0.000000 -1.000000
vn 0.000000 0.000000 -1.000000
vn 0.000000 0.000000 -1.000000
vn 0.000000 0.545369 -0.838196
vn 0.000000 0.545369 -0.838196
vn 0.000000 0.545369 -0.838196
vn 0.000000 0.545369 -0.838196
vn 0.725743 0.000000 -0.687966
vn 0.725743 0.000000 -0.687966
vn 0.725743 0.000000 -0.687966
vn 0.725743 0.000000 -0.687966
vn 0.000000 -0.545370 -0.838195
vn 0.000000 -0.545370 -0.838195
vn 0.000000 -0.545370 -0.838195
vn 0.000000 -0.545370 -0.838195
vn -0.725742 0.000000 -0.687967
vn -0.725742 0.000000 -0.687967
vn -0.725742 0.000000 -0.687967
vn -0.725742 0.000000 -0.687967
vn -1.000000 0.000000 0.000000
vn -1.000000 0.000000 0.000000
vn -1.000000 0.000000 0.000000
vn -1.000000 0.000000 0.000000
vn 0.000000 1.000000 0.000000
vn 0.000000 1.000000 0.000000
vn 0.000000 1.000000 0.000000
vn 0.000000 1.000000 0.000000
vn 1.000000 0.000000 0.000000
vn 1.000000 0.000000 0.000000
vn 1.000000 0.000000 0.000000
vn 1.000000 0.000000 0.000000
vn 0.000000 -1.000000 0.000000
vn 0.000000 -1.000000 0.000000
vn 0.000000 -1.000000 0.000000
vn 0.000000 -1.000000 0.000000
vn 0.000000 0.000000 1.000000
vn 0.000000 0.000000 1.000000
vn 0.000000 0.000000 1.000000
vn 0.000000 0.000000 1.000000
vn 0.000000 0.000000 -1.000000
vn 0.000000 0.000000 -1.000000
vn 0.000000 0.000000 -1.000000
vn 0.000000 0.000000 -1.000000
vn 0.000000 0.545370 -0.838196
vn 0.000000 0.545370 -0.838196
vn 0.000000 0.545369 -0.838196
vn 0.000000 0.545369 -0.838196
vn 0.725743 0.000000 -0.687966
vn 0.725743 0.000000 -0.687966
vn 0.725743 0.000000 -0.687966
vn 0.725743 0.000000 -0.687966
vn 0.000000 -0.545368 -0.838197
vn 0.000000 -0.545368 -0.838197
vn 0.000000 -0.545368 -0.838197
vn 0.000000 -0.545368 -0.838197
vn -0.725743 0.000000 -0.687966
vn -0.725743 0.000000 -0.687966
vn -0.725743 0.000000 -0.687966
vn -0.725743 0.000000 -0.687966
vn -1.000000 0.000000 0.000000
vn -1.000000 0.000000 0.000000
vn -1.000000 0.000000 0.000000
vn -1.000000 0.000000 0.000000
vn 0.000000 1.000000 0.000000
vn 0.000000 1.000000 0.000000
vn 0.000000 1.000000 0.000000
vn 0.000000 1.000000 0.000000
vn 1.000000 0.000000 0.000000
vn 1.000000 0.000000 0.000000
vn 1.000000 0.000000 0.000000
vn 1.000000 0.000000 0.000000
vn 0.000000 -1.000000 0.000000
vn 0.000000 -1.000000 0.000000
vn 0.000000 -1.000000 0.000000
vn 0.000000 -1.000000 0.000000
vn 0.000000 0.000000 1.000000
vn 0.000000 0.000000 1.000000
vn 0.000000 0.000000 1.000000
vn 0.000000 0.000000 1.000000
vn 0.000000 0.000000 -1.000000
vn 0.000000 0.000000 -1.000000
vn 0.000000 0.000000 -1.000000
vn 0.000000 0.000000 -1.000000
vn 0.000000 0.545370 -0.838196
vn 0.000000 0.545370 -0.838196
vn 0.000000 0.545369 -0.838196
vn 0.000000 0.545369 -0.838196
vn 0.725743 0.000000 -0.687966
vn 0.725743 0.000000 -0.687966
vn 0.725743 0.000000 -0.687966
vn 0.725743 0.000000 -0.687966
vn 0.000000 -0.545368 -0.838197
vn 0.000000 -0.545368 -0.838197
vn 0.000000 -0.545368 -0.838196
vn 0.000000 -0.545368 -0.838196
vn -0.725743 0.000000 -0.687966
vn -0.725743 0.000000 -0.687966
vn -0.725743 0.000000 -0.687966
vn -0.725743 0.000000 -0.687966
vn -1.000000 0.000000 0.000000
vn -1.000000 0.000000 0.000000
vn -1.000000 0.000000 0.000000
vn -1.000000 0.000000 0.000000
vn 0.000000 1.000000 0.000000
vn 0.000000 1.000000 0.000000
vn 0.000000 1.000000 0.000000
vn 0.000000 1.000000 0.000000
vn 1.000000 0.000000 0.000000
vn 1.000000 0.000000 0.000000
vn 1.000000 0.000000 0.000000
vn 1.000000 0.000000 0.000000
vn 0.000000 -1.000000 0.000000
vn 0.000000 -1.000000 0.000000
vn 0.000000 -1.000000 0.000000
vn 0.000000 -1.000000 0.000000
vn 0.000000 0.000000 1.000000
vn 0.000000 0.000000 1.000000
vn 0.000000 0.000000 1.000000
vn 0.000000 0.000000 1.000000
vn 0.000000 0.000000 -1.000000
vn 0.000000 0.000000 -1.000000
vn 0.000000 0.000000 -1.000000
vn 0.000000 0.000000 -1.000000
vn 0.000000 0.545370 -0.838196
vn 0.000000 0.545370 -0.838196
vn 0.000000 0.545370 -0.838196
vn 0.000000 0.545370 -0.838196
vn 0.725742 0.000000 -0.687967
vn 0.725742 0.000000 -0.687967
vn 0.725742 0.000000 -0.687967
vn 0.725742 0.000000 -0.687967
vn 0.000000 -0.545369 -0.838196
vn 0.000000 -0.545369 -0.838196
vn 0.000000 -0.545369 -0.838196
vn 0.000000 -0.545369 -0.838196
vn -0.725742 0.000000 -0.687967
vn -0.725742 0.000000 -0.687967
vn -0.725742 0.000000 -0.687967
vn -0.725742 0.000000 -0.687967
vn -1.000000 0.000000 0.000000
vn -1.000000 0.000000 0.000000
vn -1.000000 0.000000 0.000000
vn -1.000000 0.000000 0.000000
vn 0.000000 1.000000 0.000000
vn 0.000000 1.000000 0.000000
vn 0.000000 1.000000 0.000000
vn 0.000000 1.000000 0.000000
vn 1.000000 0.000000 0.000000
vn 1.000000 0.000000 0.000000
vn 1.000000 0.000000 0.000000
vn 1.000000 0.000000 0.000000
vn 0.000000 -1.000000 0.000000
vn 0.000000 -1.000000 0.000000
vn 0.000000 -1.000000 0.000000
vn 0.000000 -1.000000 0.000000
vn 0.000000 0.000000 1.000000
vn 0.000000 0.000000 1.000000
vn 0.000000 0.000000 1.000000
vn 0.000000 0.000000 1.000000
vn 0.000000 0.000000 -1.000000
vn 0.000000 0.000000 -1.000000
vn 0.000000 0.000000 -1.000000
vn 0.000000 0.000000 -1.000000
vn 0.000000 0.545370 -0.838196
vn 0.000000 0.545370 -0.838196
vn 0.000000 0.545369 -0.838196
vn 0.000000 0.545370 -0.838196
vn 0.725742 0.000000 -0.687967
vn 0.725742 0.000000 -0.687967
vn 0.725742 0.000000 -0.687967
vn 0.725742 0.000000 -0.687967
vn 0.000000 -0.545369 -0.838196
vn 0.000000 -0.545369 -0.838196
vn 0.000000 -0.545369 -0.838196
vn 0.000000 -0.545369 -0.838196
vn -0.725743 0.000000 -0.687966
vn -0.725743 0.000000 -0.687966
vn -0.725743 0.000000 -0.687966
vn -0.725743 0.000000 -0.687966
vn -1.000000 0.000000 0.000000
vn -1.000000 0.000000 0.000000
vn -1.000000 0.000000 0.000000
vn -1.000000 0.000000 0.000000
vn 0.000000 1.000000 0.000000
vn 0.000000 1.000000 0.000000
vn 0.000000 1.000000 0.000000
vn 0.000000 1.000000 0.000000
vn 1.000000 0.000000 0.000000
vn 1.000000 0.000000 0.000000
vn 1.000000 0.000000 0.000000
vn 1.000000 0.000000 0.000000
vn 0.000000 -1.000000 0.000000
vn 0.000000 -1.000000 0.000000
vn 0.000000 -1.000000 0.000000
vn 0.000000 -1.000000 0.000000
vn 0.000000 0.000000 1.000000
vn 0.000000 0.000000 1.000000
vn 0.000000 0.000000 1.000000
vn 0.000000 0.000000 1.000000
vn 0.000000 0.000000 -1.000000
vn 0.000000 0.000000 -1.000000
vn 0.000000 0.000000 -1.000000
vn 0.000000 0.000000 -1.000000
vn 0.000000 0.545369 -0.838196
vn 0.000000 0.545369 -0.838196
vn 0.000000 0.545369 -0.838196
vn 0.000000 0.545369 -0.838196
vn 0.725742 0.000000 -0.687967
vn 0.725742 0.000000 -0.687967
vn 0.725742 0.000000 -0.687967
vn 0.725742 0.000000 -0.687967
vn 0.000000 -0.545370 -0.838196
vn 0.000000 -0.545370 -0.838196
vn 0.000000 -0.545370 -0.838196
vn 0.000000 -0.545370 -0.838196
vn -0.725743 0.000000 -0.687966
vn -0.725743 0.000000 -0.687966
vn -0.725743 0.000000 -0.687966
vn -0.725743 0.000000 -0.687966
vn 0.000000 0.000000 -1.000000
vn 0.000000 0.000000 -1.000000
vn 0.000000 0.000000 -1.000000
vn 0.000000 0.000000 -1.000000
vn 0.000000 1.000000 0.000000
vn 0.000000 1.000000 0.000000
vn 0.000000 1.000000 0.000000
vn 0.000000 1.000000 0.000000
vn 0.000000 0.000000 1.000000
vn 0.000000 0.000000 1.000000
vn 0.000000 0.000000 1.000000
vn 0.000000 0.000000 1.000000
vn 0.000000 -1.000000 0.000000
vn 0.000000 -1.000000 0.000000
vn 0.000000 -1.000000 0.000000
vn 0.000000 -1.000000 0.000000
vn -1.000000 0.000000 0.000000
vn -1.000000 0.000000 0.000000
vn -1.000000 0.000000 0.000000
vn -1.000000 0.000000 0.000000
vn 1.000000 0.000000 0.000000
vn 1.000000 0.000000 0.000000
vn 1.000000 0.000000 0.000000
vn 1.000000 0.000000 0.000000
vn 0.838196 0.545370 0.000000
vn 0.838196 0.545370 0.000000
vn 0.838196 0.545370 0.000000
vn 0.838196 0.545370 0.000000
vn 0.687968 0.000000 0.725741
vn 0.687968 0.000000 0.725741
vn 0.687968 0.000000 0.725741
vn 0.687968 0.000000 0.725741
vn 0.838196 -0.545369 0.000000
vn 0.838196 -0.545370 0.000000
vn 0.838196 -0.545369 0.000000
vn 0.838196 -0.545369 0.000000
vn 0.687967 0.000000 -0.725742
vn 0.687967 0.000000 -0.725742
vn 0.687967 0.000000 -0.725742
vn 0.687967 0.000000 -0.725742
vn 0.000000 0.000000 -1.000000
vn 0.000000 0.000000 -1.000000
vn 0.000000 0.000000 -1.000000
vn 0.000000 0.000000 -1.000000
vn 0.000000 1.000000 0.000000
vn 0.000000 1.000000 0.000000
vn 0.000000 1.000000 0.000000
vn 0.000000 1.000000 0.000000
vn 0.000000 0.000000 1.000000
vn 0.000000 0.000000 1.000000
vn 0.000000 0.000000 1.000000
vn 0.000000 0.000000 1.000000
vn 0.000000 -1.000000 0.000000
vn 0.000000 -1.000000 0.000000
vn 0.000000 -1.000000 0.000000
vn 0.000000 -1.000000 0.000000
vn -1.000000 0.000000 0.000000
vn -1.000000 0.000000 0.000000
vn -1.000000 0.000000 0.000000
vn -1.000000 0.000000 0.000000
vn 1.000000 0.000000 0.000000
vn 1.000000 0.000000 0.000000
vn 1.000000 0.000000 0.000000
vn 1.000000 0.000000 0.000000
vn 0.838196 0.545369 0.000000
vn 0.838196 0.545369 0.000000
vn 0.838196 0.545369 0.000000
vn 0.838196 0.545369 0.000000
vn 0.687967 0.000000 0.725742
vn 0.687967 0.000000 0.725742
vn 0.687967 0.000000 0.725742
vn 0.687967 0.000000 0.725742
vn 0.838195 -0.545370 0.000000
vn 0.838195 -0.545370 0.000000
vn 0.838195 -0.545370 0.000000
vn 0.838195 -0.545370 0.000000
vn 0.687967 0.000000 -0.725742
vn 0.687967 0.000000 -0.725742
vn 0.687967 0.000000 -0.725742
vn 0.687967 0.000000 -0.725742
vn 0.000000 0.000000 -1.000000
vn 0.000000 0.000000 -1.000000
vn 0.000000 0.000000 -1.000000
vn 0.000000 0.000000 -1.000000
vn 0.000000 1.000000 0.000000
vn 0.000000 1.000000 0.000000
vn 0.000000 1.000000 0.000000
vn 0.000000 1.000000 0.000000
vn 0.000000 0.000000 1.000000
vn 0.000000 0.000000 1.000000
vn 0.000000 0.000000 1.000000
vn 0.000000 0.000000 1.000000
vn 0.000000 -1.000000 0.000000
vn 0.000000 -1.000000 0.000000
vn 0.000000 -1.000000 0.000000
vn 0.000000 -1.000000 0.000000
vn -1.000000 0.000000 0.000000
vn -1.000000 0.000000 0.000000
vn -1.000000 0.000000 0.000000
vn -1.000000 0.000000 0.000000
vn 1.000000 0.000000 0.000000
vn 1.000000 0.000000 0.000000
vn 1.000000 0.000000 0.000000
vn 1.000000 0.000000 0.000000
vn 0.838195 0.545370 0.000000
vn 0.838195 0.545370 0.000000
vn 0.838195 0.545370 0.000000
vn 0.838195 0.545370 0.000000
vn 0.687968 0.000000 0.725741
vn 0.687968 0.000000 0.725741
vn 0.687968 0.000000 0.725741
vn 0.687968 0.000000 0.725741
vn 0.838196 -0.545369 0.000000
vn 0.838196 -0.545370 0.000000
vn 0.838196 -0.545369 0.000000
vn 0.838196 -0.545369 0.000000
vn 0.687967 0.000000 -0.725742
vn 0.687967 0.000000 -0.725742
vn 0.687967 0.000000 -0.725742
vn 0.687967 0.000000 -0.725742
vn 0.000000 0.000000 -1.000000
vn 0.000000 0.000000 -1.000000
vn 0.000000 0.000000 -1.000000
vn 0.000000 0.000000 -1.000000
vn 0.000000 1.000000 0.000000
vn 0.000000 1.000000 0.000000
vn 0.000000 1.000000 0.000000
vn 0.000000 1.000000 0.000000
vn 0.000000 0.000000 1.000000
vn 0.000000 0.000000 1.000000
vn 0.000000 0.000000 1.000000
vn 0.000000 0.000000 1.000000
vn 0.000000 -1.000000 0.000000
vn 0.000000 -1.000000 0.000000
vn 0.000000 -1.000000 0.000000
vn 0.000000 -1.000000 0.000000
vn -1.000000 0.000000 0.000000
vn -1.000000 0.000000 0.000000
vn -1.000000 0.000000 0.000000
vn -1.000000 0.000000 0.000000
vn 1.000000 0.000000 0.000000
vn 1.000000 0.000000 0.000000
vn 1.000000 0.000000 0.000000
vn 1.000000 0.000000 0.000000
vn 0.838196 0.545370 0.000000
vn 0.838196 0.545370 0.000000
vn 0.838196 0.545370 0.000000
vn 0.838196 0.545370 0.000000
vn 0.687967 0.000000 0.725742
vn 0.687967 0.000000 0.725742
vn 0.687967 0.000000 0.725742
vn 0.687967 0.000000 0.725742
vn 0.838195 -0.545370 0.000000
vn 0.838195 -0.545370 0.000000
vn 0.838195 -0.545370 0.000000
vn 0.838195 -0.545370 0.000000
vn 0.687967 0.000000 -0.725742
vn 0.687967 0.000000 -0.725742
vn 0.687967 0.000000 -0.725742
vn 0.687967 0.000000 -0.725742
vn 0.000000 0.000000 -1.000000
vn 0.000000 0.000000 -1.000000
vn 0.000000 0.000000 -1.000000
vn 0.000000 0.000000 -1.000000
vn 0.000000 1.000000 0.000000
vn 0.000000 1.000000 0.000000
vn 0.000000 1.000000 0.000000
vn 0.000000 1.000000 0.000000
vn 0.000000 0.000000 1.000000
vn 0.000000 0.000000 1.000000
vn 0.000000 0.000000 1.000000
vn 0.000000 0.000000 1.000000
vn 0.000000 -1.000000 0.000000
vn 0.000000 -1.000000 0.000000
vn 0.000000 -1.000000 0.000000
vn 0.000000 -1.000000 0.000000
vn -1.000000 0.000000 0.000000
vn -1.000000 0.000000 0.000000
vn -1.000000 0.000000 0.000000
vn -1.000000 0.000000 0.000000
vn 1.000000 0.000000 0.000000
vn 1.000000 0.000000 0.000000
vn 1.000000 0.000000 0.000000
vn 1.000000 0.000000 0.000000
vn 0.838195 0.545371 0.000000
vn 0.838195 0.545371 0.000000
vn 0.838195 0.545371 0.000000
vn 0.838195 0.545371 0.000000
vn 0.687966 0.000000 0.725743
vn 0.687966 0.000000 0.725743
vn 0.687966 0.000000 0.725743
vn 0.687966 0.000000 0.725743
vn 0.838195 -0.545370 0.000000
vn 0.838195 -0.545370 0.000000
vn 0.838196 -0.545370 0.000000
vn 0.838196 -0.545370 0.000000
vn 0.687967 0.000000 -0.725742
vn 0.687967 0.000000 -0.725742
vn 0.687967 0.000000 -0.725742
vn 0.687967 0.000000 -0.725742
vn 0.000000 0.000000 -1.000000
vn 0.000000 0.000000 -1.000000
vn 0.000000 0.000000 -1.000000
vn 0.000000 0.000000 -1.000000
vn 0.000000 1.000000 0.000000
vn 0.000000 1.000000 0.000000
vn 0.000000 1.000000 0.000000
vn 0.000000 1.000000 0.000000
vn 0.000000 0.000000 1.000000
vn 0.000000 0.000000 1.000000
vn 0.000000 0.000000 1.000000
vn 0.000000 0.000000 1.000000
vn 0.000000 -1.000000 0.000000
vn 0.000000 -1.000000 0.000000
vn 0.000000 -1.000000 0.000000
vn 0.000000 -1.000000 0.000000
vn -1.000000 0.000000 0.000000
vn -1.000000 0.000000 0.000000
vn -1.000000 0.000000 0.000000
vn -1.000000 0.000000 0.000000
vn 1.000000 0.000000 0.000000
vn 1.000000 0.000000 0.000000
vn 1.000000 0.000000 0.000000
vn 1.000000 0.000000 0.000000
vn 0.838196 0.545369 0.000000
vn 0.838196 0.545369 0.000000
vn 0.838196 0.545369 0.000000
vn 0.838196 0.545369 0.000000
vn 0.687967 0.000000 0.725742
vn 0.687967 0.000000 0.725742
vn 0.687967 0.000000 0.725742
vn 0.687967 0.000000 0.725742
vn 0.838196 -0.545369 0.000000
vn 0.838196 -0.545369 0.000000
vn 0.838196 -0.545369 0.000000
vn 0.838196 -0.545369 0.000000
vn 0.687967 0.000000 -0.725742
vn 0.687967 0.000000 -0.725742
vn 0.687967 0.000000 -0.725742
vn 0.687967 0.000000 -0.725742
vn 0.000000 0.000000 -1.000000
vn 0.000000 0.000000 -1.000000
vn 0.000000 0.000000 -1.000000
vn 0.000000 0.000000 -1.000000
vn 0.000000 1.000000 0.000000
vn 0.000000 1.000000 0.000000
vn 0.000000 1.000000 0.000000
vn 0.000000 1.000000 0.000000
vn 0.000000 0.000000 1.000000
vn 0.000000 0.000000 1.000000
vn 0.000000 0.000000 1.000000
vn 0.000000 0.000000 1.000000
vn 0.000000 -1.000000 0.000000
vn 0.000000 -1.000000 0.000000
vn 0.000000 -1.000000 0.000000
vn 0.000000 -1.000000 0.000000
vn -1.000000 0.000000 0.000000
vn -1.000000 0.000000 0.000000
vn -1.000000 0.000000 0.000000
vn -1.000000 0.000000 0.000000
vn 1.000000 0.000000 0.000000
vn 1.000000 0.000000 0.000000
vn 1.000000 0.000000 0.000000
vn 1.000000 0.000000 0.000000
vn 0.838195 0.545370 0.000000
vn 0.838195 0.545370 0.000000
vn 0.838195 0.545370 0.000000
vn 0.838195 0.545370 0.000000
vn 0.687967 0.000000 0.725742
vn 0.687967 0.000000 0.725742
vn 0.687967 0.000000 0.725742
vn 0.687967 0.000000 0.725742
vn 0.838196 -0.545370 0.000000
vn 0.838196 -0.545370 0.000000
vn 0.838196 -0.545370 0.000000
vn 0.838196 -0.545370 0.000000
vn 0.687967 0.000000 -0.725742
vn 0.687967 0.000000 -0.725742
vn 0.687967 0.000000 -0.725742
vn 0.687967 0.000000 -0.725742
vn 0.000000 0.000000 -1.000000
vn 0.000000 0.000000 -1.000000
vn 0.000000 0.000000 -1.000000
vn 0.000000 0.000000 -1.000000
vn 0.000000 1.000000 0.000000
vn 0.000000 1.000000 0.000000
vn 0.000000 1.000000 0.000000
vn 0.000000 1.000000 0.000000
vn 0.000000 0.000000 1.000000
vn 0.000000 0.000000 1.000000
vn 0.000000 0.000000 1.000000
vn 0.000000 0.000000 1.000000
vn 0.000000 -1.000000 0.000000
vn 0.000000 -1.000000 0.000000
vn 0.000000 -1.000000 0.000000
vn 0.000000 -1.000000 0.000000
vn -1.000000 0.000000 0.000000
vn -1.000000 0.000000 0.000000
vn -1.000000 0.000000 0.000000
vn -1.000000 0.000000 0.000000
vn 1.000000 0.000000 0.000000
vn 1.000000 0.000000 0.000000
vn 1.000000 0.000000 0.000000
vn 1.000000 0.000000 0.000000
vn 0.838196 0.545369 0.000000
vn 0.838196 0.545369 0.000000
vn 0.838196 0.545369 0.000000
vn 0.838196 0.545369 0.000000
vn 0.687967 0.000000 0.725742
vn 0.687967 0.000000 0.725742
vn 0.687967 0.000000 0.725742
vn 0.687967 0.000000 0.725742
vn 0.838196 -0.545369 0.000000
vn 0.838196 -0.545369 0.000000
vn 0.838196 -0.545369 0.000000
vn 0.838196 -0.545369 0.000000
vn 0.687967 0.000000 -0.725742
vn 0.687967 0.000000 -0.725742
vn 0.687967 0.000000 -0.725742
vn 0.687967 0.000000 -0.725742
vn 0.000000 0.000000 -1.000000
vn 0.000000 0.000000 -1.000000
vn 0.000000 0.000000 -1.000000
vn 0.000000 0.000000 -1.000000
vn 0.000000 1.000000 0.000000
vn 0.000000 1.000000 0.000000
vn 0.000000 1.000000 0.000000
vn 0.000000 1.000000 0.000000
vn 0.000000 0.000000 1.000000
vn 0.000000 0.000000 1.000000
vn 0.000000 0.000000 1.000000
vn 0.000000 0.000000 1.000000
vn 0.000000 -1.000000 0.000000
vn 0.000000 -1.000000 0.000000
vn 0.000000 -1.000000 0.000000
vn 0.000000 -1.000000 0.000000
vn -1.000000 0.000000 0.000000
vn -1.000000 0.000000 0.000000
vn -1.000000 0.000000 0.000000
vn -1.000000 0.000000 0.000000
vn 1.000000 0.000000 0.000000
vn 1.000000 0.000000 0.000000
vn 1.000000 0.000000 0.000000
vn 1.000000 0.000000 0.000000
vn 0.838195 0.545370 0.000000
vn 0.838195 0.545370 0.000000
vn 0.838195 0.545370 0.000000
vn 0.838195 0.545370 0.000000
vn 0.687967 0.000000 0.725742
vn 0.687967 0.000000 0.725742
vn 0.687967 0.000000 0.725742
vn 0.687967 0.000000 0.725742
vn 0.838195 -0.545370 0.000000
vn 0.838195 -0.545370 0.000000
vn 0.838195 -0.545370 0.000000
vn 0.838195 -0.545370 0.000000
vn 0.687968 0.000000 -0.725741
vn 0.687968 0.000000 -0.725741
vn 0.687968 0.000000 -0.725741
vn 0.687968 0.000000 -0.725741
vn 0.000000 0.000000 -1.000000
vn 0.000000 0.000000 -1.000000
vn 0.000000 0.000000 -1.000000
vn 0.000000 0.000000 -1.000000
vn 0.000000 1.000000 0.000000
vn 0.000000 1.000000 0.000000
vn 0.000000 1.000000 0.000000
vn 0.000000 1.000000 0.000000
vn 0.000000 0.000000 1.000000
vn 0.000000 0.000000 1.000000
vn 0.000000 0.000000 1.000000
vn 0.000000 0.000000 1.000000
vn 0.000000 -1.000000 0.000000
vn 0.000000 -1.000000 0.000000
vn 0.000000 -1.000000 0.000000
vn 0.000000 -1.000000 0.000000
vn -1.000000 0.000000 0.000000
vn -1.000000 0.000000 0.000000
vn -1.000000 0.000000 0.000000
vn -1.000000 0.000000 0.000000
vn 1.000000 0.000000 0.000000
vn 1.000000 0.000000 0.000000
vn 1.000000 0.000000 0.000000
vn 1.000000 0.000000 0.000000
vn 0.838195 0.545370 0.000000
vn 0.838195 0.545370 0.000000
vn 0.838195 0.545370 0.000000
vn 0.838195 0.545370 0.000000
vn 0.687968 0.000000 0.725741
vn 0.687968 0.000000 0.725741
vn 0.687968 0.000000 0.725741
vn 0.687968 0.000000 0.725741
vn 0.838195 -0.545370 0.000000
vn 0.838195 -0.545370 0.000000
vn 0.838195 -0.545370 0.000000
vn 0.838195 -0.545370 0.000000
vn 0.687968 0.000000 -0.725741
vn 0.687968 0.000000 -0.725741
vn 0.687968 0.000000 -0.725741
vn 0.687968 0.000000 -0.725741
vn 0.000000 0.000000 -1.000000
vn 0.000000 0.000000 -1.000000
vn 0.000000 0.000000 -1.000000
vn 0.000000 0.000000 -1.000000
vn 0.000000 1.000000 0.000000
vn 0.000000 1.000000 0.000000
vn 0.000000 1.000000 0.000000
vn 0.000000 1.000000 0.000000
vn 0.000000 0.000000 1.000000
vn 0.000000 0.000000 1.000000
vn 0.000000 0.000000 1.000000
vn 0.000000 0.000000 1.000000
vn 0.000000 -1.000000 0.000000
vn 0.000000 -1.000000 0.000000
vn 0.000000 -1.000000 0.000000
vn 0.000000 -1.000000 0.000000
vn -1.000000 0.000000 0.000000
vn -1.000000 0.000000 0.000000
vn -1.000000 0.000000 0.000000
vn -1.000000 0.000000 0.000000
vn 1.000000 0.000000 0.000000
vn 1.000000 0.000000 0.000000
vn 1.000000 0.000000 0.000000
vn 1.000000 0.000000 0.000000
vn 0.838196 0.545369 0.000000
vn 0.838196 0.545369 0.000000
vn 0.838196 0.545369 0.000000
vn 0.838196 0.545369 0.000000
vn 0.687967 0.000000 0.725742
vn 0.687967 0.000000 0.725742
vn 0.687967 0.000000 0.725742
vn 0.687967 0.000000 0.725742
vn 0.838196 -0.545369 0.000000
vn 0.838196 -0.545369 0.000000
vn 0.838196 -0.545369 0.000000
vn 0.838196 -0.545369 0.000000
vn 0.687967 0.000000 -0.725742
vn 0.687967 0.000000 -0.725742
vn 0.687967 0.000000 -0.725742
vn 0.687967 0.000000 -0.725742
vn 0.000000 0.000000 -1.000000
vn 0.000000 0.000000 -1.000000
vn 0.000000 0.000000 -1.000000
vn 0.000000 0.000000 -1.000000
vn 0.000000 1.000000 0.000000
vn 0.000000 1.000000 0.000000
vn 0.000000 1.000000 0.000000
vn 0.000000 1.000000 0.000000
vn 0.000000 0.000000 1.000000
vn 0.000000 0.000000 1.000000
vn 0.000000 0.000000 1.000000
vn 0.000000 0.000000 1.000000
vn 0.000000 -1.000000 0.000000
vn 0.000000 -1.000000 0.000000
vn 0.000000 -1.000000 0.000000
vn 0.000000 -1.000000 0.000000
vn -1.000000 0.000000 0.000000
vn -1.000000 0.000000 0.000000
vn -1.000000 0.000000 0.000000
vn -1.000000 0.000000 0.000000
vn 1.000000 0.000000 0.000000
vn 1.000000 0.000000 0.000000
vn 1.000000 0.000000 0.000000
vn 1.000000 0.000000 0.000000
vn 0.838196 0.545370 0.000000
vn 0.838196 0.545370 0.000000
vn 0.838196 0.545370 0.000000
vn 0.838196 0.545370 0.000000
vn 0.687967 0.000000 0.725742
vn 0.687967 0.000000 0.725742
vn 0.687967 0.000000 0.725742
vn 0.687967 0.000000 0.725742
vn 0.838196 -0.545370 0.000000
vn 0.838196 -0.545370 0.000000
vn 0.838196 -0.545370 0.000000
vn 0.838196 -0.545370 0.000000
vn 0.687969 0.000000 -0.725740
vn 0.687969 0.000000 -0.725740
vn 0.687969 0.000000 -0.725740
vn 0.687969 0.000000 -0.725740
vn 0.000000 0.000000 -1.000000
vn 0.000000 0.000000 -1.000000
vn 0.000000 0.000000 -1.000000
vn 0.000000 0.000000 -1.000000
vn 0.000000 1.000000 0.000000
vn 0.000000 1.000000 0.000000
vn 0.000000 1.000000 0.000000
vn 0.000000 1.000000 0.000000
vn 0.000000 0.000000 1.000000
vn 0.000000 0.000000 1.000000
vn 0.000000 0.000000 1.000000
vn 0.000000 0.000000 1.000000
vn 0.000000 -1.000000 0.000000
vn 0.000000 -1.000000 0.000000
vn 0.000000 -1.000000 0.000000
vn 0.000000 -1.000000 0.000000
vn -1.000000 0.000000 0.000000
vn -1.000000 0.000000 0.000000
vn -1.000000 0.000000 0.000000
vn -1.000000 0.000000 0.000000
vn 1.000000 0.000000 0.000000
vn 1.000000 0.000000 0.000000
vn 1.000000 0.000000 0.000000
vn 1.000000 0.000000 0.000000
vn 0.838196 0.545369 0.000000
vn 0.838196 0.545369 0.000000
vn 0.838196 0.545369 0.000000
vn 0.838196 0.545369 0.000000
vn 0.687967 0.000000 0.725742
vn 0.687967 0.000000 0.725742
vn 0.687967 0.000000 0.725742
vn 0.687967 0.000000 0.725742
vn 0.838196 -0.545369 0.000000
vn 0.838196 -0.545369 0.000000
vn 0.838196 -0.545369 0.000000
vn 0.838196 -0.545369 0.000000
vn 0.687967 0.000000 -0.725742
vn 0.687967 0.000000 -0.725742
vn 0.687967 0.000000 -0.725742
vn 0.687967 0.000000 -0.725742
vn 0.000000 0.000000 -1.000000
vn 0.000000 0.000000 -1.000000
vn 0.000000 0.000000 -1.000000
vn 0.000000 0.000000 -1.000000
vn 0.000000 1.000000 0.000000
vn 0.000000 1.000000 0.000000
vn 0.000000 1.000000 0.000000
vn 0.000000 1.000000 0.000000
vn 0.000000 0.000000 1.000000
vn 0.000000 0.000000 1.000000
vn 0.000000 0.000000 1.000000
vn 0.000000 0.000000 1.000000
vn 0.000000 -1.000000 0.000000
vn 0.000000 -1.000000 0.000000
vn 0.000000 -1.000000 0.000000
vn 0.000000 -1.000000 0.000000
vn -1.000000 0.000000 0.000000
vn -1.000000 0.000000 0.000000
vn -1.000000 0.000000 0.000000
vn -1.000000 0.000000 0.000000
vn 1.000000 0.000000 0.000000
vn 1.000000 0.000000 0.000000
vn 1.000000 0.000000 0.000000
vn 1.000000 0.000000 0.000000
vn 0.838195 0.545371 0.000000
vn 0.838195 0.545371 0.000000
vn 0.838195 0.545371 0.000000
vn 0.838195 0.545371 0.000000
vn 0.687967 0.000000 0.725742
vn 0.687967 0.000000 0.725742
vn 0.687967 0.000000 0.725742
vn 0.687967 0.000000 0.725742
vn 0.838195 -0.545370 0.000000
vn 0.838195 -0.545370 0.000000
vn 0.838196 -0.545370 0.000000
vn 0.838196 -0.545370 0.000000
vn 0.687967 0.000000 -0.725742
vn 0.687967 0.000000 -0.725742
vn 0.687967 0.000000 -0.725742
vn 0.687967 0.000000 -0.725742
vn 0.000000 0.000000 1.000000
vn 0.000000 0.000000 1.000000
vn 0.000000 0.000000 1.000000
vn 0.000000 0.000000 1.000000
vn 0.000000 1.000000 0.000000
vn 0.000000 1.000000 0.000000
vn 0.000000 1.000000 0.000000
vn 0.000000 1.000000 0.000000
vn 0.000000 0.000000 -1.000000
vn 0.000000 0.000000 -1.000000
vn 0.000000 0.000000 -1.000000
vn 0.000000 0.000000 -1.000000
vn 0.000000 -1.000000 0.000000
vn 0.000000 -1.000000 0.000000
vn 0.000000 -1.000000 0.000000
vn 0.000000 -1.000000 0.000000
vn 1.000000 0.000000 0.000000
vn 1.000000 0.000000 0.000000
vn 1.000000 0.000000 0.000000
vn 1.000000 0.000000 0.000000
vn -1.000000 0.000000 0.000000
vn -1.000000 0.000000 0.000000
vn -1.000000 0.000000 0.000000
vn -1.000000 0.000000 0.000000
vn -0.838195 0.545370 0.000000
vn -0.838195 0.545370 0.000000
vn -0.838195 0.545370 0.000000
vn -0.838195 0.545370 0.000000
vn -0.687966 0.000000 -0.725743
vn -0.687966 0.000000 -0.725743
vn -0.687966 0.000000 -0.725743
vn -0.687966 0.000000 -0.725743
vn -0.838195 -0.545370 0.000000
vn -0.838195 -0.545370 0.000000
vn -0.838195 -0.545370 0.000000
vn -0.838195 -0.545370 0.000000
vn -0.687966 0.000000 0.725743
vn -0.687966 0.000000 0.725743
vn -0.687966 0.000000 0.725743
vn -0.687966 0.000000 0.725743
vn 0.000000 0.000000 1.000000
vn 0.000000 0.000000 1.000000
vn 0.000000 0.000000 1.000000
vn 0.000000 0.000000 1.000000
vn 0.000000 1.000000 0.000000
vn 0.000000 1.000000 0.000000
vn 0.000000 1.000000 0.000000
vn 0.000000 1.000000 0.000000
vn 0.000000 0.000000 -1.000000
vn 0.000000 0.000000 -1.000000
vn 0.000000 0.000000 -1.000000
vn 0.000000 0.000000 -1.000000
vn 0.000000 -1.000000 0.000000
vn 0.000000 -1.000000 0.000000
vn 0.000000 -1.000000 0.000000
vn 0.000000 -1.000000 0.000000
vn 1.000000 0.000000 0.000000
vn 1.000000 0.000000 0.000000
vn 1.000000 0.000000 0.000000
vn 1.000000 0.000000 0.000000
vn -1.000000 0.000000 0.000000
vn -1.000000 0.000000 0.000000
vn -1.000000 0.000000 0.000000
vn -1.000000 0.000000 0.000000
vn -0.838195 0.545370 0.000000
vn -0.838195 0.545370 0.000000
vn -0.838195 0.545370 0.000000
vn -0.838195 0.545370 0.000000
vn -0.687966 0.000000 -0.725743
vn -0.687966 0.000000 -0.725743
vn -0.687966 0.000000 -0.725743
vn -0.687966 0.000000 -0.725743
vn -0.838195 -0.545370 0.000000
vn -0.838195 -0.545370 0.000000
vn -0.838195 -0.545370 0.000000
vn -0.838195 -0.545370 0.000000
vn -0.687966 0.000000 0.725743
vn -0.687966 0.000000 0.725743
vn -0.687966 0.000000 0.725743
vn -0.687966 0.000000 0.725743
vn 0.000000 0.000000 1.000000
vn 0.000000 0.000000 1.000000
vn 0.000000 0.000000 1.000000
vn 0.000000 0.000000 1.000000
vn 0.000000 1.000000 0.000000
vn 0.000000 1.000000 0.000000
vn 0.000000 1.000000 0.000000
vn 0.000000 1.000000 0.000000
vn 0.000000 0.000000 -1.000000
vn 0.000000 0.000000 -1.000000
vn 0.000000 0.000000 -1.000000
vn 0.000000 0.000000 -1.000000
vn 0.000000 -1.000000 0.000000
vn 0.000000 -1.000000 0.000000
vn 0.000000 -1.000000 0.000000
vn 0.000000 -1.000000 0.000000
vn 1.000000 0.000000 0.000000
vn 1.000000 0.000000 0.000000
vn 1.000000 0.000000 0.000000
vn 1.000000 0.000000 0.000000
vn -1.000000 0.000000 0.000000
vn -1.000000 0.000000 0.000000
vn -1.000000 0.000000 0.000000
vn -1.000000 0.000000 0.000000
vn -0.838195 0.545370 0.000000
vn -0.838195 0.545370 0.000000
vn -0.838195 0.545370 0.000000
vn -0.838195 0.545370 0.000000
vn -0.687967 0.000000 -0.725742
vn -0.687967 0.000000 -0.725742
vn -0.687967 0.000000 -0.725742
vn -0.687967 0.000000 -0.725742
vn -0.838196 -0.545370 0.000000
vn -0.838196 -0.545370 0.000000
vn -0.838196 -0.545370 0.000000
vn -0.838196 -0.545370 0.000000
vn -0.687967 0.000000 0.725742
vn -0.687966 0.000000 0.725742
vn -0.687967 0.000000 0.725742
vn -0.687967 0.000000 0.725742
vn 0.000000 0.000000 1.000000
vn 0.000000 0.000000 1.000000
vn 0.000000 0.000000 1.000000
vn 0.000000 0.000000 1.000000
vn 0.000000 1.000000 0.000000
vn 0.000000 1.000000 0.000000
vn 0.000000 1.000000 0.000000
vn 0.000000 1.000000 0.000000
vn 0.000000 0.000000 -1.000000
vn 0.000000 0.000000 -1.000000
vn 0.000000 0.000000 -1.000000
vn 0.000000 0.000000 -1.000000
vn 0.000000 -1.000000 0.000000
vn 0.000000 -1.000000 0.000000
vn 0.000000 -1.000000 0.000000
vn 0.000000 -1.000000 0.000000
vn 1.000000 0.000000 0.000000
vn 1.000000 0.000000 0.000000
vn 1.000000 0.000000 0.000000
vn 1.000000 0.000000 0.000000
vn -1.000000 0.000000 0.000000
vn -1.000000 0.000000 0.000000
vn -1.000000 0.000000 0.000000
vn -1.000000 0.000000 0.000000
vn -0.838195 0.545370 0.000000
vn -0.838195 0.545370 0.000000
vn -0.838195 0.545370 0.000000
vn -0.838195 0.545370 0.000000
vn -0.687966 0.000000 -0.725743
vn -0.687966 0.000000 -0.725743
vn -0.687966 0.000000 -0.725743
vn -0.687966 0.000000 -0.725743
vn -0.838195 -0.545370 0.000000
vn -0.838195 -0.545370 0.000000
vn -0.838195 -0.545370 0.000000
vn -0.838195 -0.545370 0.000000
vn -0.687967 0.000000 0.725742
vn -0.687967 0.000000 0.725742
vn -0.687967 0.000000 0.725742
vn -0.687967 0.000000 0.725742
vn 0.000000 0.000000 1.000000
vn 0.000000 0.000000 1.000000
vn 0.000000 0.000000 1.000000
vn 0.000000 0.000000 1.000000
vn 0.000000 1.000000 0.000000
vn 0.000000 1.000000 0.000000
vn 0.000000 1.000000 0.000000
vn 0.000000 1.000000 0.000000
vn 0.000000 0.000000 -1.000000
vn 0.000000 0.000000 -1.000000
vn 0.000000 0.000000 -1.000000
vn 0.000000 0.000000 -1.000000
vn 0.000000 -1.000000 0.000000
vn 0.000000 -1.000000 0.000000
vn 0.000000 -1.000000 0.000000
vn 0.000000 -1.000000 0.000000
vn 1.000000 0.000000 0.000000
vn 1.000000 0.000000 0.000000
vn 1.000000 0.000000 0.000000
vn 1.000000 0.000000 0.000000
vn -1.000000 0.000000 0.000000
vn -1.000000 0.000000 0.000000
vn -1.000000 0.000000 0.000000
vn -1.000000 0.000000 0.000000
vn -0.838195 0.545370 0.000000
vn -0.838195 0.545370 0.000000
vn -0.838195 0.545370 0.000000
vn -0.838195 0.545370 0.000000
vn -0.687967 0.000000 -0.725742
vn -0.687967 0.000000 -0.725742
vn -0.687967 0.000000 -0.725742
vn -0.687967 0.000000 -0.725742
vn -0.838195 -0.545370 0.000000
vn -0.838195 -0.545370 0.000000
vn -0.838195 -0.545370 0.000000
vn -0.838195 -0.545370 0.000000
vn -0.687966 0.000000 0.725743
vn -0.687966 0.000000 0.725743
vn -0.687966 0.000000 0.725743
vn -0.687966 0.000000 0.725743
vn 1.000000 0.000000 0.000000
vn 1.000000 0.000000 0.000000
vn 1.000000 0.000000 0.000000
vn 1.000000 0.000000 0.000000
vn 0.000000 1.000000 0.000000
vn 0.000000 1.000000 0.000000
vn 0.000000 1.000000 0.000000
vn 0.000000 1.000000 0.000000
vn -1.000000 0.000000 0.000000
vn -1.000000 0.000000 0.000000
vn -1.000000 0.000000 0.000000
vn -1.000000 0.000000 0.000000
vn 0.000000 -1.000000 0.000000
vn 0.000000 -1.000000 0.000000
vn 0.000000 -1.000000 0.000000
vn 0.000000 -1.000000 0.000000
vn 0.000000 0.000000 -1.000000
vn 0.000000 0.000000 -1.000000
vn 0.000000 0.000000 -1.000000
vn 0.000000 0.000000 -1.000000
vn 0.000000 0.000000 1.000000
vn 0.000000 0.000000 1.000000
vn 0.000000 0.000000 1.000000
vn 0.000000 0.000000 1.000000
vn 0.000000 0.545371 0.838195
vn 0.000000 0.545371 0.838195
vn 0.000000 0.545371 0.838195
vn 0.000000 0.545371 0.838195
vn -0.725742 0.000000 0.687967
vn -0.725742 0.000000 0.687967
vn -0.725742 0.000000 0.687968
vn -0.725742 0.000000 0.687968
vn 0.000000 -0.545371 0.838195
vn 0.000000 -0.545371 0.838195
vn 0.000000 -0.545371 0.838195
vn 0.000000 -0.545371 0.838195
vn 0.725741 0.000000 0.687968
vn 0.725741 0.000000 0.687968
vn 0.725741 0.000000 0.687968
vn 0.725741 0.000000 0.687968
vn 1.000000 0.000000 0.000000
vn 1.000000 0.000000 0.000000
vn 1.000000 0.000000 0.000000
vn 1.000000 0.000000 0.000000
vn 0.000000 1.000000 0.000000
vn 0.000000 1.000000 0.000000
vn 0.000000 1.000000 0.000000
vn 0.000000 1.000000 0.000000
vn -1.000000 0.000000 0.000000
vn -1.000000 0.000000 0.000000
vn -1.000000 0.000000 0.000000
vn -1.000000 0.000000 0.000000
vn 0.000000 -1.000000 0.000000
vn 0.000000 -1.000000 0.000000
vn 0.000000 -1.000000 0.000000
vn 0.000000 -1.000000 0.000000
vn 0.000000 0.000000 -1.000000
vn 0.000000 0.000000 -1.000000
vn 0.000000 0.000000 -1.000000
vn 0.000000 0.000000 -1.000000
vn 0.000000 0.000000 1.000000
vn 0.000000 0.000000 1.000000
vn 0.000000 0.000000 1.000000
vn 0.000000 0.000000 1.000000
vn 0.000000 0.545370 0.838195
vn 0.000000 0.545370 0.838195
vn 0.000000 0.545370 0.838195
vn 0.000000 0.545370 0.838195
vn -0.725742 0.000000 0.687967
vn -0.725742 0.000000 0.687967
vn -0.725742 0.000000 0.687968
vn -0.725742 0.000000 0.687968
vn 0.000000 -0.545370 0.838195
vn 0.000000 -0.545370 0.838195
vn 0.000000 -0.545370 0.838195
vn 0.000000 -0.545370 0.838195
vn 0.725741 0.000000 0.687968
vn 0.725741 0.000000 0.687968
vn 0.725741 0.000000 0.687968
vn 0.725741 0.000000 0.687968
vn 1.000000 0.000000 0.000000
vn 1.000000 0.000000 0.000000
vn 1.000000 0.000000 0.000000
vn 1.000000 0.000000 0.000000
vn 0.000000 1.000000 0.000000
vn 0.000000 1.000000 0.000000
vn 0.000000 1.000000 0.000000
vn 0.000000 1.000000 0.000000
vn -1.000000 0.000000 0.000000
vn -1.000000 0.000000 0.000000
vn -1.000000 0.000000 0.000000
vn -1.000000 0.000000 0.000000
vn 0.000000 -1.000000 0.000000
vn 0.000000 -1.000000 0.000000
vn 0.000000 -1.000000 0.000000
vn 0.000000 -1.000000 0.000000
vn 0.000000 0.000000 -1.000000
vn 0.000000 0.000000 -1.000000
vn 0.000000 0.000000 -1.000000
vn 0.000000 0.000000 -1.000000
vn 0.000000 0.000000 1.000000
vn 0.000000 0.000000 1.000000
vn 0.000000 0.000000 1.000000
vn 0.000000 0.000000 1.000000
vn 0.000000 0.545370 0.838195
vn 0.000000 0.545370 0.838195
vn 0.000000 0.545370 0.838195
vn 0.000000 0.545370 0.838195
vn -0.725742 0.000000 0.687967
vn -0.725742 0.000000 0.687967
vn -0.725742 0.000000 0.687967
vn -0.725742 0.000000 0.687967
vn 0.000000 -0.545370 0.838195
vn 0.000000 -0.545370 0.838195
vn 0.000000 -0.545370 0.838195
vn 0.000000 -0.545370 0.838195
vn 0.725742 0.000000 0.687967
vn 0.725742 0.000000 0.687967
vn 0.725742 0.000000 0.687967
vn 0.725742 0.000000 0.687967
vn 1.000000 0.000000 0.000000
vn 1.000000 0.000000 0.000000
vn 1.000000 0.000000 0.000000
vn 1.000000 0.000000 0.000000
vn 0.000000 1.000000 0.000000
vn 0.000000 1.000000 0.000000
vn 0.000000 1.000000 0.000000
vn 0.000000 1.000000 0.000000
vn -1.000000 0.000000 0.000000
vn -1.000000 0.000000 0.000000
vn -1.000000 0.000000 0.000000
vn -1.000000 0.000000 0.000000
vn 0.000000 -1.000000 0.000000
vn 0.000000 -1.000000 0.000000
vn 0.000000 -1.000000 0.000000
vn 0.000000 -1.000000 0.000000
vn 0.000000 0.000000 -1.000000
vn 0.000000 0.000000 -1.000000
vn 0.000000 0.000000 -1.000000
vn 0.000000 0.000000 -1.000000
vn 0.000000 0.000000 1.000000
vn 0.000000 0.000000 1.000000
vn 0.000000 0.000000 1.000000
vn 0.000000 0.000000 1.000000
vn 0.000000 0.545370 0.838195
vn 0.000000 0.545370 0.838195
vn 0.000000 0.545370 0.838195
vn 0.000000 0.545370 0.838195
vn -0.725742 0.000000 0.687967
vn -0.725742 0.000000 0.687967
vn -0.725742 0.000000 0.687967
vn -0.725742 0.000000 0.687967
vn 0.000000 -0.545370 0.838196
vn 0.000000 -0.545370 0.838196
vn 0.000000 -0.545370 0.838196
vn 0.000000 -0.545370 0.838196
vn 0.725742 0.000000 0.687967
vn 0.725742 0.000000 0.687967
vn 0.725742 0.000000 0.687967
vn 0.725742 0.000000 0.687967
vn 1.000000 0.000000 0.000000
vn 1.000000 0.000000 0.000000
vn 1.000000 0.000000 0.000000
vn 1.000000 0.000000 0.000000
vn 0.000000 1.000000 0.000000
vn 0.000000 1.000000 0.000000
vn 0.000000 1.000000 0.000000
vn 0.000000 1.000000 0.000000
vn -1.000000 0.000000 0.000000
vn -1.000000 0.000000 0.000000
vn -1.000000 0.000000 0.000000
vn -1.000000 0.000000 0.000000
vn 0.000000 -1.000000 0.000000
vn 0.000000 -1.000000 0.000000
vn 0.000000 -1.000000 0.000000
vn 0.000000 -1.000000 0.000000
vn 0.000000 0.000000 -1.000000
vn 0.000000 0.000000 -1.000000
vn 0.000000 0.000000 -1.000000
vn 0.000000 0.000000 -1.000000
vn 0.000000 0.000000 1.000000
vn 0.000000 0.000000 1.000000
vn 0.000000 0.000000 1.000000
vn 0.000000 0.000000 1.000000
vn 0.000000 0.545370 0.838195
vn 0.000000 0.545370 0.838195
vn 0.000000 0.545370 0.838195
vn 0.000000 0.545370 0.838195
vn -0.725742 0.000000 0.687967
vn -0.725742 0.000000 0.687967
vn -0.725742 0.000000 0.687967
vn -0.725742 0.000000 0.687967
vn 0.000000 -0.545371 0.838195
vn 0.000000 -0.545371 0.838195
vn 0.000000 -0.545371 0.838195
vn 0.000000 -0.545371 0.838195
vn 0.725742 0.000000 0.687967
vn 0.725742 0.000000 0.687967
vn 0.725742 0.000000 0.687967
vn 0.725742 0.000000 0.687967
vn 1.000000 0.000000 0.000000
vn 1.000000 0.000000 0.000000
vn 1.000000 0.000000 0.000000
vn 1.000000 0.000000 0.000000
vn 0.000000 1.000000 0.000000
vn 0.000000 1.000000 0.000000
vn 0.000000 1.000000 0.000000
vn 0.000000 1.000000 0.000000
vn -1.000000 0.000000 0.000000
vn -1.000000 0.000000 0.000000
vn -1.000000 0.000000 0.000000
vn -1.000000 0.000000 0.000000
vn 0.000000 -1.000000 0.000000
vn 0.000000 -1.000000 0.000000
vn 0.000000 -1.000000 0.000000
vn 0.000000 -1.000000 0.000000
vn 0.000000 0.000000 -1.000000
vn 0.000000 0.000000 -1.000000
vn 0.000000 0.000000 -1.000000
vn 0.000000 0.000000 -1.000000
vn 0.000000 0.000000 1.000000
vn 0.000000 0.000000 1.000000
vn 0.000000 0.000000 1.000000
vn 0.000000 0.000000 1.000000
vn 0.000000 0.545370 0.838196
vn 0.000000 0.545370 0.838196
vn 0.000000 0.545370 0.838196
vn 0.000000 0.545370 0.838196
vn -0.725742 0.000000 0.687967
vn -0.725742 0.000000 0.687967
vn -0.725742 0.000000 0.687967
vn -0.725742 0.000000 0.687967
vn 0.000000 -0.545370 0.838195
vn 0.000000 -0.545370 0.838195
vn 0.000000 -0.545370 0.838195
vn 0.000000 -0.545370 0.838195
vn 0.725742 0.000000 0.687967
vn 0.725742 0.000000 0.687967
vn 0.725742 0.000000 0.687967
vn 0.725742 0.000000 0.687967
vn 1.000000 0.000000 0.000000
vn 1.000000 0.000000 0.000000
vn 1.000000 0.000000 0.000000
vn 1.000000 0.000000 0.000000
vn 0.000000 1.000000 0.000000
vn 0.000000 1.000000 0.000000
vn 0.000000 1.000000 0.000000
vn 0.000000 1.000000 0.000000
vn -1.000000 0.000000 0.000000
vn -1.000000 0.000000 0.000000
vn -1.000000 0.000000 0.000000
vn -1.000000 0.000000 0.000000
vn 0.000000 -1.000000 0.000000
vn 0.000000 -1.000000 0.000000
vn 0.000000 -1.000000 0.000000
vn 0.000000 -1.000000 0.000000
vn 0.000000 0.000000 -1.000000
vn 0.000000 0.000000 -1.000000
vn 0.000000 0.000000 -1.000000
vn 0.000000 0.000000 -1.000000
vn 0.000000 0.000000 1.000000
vn 0.000000 0.000000 1.000000
vn 0.000000 0.000000 1.000000
vn 0.000000 0.000000 1.000000
vn 0.000000 0.545370 0.838195
vn 0.000000 0.545370 0.838195
vn 0.000000 0.545370 0.838195
vn 0.000000 0.545370 0.838195
vn -0.725743 0.000000 0.687966
vn -0.725743 0.000000 0.687966
vn -0.725743 0.000000 0.687966
vn -0.725743 0.000000 0.687966
vn 0.000000 -0.545370 0.838195
vn 0.000000 -0.545370 0.838195
vn 0.000000 -0.545370 0.838195
vn 0.000000 -0.545370 0.838195
vn 0.725743 0.000000 0.687966
vn 0.725743 0.000000 0.687966
vn 0.725743 0.000000 0.687966
vn 0.725743 0.000000 0.687966
vn 1.000000 0.000000 0.000000
vn 1.000000 0.000000 0.000000
vn 1.000000 0.000000 0.000000
vn 1.000000 0.000000 0.000000
vn 0.000000 1.000000 0.000000
vn 0.000000 1.000000 0.000000
vn 0.000000 1.000000 0.000000
vn 0.000000 1.000000 0.000000
vn -1.000000 0.000000 0.000000
vn -1.000000 0.000000 0.000000
vn -1.000000 0.000000 0.000000
vn -1.000000 0.000000 0.000000
vn 0.000000 -1.000000 0.000000
vn 0.000000 -1.000000 0.000000
vn 0.000000 -1.000000 0.000000
vn 0.000000 -1.000000 0.000000
vn 0.000000 0.000000 -1.000000
vn 0.000000 0.000000 -1.000000
vn 0.000000 0.000000 -1.000000
vn 0.000000 0.000000 -1.000000
vn 0.000000 0.000000 1.000000
vn 0.000000 0.000000 1.000000
vn 0.000000 0.000000 1.000000
vn 0.000000 0.000000 1.000000
vn 0.000000 0.545370 0.838196
vn 0.000000 0.545370 0.838196
vn 0.000000 0.545370 0.838196
vn 0.000000 0.545370 0.838196
vn -0.725743 0.000000 0.687966
vn -0.725743 0.000000 0.687966
vn -0.725743 0.000000 0.687966
vn -0.725743 0.000000 0.687966
vn 0.000000 -0.545369 0.838196
vn 0.000000 -0.545369 0.838196
vn 0.000000 -0.545369 0.838196
vn 0.000000 -0.545369 0.838196
vn 0.725743 0.000000 0.687966
vn 0.725743 0.000000 0.687966
vn 0.725743 0.000000 0.687966
vn 0.725743 0.000000 0.687966
vn 0.000000 0.000000 1.000000
vn 0.000000 0.000000 1.000000
vn 0.000000 0.000000 1.000000
vn 0.000000 0.000000 1.000000
vn 0.000000 1.000000 0.000000
vn 0.000000 1.000000 0.000000
vn 0.000000 1.000000 0.000000
vn 0.000000 1.000000 0.000000
vn 0.000000 0.000000 -1.000000
vn 0.000000 0.000000 -1.000000
vn 0.000000 0.000000 -1.000000
vn 0.000000 0.000000 -1.000000
vn 0.000000 -1.000000 0.000000
vn 0.000000 -1.000000 0.000000
vn 0.000000 -1.000000 0.000000
vn 0.000000 -1.000000 0.000000
vn 1.000000 0.000000 0.000000
vn 1.000000 0.000000 0.000000
vn 1.000000 0.000000 0.000000
vn 1.000000 0.000000 0.000000
vn -1.000000 0.000000 0.000000
vn -1.000000 0.000000 0.000000
vn -1.000000 0.000000 0.000000
vn -1.000000 0.000000 0.000000
vn -0.838195 0.545370 0.000000
vn -0.838195 0.545370 0.000000
vn -0.838195 0.545370 0.000000
vn -0.838195 0.545370 0.000000
vn -0.687967 0.000000 -0.725742
vn -0.687967 0.000000 -0.725742
vn -0.687967 0.000000 -0.725742
vn -0.687967 0.000000 -0.725742
vn -0.838195 -0.545370 0.000000
vn -0.838195 -0.545370 0.000000
vn -0.838195 -0.545370 0.000000
vn -0.838195 -0.545370 0.000000
vn -0.687967 0.000000 0.725742
vn -0.687967 0.000000 0.725742
vn -0.687967 0.000000 0.725742
vn -0.687967 0.000000 0.725742
vn 0.000000 0.000000 1.000000
vn 0.000000 0.000000 1.000000
vn 0.000000 0.000000 1.000000
vn 0.000000 0.000000 1.000000
vn 0.000000 1.000000 0.000000
vn 0.000000 1.000000 0.000000
vn 0.000000 1.000000 0.000000
vn 0.000000 1.000000 0.000000
vn 0.000000 0.000000 -1.000000
vn 0.000000 0.000000 -1.000000
vn 0.000000 0.000000 -1.000000
vn 0.000000 0.000000 -1.000000
vn 0.000000 -1.000000 0.000000
vn 0.000000 -1.000000 0.000000
vn 0.000000 -1.000000 0.000000
vn 0.000000 -1.000000 0.000000
vn 1.000000 0.000000 0.000000
vn 1.000000 0.000000 0.000000
vn 1.000000 0.000000 0.000000
vn 1.000000 0.000000 0.000000
vn -1.000000 0.000000 0.000000
vn -1.000000 0.000000 0.000000
vn -1.000000 0.000000 0.000000
vn -1.000000 0.000000 0.000000
vn -0.838195 0.545370 0.000000
vn -0.838195 0.545370 0.000000
vn -0.838195 0.545370 0.000000
vn -0.838195 0.545370 0.000000
vn -0.687966 0.000000 -0.725743
vn -0.687966 0.000000 -0.725743
vn -0.687966 0.000000 -0.725743
vn -0.687966 0.000000 -0.725743
vn -0.838195 -0.545370 0.000000
vn -0.838195 -0.545370 0.000000
vn -0.838195 -0.545370 0.000000
vn -0.838195 -0.545370 0.000000
vn -0.687966 0.000000 0.725743
vn -0.687966 0.000000 0.725743
vn -0.687966 0.000000 0.725743
vn -0.687966 0.000000 0.725743
vn 0.000000 0.000000 1.000000
vn 0.000000 0.000000 1.000000
vn 0.000000 0.000000 1.000000
vn 0.000000 0.000000 1.000000
vn 0.000000 1.000000 0.000000
vn 0.000000 1.000000 0.000000
vn 0.000000 1.000000 0.000000
vn 0.000000 1.000000 0.000000
vn 0.000000 0.000000 -1.000000
vn 0.000000 0.000000 -1.000000
vn 0.000000 0.000000 -1.000000
vn 0.000000 0.000000 -1.000000
vn 0.000000 -1.000000 0.000000
vn 0.000000 -1.000000 0.000000
vn 0.000000 -1.000000 0.000000
vn 0.000000 -1.000000 0.000000
vn 1.000000 0.000000 0.000000
vn 1.000000 0.000000 0.000000
vn 1.000000 0.000000 0.000000
vn 1.000000 0.000000 0.000000
vn -1.000000 0.000000 0.000000
vn -1.000000 0.000000 0.000000
vn -1.000000 0.000000 0.000000
vn -1.000000 0.000000 0.000000
vn -0.838196 0.545370 0.000000
vn -0.838196 0.545370 0.000000
vn -0.838196 0.545370 0.000000
vn -0.838196 0.545370 0.000000
vn -0.687968 0.000000 -0.725741
vn -0.687968 0.000000 -0.725741
vn -0.687968 0.000000 -0.725741
vn -0.687968 0.000000 -0.725741
vn -0.838196 -0.545370 0.000000
vn -0.838196 -0.545370 0.000000
vn -0.838196 -0.545370 0.000000
vn -0.838196 -0.545370 0.000000
vn -0.687966 0.000000 0.725743
vn -0.687966 0.000000 0.725743
vn -0.687966 0.000000 0.725743
vn -0.687966 0.000000 0.725743
vn 0.000000 0.000000 1.000000
vn 0.000000 0.000000 1.000000
vn 0.000000 0.000000 1.000000
vn 0.000000 0.000000 1.000000
vn 0.000000 1.000000 0.000000
vn 0.000000 1.000000 0.000000
vn 0.000000 1.000000 0.000000
vn 0.000000 1.000000 0.000000
vn 0.000000 0.000000 -1.000000
vn 0.000000 0.000000 -1.000000
vn 0.000000 0.000000 -1.000000
vn 0.000000 0.000000 -1.000000
vn 0.000000 -1.000000 0.000000
vn 0.000000 -1.000000 0.000000
vn 0.000000 -1.000000 0.000000
vn 0.000000 -1.000000 0.000000
vn 1.000000 0.000000 0.000000
vn 1.000000 0.000000 0.000000
vn 1.000000 0.000000 0.000000
vn 1.000000 0.000000 0.000000
vn -1.000000 0.000000 0.000000
vn -1.000000 0.000000 0.000000
vn -1.000000 0.000000 0.000000
vn -1.000000 0.000000 0.000000
vn -0.838195 0.545370 0.000000
vn -0.838195 0.545370 0.000000
vn -0.838195 0.545370 0.000000
vn -0.838195 0.545370 0.000000
vn -0.687966 0.000000 -0.725743
vn -0.687966 0.000000 -0.725743
vn -0.687966 0.000000 -0.725743
vn -0.687966 0.000000 -0.725743
vn -0.838195 -0.545370 0.000000
vn -0.838195 -0.545370 0.000000
vn -0.838195 -0.545370 0.000000
vn -0.838195 -0.545370 0.000000
vn -0.687966 0.000000 0.725743
vn -0.687966 0.000000 0.725743
vn -0.687966 0.000000 0.725743
vn -0.687966 0.000000 0.725743
vn 0.000000 0.000000 1.000000
vn 0.000000 0.000000 1.000000
vn 0.000000 0.000000 1.000000
vn 0.000000 0.000000 1.000000
vn 0.000000 1.000000 0.000000
vn 0.000000 1.000000 0.000000
vn 0.000000 1.000000 0.000000
vn 0.000000 1.000000 0.000000
vn 0.000000 0.000000 -1.000000
vn 0.000000 0.000000 -1.000000
vn 0.000000 0.000000 -1.000000
vn 0.000000 0.000000 -1.000000
vn 0.000000 -1.000000 0.000000
vn 0.000000 -1.000000 0.000000
vn 0.000000 -1.000000 0.000000
vn 0.000000 -1.000000 0.000000
vn 1.000000 0.000000 0.000000
vn 1.000000 0.000000 0.000000
vn 1.000000 0.000000 0.000000
vn 1.000000 0.000000 0.000000
vn -1.000000 0.000000 0.000000
vn -1.000000 0.000000 0.000000
vn -1.000000 0.000000 0.000000
vn -1.000000 0.000000 0.000000
vn -0.838195 0.545370 0.000000
vn -0.838195 0.545370 0.000000
vn -0.838195 0.545370 0.000000
vn -0.838195 0.545370 0.000000
vn -0.687966 0.000000 -0.725743
vn -0.687966 0.000000 -0.725743
vn -0.687966 0.000000 -0.725743
vn -0.687966 0.000000 -0.725743
vn -0.838195 -0.545370 0.000000
vn -0.838195 -0.545370 0.000000
vn -0.838195 -0.545370 0.000000
vn -0.838195 -0.545370 0.000000
vn -0.687966 0.000000 0.725743
vn -0.687966 0.000000 0.725743
vn -0.687966 0.000000 0.725743
vn -0.687966 0.000000 0.725743
vn 0.000000 0.000000 1.000000
vn 0.000000 0.000000 1.000000
vn 0.000000 0.000000 1.000000
vn 0.000000 0.000000 1.000000
vn 0.000000 1.000000 0.000000
vn 0.000000 1.000000 0.000000
vn 0.000000 1.000000 0.000000
vn 0.000000 1.000000 0.000000
vn 0.000000 0.000000 -1.000000
vn 0.000000 0.000000 -1.000000
vn 0.000000 0.000000 -1.000000
vn 0.000000 0.000000 -1.000000
vn 0.000000 -1.000000 0.000000
vn 0.000000 -1.000000 0.000000
vn 0.000000 -1.000000 0.000000
vn 0.000000 -1.000000 0.000000
vn 1.000000 0.000000 0.000000
vn 1.000000 0.000000 0.000000
vn 1.000000 0.000000 0.000000
vn 1.000000 0.000000 0.000000
vn -1.000000 0.000000 0.000000
vn -1.000000 0.000000 0.000000
vn -1.000000 0.000000 0.000000
vn -1.000000 0.000000 0.000000
vn -0.838195 0.545371 0.000000
vn -0.838195 0.545371 0.000000
vn -0.838195 0.545371 0.000000
vn -0.838195 0.545371 0.000000
vn -0.746335 0.000000 -0.665570
vn -0.746335 0.000000 -0.665570
vn -0.746335 0.000000 -0.665570
vn -0.746335 0.000000 -0.665570
vn -0.838195 -0.545371 0.000000
vn -0.838195 -0.545371 0.000000
vn -0.838195 -0.545371 0.000000
vn -0.838195 -0.545371 0.000000
vn -0.746335 0.000000 0.665571
vn -0.746335 0.000000 0.665571
vn -0.746335 0.000000 0.665571
vn -0.746335 0.000000 0.665571
vn 1.000000 0.000000 0.000000
vn 1.000000 0.000000 0.000000
vn 1.000000 0.000000 0.000000
vn 1.000000 0.000000 0.000000
vn 0.000000 1.000000 0.000000
vn 0.000000 1.000000 0.000000
vn 0.000000 1.000000 0.000000
vn 0.000000 1.000000 0.000000
vn -1.000000 0.000000 0.000000
vn -1.000000 0.000000 0.000000
vn -1.000000 0.000000 0.000000
vn -1.000000 0.000000 0.000000
vn 0.000000 -1.000000 0.000000
vn 0.000000 -1.000000 0.000000
vn 0.000000 -1.000000 0.000000
vn 0.000000 -1.000000 0.000000
vn 0.000000 0.000000 -1.000000
vn 0.000000 0.000000 -1.000000
vn 0.000000 0.000000 -1.000000
vn 0.000000 0.000000 -1.000000
vn 0.000000 0.000000 1.000000
vn 0.000000 0.000000 1.000000
vn 0.000000 0.000000 1.000000
vn 0.000000 0.000000 1.000000
vn 0.000000 0.545370 0.838196
vn 0.000000 0.545370 0.838196
vn 0.000000 0.545370 0.838196
vn 0.000000 0.545370 0.838196
vn -0.345812 0.000000 0.938304
vn -0.345812 0.000000 0.938304
vn -0.345812 0.000000 0.938304
vn -0.345812 0.000000 0.938304
vn 0.000000 -0.545370 0.838196
vn 0.000000 -0.545370 0.838196
vn 0.000000 -0.545370 0.838195
vn 0.000000 -0.545370 0.838195
vn 0.345811 0.000000 0.938304
vn 0.345811 0.000000 0.938304
vn 0.345811 0.000000 0.938304
vn 0.345811 0.000000 0.938304
vn -1.000000 0.000000 0.000000
vn -1.000000 0.000000 0.000000
vn -1.000000 0.000000 0.000000
vn -1.000000 0.000000 0.000000
vn 0.000000 1.000000 0.000000
vn 0.000000 1.000000 0.000000
vn 0.000000 1.000000 0.000000
vn 0.000000 1.000000 0.000000
vn 1.000000 0.000000 0.000000
vn 1.000000 0.000000 0.000000
vn 1.000000 0.000000 0.000000
vn 1.000000 0.000000 0.000000
vn 0.000000 -1.000000 0.000000
vn 0.000000 -1.000000 0.000000
vn 0.000000 -1.000000 0.000000
vn 0.000000 -1.000000 0.000000
vn 0.000000 0.000000 1.000000
vn 0.000000 0.000000 1.000000
vn 0.000000 0.000000 1.000000
vn 0.000000 0.000000 1.000000
vn 0.000000 0.000000 -1.000000
vn 0.000000 0.000000 -1.000000
vn 0.000000 0.000000 -1.000000
vn 0.000000 0.000000 -1.000000
vn 0.000000 0.545370 -0.838196
vn 0.000000 0.545370 -0.838196
vn 0.000000 0.545370 -0.838196
vn 0.000000 0.545370 -0.838196
vn 0.345812 0.000000 -0.938304
vn 0.345812 0.000000 -0.938304
vn 0.345812 0.000000 -0.938304
vn 0.345812 0.000000 -0.938304
vn 0.000000 -0.545369 -0.838196
vn 0.000000 -0.545369 -0.838196
vn 0.000000 -0.545370 -0.838196
vn 0.000000 -0.545370 -0.838196
vn -0.345812 0.000000 -0.938304
vn -0.345812 0.000000 -0.938304
vn -0.345812 0.000000 -0.938304
vn -0.345812 0.000000 -0.938304
s off
g Windows
usemtl initialShadingGroup
f 1/1/1 2/2/2 4/3/3 3/4/4
f 3/4/5 4/3/6 6/5/7 5/6/8
f 5/6/9 6/5/10 8/7/11 7/8/12
f 7/8/13 8/7/14 2/2/15 1/1/16
f 2/2/17 8/7/18 6/5/19 4/3/20
f 9/9/21 10/708/22 11/707/23 12/705/24
f 7/8/25 1/1/26 10/10/27 9/706/28
f 1/1/29 3/4/30 11/11/31 10/10/32
f 3/4/33 5/6/34 12/12/35 11/11/36
f 5/6/37 7/8/38 9/706/39 12/12/40
f 13/13/41 14/14/42 16/15/43 15/16/44
f 15/16/45 16/15/46 18/17/47 17/18/48
f 17/18/49 18/17/50 20/19/51 19/20/52
f 19/20/53 20/19/54 14/14/55 13/13/56
f 14/14/57 20/19/58 18/17/59 16/15/60
f 21/21/61 22/720/62 23/719/63 24/717/64
f 19/20/65 13/13/66 22/22/67 21/718/68
f 13/13/69 15/16/70 23/23/71 22/22/72
f 15/16/73 17/18/74 24/24/75 23/23/76
f 17/18/77 19/20/78 21/718/79 24/24/80
f 25/25/81 26/26/82 28/27/83 27/28/84
f 27/28/85 28/27/86 30/29/87 29/30/88
f 29/30/89 30/29/90 32/31/91 31/32/92
f 31/32/93 32/31/94 26/26/95 25/25/96
f 26/26/97 32/31/98 30/29/99 28/27/100
f 33/33/101 34/704/102 35/703/103 36/701/104
f 31/32/105 25/25/106 34/34/107 33/702/108
f 25/25/109 27/28/110 35/35/111 34/34/112
f 27/28/113 29/30/114 36/36/115 35/35/116
f 29/30/117 31/32/118 33/702/119 36/36/120
f 37/37/121 38/38/122 40/39/123 39/40/124
f 39/40/125 40/39/126 42/41/127 41/42/128
f 41/42/129 42/41/130 44/43/131 43/44/132
f 43/44/133 44/43/134 38/38/135 37/37/136
f 38/38/137 44/43/138 42/41/139 40/39/140
f 45/45/141 46/700/142 47/699/143 48/697/144
f 43/44/145 37/37/146 46/46/147 45/698/148
f 37/37/149 39/40/150 47/47/151 46/46/152
f 39/40/153 41/42/154 48/48/155 47/47/156
f 41/42/157 43/44/158 45/698/159 48/48/160
f 49/49/161 50/50/162 52/51/163 51/52/164
f 51/52/165 52/51/166 54/53/167 53/54/168
f 53/54/169 54/53/170 56/55/171 55/56/172
f 55/56/173 56/55/174 50/50/175 49/49/176
f 50/50/177 56/55/178 54/53/179 52/51/180
f 57/57/181 58/696/182 59/695/183 60/693/184
f 55/56/185 49/49/186 58/58/187 57/694/188
f 49/49/189 51/52/190 59/59/191 58/58/192
f 51/52/193 53/54/194 60/60/195 59/59/196
f 53/54/197 55/56/198 57/694/199 60/60/200
f 61/61/201 62/62/202 64/63/203 63/64/204
f 63/64/205 64/63/206 66/65/207 65/66/208
f 65/66/209 66/65/210 68/67/211 67/68/212
f 67/68/213 68/67/214 62/62/215 61/61/216
f 62/62/217 68/67/218 66/65/219 64/63/220
f 69/69/221 70/692/222 71/691/223 72/689/224
f 67/68/225 61/61/226 70/70/227 69/690/228
f 61/61/229 63/64/230 71/71/231 70/70/232
f 63/64/233 65/66/234 72/72/235 71/71/236
f 65/66/237 67/68/238 69/690/239 72/72/240
f 73/73/241 74/74/242 76/75/243 75/76/244
f 75/76/245 76/75/246 78/77/247 77/78/248
f 77/78/249 78/77/250 80/79/251 79/80/252
f 79/80/253 80/79/254 74/74/255 73/73/256
f 74/74/257 80/79/258 78/77/259 76/75/260
f 81/81/261 82/688/262 83/687/263 84/685/264
f 79/80/265 73/73/266 82/82/267 81/686/268
f 73/73/269 75/76/270 83/83/271 82/82/272
f 75/76/273 77/78/274 84/84/275 83/83/276
f 77/78/277 79/80/278 81/686/279 84/84/280
f 85/85/281 86/86/282 88/87/283 87/88/284
f 87/88/285 88/87/286 90/89/287 89/90/288
f 89/90/289 90/89/290 92/91/291 91/92/292
f 91/92/293 92/91/294 86/86/295 85/85/296
f 86/86/297 92/91/298 90/89/299 88/87/300
f 93/93/301 94/684/302 95/683/303 96/681/304
f 91/92/305 85/85/306 94/94/307 93/682/308
f 85/85/309 87/88/310 95/95/311 94/94/312
f 87/88/313 89/90/314 96/96/315 95/95/316
f 89/90/317 91/92/318 93/682/319 96/96/320
f 97/97/321 98/98/322 100/99/323 99/100/324
f 99/100/325 100/99/326 102/101/327 101/102/328
f 101/102/329 102/101/330 104/103/331 103/104/332
f 103/104/333 104/103/334 98/98/335 97/97/336
f 98/98/337 104/103/338 102/101/339 100/99/340
f 105/105/341 106/680/342 107/679/343 108/677/344
f 103/104/345 97/97/346 106/106/347 105/678/348
f 97/97/349 99/100/350 107/107/351 106/106/352
f 99/100/353 101/102/354 108/108/355 107/107/356
f 101/102/357 103/104/358 105/678/359 108/108/360
f 109/109/361 110/110/362 112/111/363 111/112/364
f 111/112/365 112/111/366 114/113/367 113/114/368
f 113/114/369 114/113/370 116/115/371 115/116/372
f 115/116/373 116/115/374 110/110/375 109/109/376
f 110/110/377 116/115/378 114/113/379 112/111/380
f 117/117/381 118/716/382 119/715/383 120/713/384
f 115/116/385 109/109/386 118/118/387 117/714/388
f 109/109/389 111/112/390 119/119/391 118/118/392
f 111/112/393 113/114/394 120/120/395 119/119/396
f 113/114/397 115/116/398 117/714/399 120/120/400
f 121/121/401 122/122/402 124/123/403 123/124/404
f 123/124/405 124/123/406 126/125/407 125/126/408
f 125/126/409 126/125/410 128/127/411 127/128/412
f 127/128/413 128/127/414 122/122/415 121/121/416
f 122/122/417 128/127/418 126/125/419 124/123/420
f 129/129/421 130/676/422 131/675/423 132/673/424
f 127/128/425 121/121/426 130/130/427 129/674/428
f 121/121/429 123/124/430 131/131/431 130/130/432
f 123/124/433 125/126/434 132/132/435 131/131/436
f 125/126/437 127/128/438 129/674/439 132/132/440
f 133/133/441 134/134/442 136/135/443 135/136/444
f 135/136/445 136/135/446 138/137/447 137/138/448
f 137/138/449 138/137/450 140/139/451 139/140/452
f 139/140/453 140/139/454 134/134/455 133/133/456
f 134/134/457 140/139/458 138/137/459 136/135/460
f 141/141/461 142/672/462 143/671/463 144/669/464
f 139/140/465 133/133/466 142/142/467 141/670/468
f 133/133/469 135/136/470 143/143/471 142/142/472
f 135/136/473 137/138/474 144/144/475 143/143/476
f 137/138/477 139/140/478 141/670/479 144/144/480
f 145/145/481 146/146/482 148/147/483 147/148/484
f 147/148/485 148/147/486 150/149/487 149/150/488
f 149/150/489 150/149/490 152/151/491 151/152/492
f 151/152/493 152/151/494 146/146/495 145/145/496
f 146/146/497 152/151/498 150/149/499 148/147/500
f 153/153/501 154/668/502 155/667/503 156/665/504
f 151/152/505 145/145/506 154/154/507 153/666/508
f 145/145/509 147/148/510 155/155/511 154/154/512
f 147/148/513 149/150/514 156/156/515 155/155/516
f 149/150/517 151/152/518 153/666/519 156/156/520
f 157/157/521 158/158/522 160/159/523 159/160/524
f 159/160/525 160/159/526 162/161/527 161/162/528
f 161/162/529 162/161/530 164/163/531 163/164/532
f 163/164/533 164/163/534 158/158/535 157/157/536
f 158/158/537 164/163/538 162/161/539 160/159/540
f 165/165/541 166/664/542 167/663/543 168/661/544
f 163/164/545 157/157/546 166/166/547 165/662/548
f 157/157/549 159/160/550 167/167/551 166/166/552
f 159/160/553 161/162/554 168/168/555 167/167/556
f 161/162/557 163/164/558 165/662/559 168/168/560
f 169/169/561 170/170/562 172/171/563 171/172/564
f 171/172/565 172/171/566 174/173/567 173/174/568
f 173/174/569 174/173/570 176/175/571 175/176/572
f 175/176/573 176/175/574 170/170/575 169/169/576
f 170/170/577 176/175/578 174/173/579 172/171/580
f 177/177/581 178/660/582 179/659/583 180/657/584
f 175/176/585 169/169/586 178/178/587 177/658/588
f 169/169/589 171/172/590 179/179/591 178/178/592
f 171/172/593 173/174/594 180/180/595 179/179/596
f 173/174/597 175/176/598 177/658/599 180/180/600
f 181/181/601 182/182/602 184/183/603 183/184/604
f 183/184/605 184/183/606 186/185/607 185/186/608
f 185/186/609 186/185/610 188/187/611 187/188/612
f 187/188/613 188/187/614 182/182/615 181/181/616
f 182/182/617 188/187/618 186/185/619 184/183/620
f 189/189/621 190/656/622 191/655/623 192/653/624
f 187/188/625 181/181/626 190/190/627 189/654/628
f 181/181/629 183/184/630 191/191/631 190/190/632
f 183/184/633 185/186/634 192/192/635 191/191/636
f 185/186/637 187/188/638 189/654/639 192/192/640
f 193/193/641 194/194/642 196/195/643 195/196/644
f 195/196/645 196/195/646 198/197/647 197/198/648
f 197/198/649 198/197/650 200/199/651 199/200/652
f 199/200/653 200/199/654 194/194/655 193/193/656
f 194/194/657 200/199/658 198/197/659 196/195/660
f 201/201/661 202/652/662 203/651/663 204/649/664
f 199/200/665 193/193/666 202/202/667 201/650/668
f 193/193/669 195/196/670 203/203/671 202/202/672
f 195/196/673 197/198/674 204/204/675 203/203/676
f 197/198/677 199/200/678 201/650/679 204/204/680
f 205/205/681 206/206/682 208/207/683 207/208/684
f 207/208/685 208/207/686 210/209/687 209/210/688
f 209/210/689 210/209/690 212/211/691 211/212/692
f 211/212/693 212/211/694 206/206/695 205/205/696
f 206/206/697 212/211/698 210/209/699 208/207/700
f 213/213/701 214/648/702 215/647/703 216/645/704
f 211/212/705 205/205/706 214/214/707 213/646/708
f 205/205/709 207/208/710 215/215/711 214/214/712
f 207/208/713 209/210/714 216/216/715 215/215/716
f 209/210/717 211/212/718 213/646/719 216/216/720
f 217/217/721 218/218/722 220/219/723 219/220/724
f 219/220/725 220/219/726 222/221/727 221/222/728
f 221/222/729 222/221/730 224/223/731 223/224/732
f 223/224/733 224/223/734 218/218/735 217/217/736
f 218/218/737 224/223/738 222/221/739 220/219/740
f 225/225/741 226/644/742 227/643/743 228/641/744
f 223/224/745 217/217/746 226/226/747 225/642/748
f 217/217/749 219/220/750 227/227/751 226/226/752
f 219/220/753 221/222/754 228/228/755 227/227/756
f 221/222/757 223/224/758 225/642/759 228/228/760
f 229/229/761 230/230/762 232/231/763 231/232/764
f 231/232/765 232/231/766 234/233/767 233/234/768
f 233/234/769 234/233/770 236/235/771 235/236/772
f 235/236/773 236/235/774 230/230/775 229/229/776
f 230/230/777 236/235/778 234/233/779 232/231/780
f 237/237/781 238/640/782 239/639/783 240/637/784
f 235/236/785 229/229/786 238/238/787 237/638/788
f 229/229/789 231/232/790 239/239/791 238/238/792
f 231/232/793 233/234/794 240/240/795 239/239/796
f 233/234/797 235/236/798 237/638/799 240/240/800
f 241/241/801 242/242/802 244/243/803 243/244/804
f 243/244/805 244/243/806 246/245/807 245/246/808
f 245/246/809 246/245/810 248/247/811 247/248/812
f 247/248/813 248/247/814 242/242/815 241/241/816
f 242/242/817 248/247/818 246/245/819 244/243/820
f 249/249/821 250/636/822 251/635/823 252/633/824
f 247/248/825 241/241/826 250/250/827 249/634/828
f 241/241/829 243/244/830 251/251/831 250/250/832
f 243/244/833 245/246/834 252/252/835 251/251/836
f 245/246/837 247/248/838 249/634/839 252/252/840
f 253/253/841 254/254/842 256/255/843 255/256/844
f 255/256/845 256/255/846 258/257/847 257/258/848
f 257/258/849 258/257/850 260/259/851 259/260/852
f 259/260/853 260/259/854 254/254/855 253/253/856
f 254/254/857 260/259/858 258/257/859 256/255/860
f 261/261/861 262/632/862 263/631/863 264/629/864
f 259/260/865 253/253/866 262/262/867 261/630/868
f 253/253/869 255/256/870 263/263/871 262/262/872
f 255/256/873 257/258/874 264/264/875 263/263/876
f 257/258/877 259/260/878 261/630/879 264/264/880
f 265/265/881 266/266/882 268/267/883 267/268/884
f 267/268/885 268/267/886 270/269/887 269/270/888
f 269/270/889 270/269/890 272/271/891 271/272/892
f 271/272/893 272/271/894 266/266/895 265/265/896
f 266/266/897 272/271/898 270/269/899 268/267/900
f 273/273/901 274/628/902 275/627/903 276/625/904
f 271/272/905 265/265/906 274/274/907 273/626/908
f 265/265/909 267/268/910 275/275/911 274/274/912
f 267/268/913 269/270/914 276/276/915 275/275/916
f 269/270/917 271/272/918 273/626/919 276/276/920
f 277/277/921 278/278/922 280/279/923 279/280/924
f 279/280/925 280/279/926 282/281/927 281/282/928
f 281/282/929 282/281/930 284/283/931 283/284/932
f 283/284/933 284/283/934 278/278/935 277/277/936
f 278/278/937 284/283/938 282/281/939 280/279/940
f 285/285/941 286/624/942 287/623/943 288/621/944
f 283/284/945 277/277/946 286/286/947 285/622/948
f 277/277/949 279/280/950 287/287/951 286/286/952
f 279/280/953 281/282/954 288/288/955 287/287/956
f 281/282/957 283/284/958 285/622/959 288/288/960
f 289/289/961 290/290/962 292/291/963 291/292/964
f 291/292/965 292/291/966 294/293/967 293/294/968
f 293/294/969 294/293/970 296/295/971 295/296/972
f 295/296/973 296/295/974 290/290/975 289/289/976
f 290/290/977 296/295/978 294/293/979 292/291/980
f 297/297/981 298/620/982 299/619/983 300/617/984
f 295/296/985 289/289/986 298/298/987 297/618/988
f 289/289/989 291/292/990 299/299/991 298/298/992
f 291/292/993 293/294/994 300/300/995 299/299/996
f 293/294/997 295/296/998 297/618/999 300/300/1000
f 301/301/1001 302/302/1002 304/303/1003 303/304/1004
f 303/304/1005 304/303/1006 306/305/1007 305/306/1008
f 305/306/1009 306/305/1010 308/307/1011 307/308/1012
f 307/308/1013 308/307/1014 302/302/1015 301/301/1016
f 302/302/1017 308/307/1018 306/305/1019 304/303/1020
f 309/309/1021 310/616/1022 311/615/1023 312/613/1024
f 307/308/1025 301/301/1026 310/310/1027 309/614/1028
f 301/301/1029 303/304/1030 311/311/1031 310/310/1032
f 303/304/1033 305/306/1034 312/312/1035 311/311/1036
f 305/306/1037 307/308/1038 309/614/1039 312/312/1040
f 313/313/1041 314/314/1042 316/315/1043 315/316/1044
f 315/316/1045 316/315/1046 318/317/1047 317/318/1048
f 317/318/1049 318/317/1050 320/319/1051 319/320/1052
f 319/320/1053 320/319/1054 314/314/1055 313/313/1056
f 314/314/1057 320/319/1058 318/317/1059 316/315/1060
f 321/321/1061 322/612/1062 323/611/1063 324/609/1064
f 319/320/1065 313/313/1066 322/322/1067 321/610/1068
f 313/313/1069 315/316/1070 323/323/1071 322/322/1072
f 315/316/1073 317/318/1074 324/324/1075 323/323/1076
f 317/318/1077 319/320/1078 321/610/1079 324/324/1080
f 325/325/1081 326/326/1082 328/327/1083 327/328/1084
f 327/328/1085 328/327/1086 330/329/1087 329/330/1088
f 329/330/1089 330/329/1090 332/331/1091 331/332/1092
f 331/332/1093 332/331/1094 326/326/1095 325/325/1096
f 326/326/1097 332/331/1098 330/329/1099 328/327/1100
f 333/333/1101 334/608/1102 335/607/1103 336/605/1104
f 331/332/1105 325/325/1106 334/334/1107 333/606/1108
f 325/325/1109 327/328/1110 335/335/1111 334/334/1112
f 327/328/1113 329/330/1114 336/336/1115 335/335/1116
f 329/330/1117 331/332/1118 333/606/1119 336/336/1120
f 337/337/1121 338/338/1122 340/339/1123 339/340/1124
f 339/340/1125 340/339/1126 342/341/1127 341/342/1128
f 341/342/1129 342/341/1130 344/343/1131 343/344/1132
f 343/344/1133 344/343/1134 338/338/1135 337/337/1136
f 338/338/1137 344/343/1138 342/341/1139 340/339/1140
f 345/345/1141 346/604/1142 347/603/1143 348/601/1144
f 343/344/1145 337/337/1146 346/346/1147 345/602/1148
f 337/337/1149 339/340/1150 347/347/1151 346/346/1152
f 339/340/1153 341/342/1154 348/348/1155 347/347/1156
f 341/342/1157 343/344/1158 345/602/1159 348/348/1160
f 349/349/1161 350/350/1162 352/351/1163 351/352/1164
f 351/352/1165 352/351/1166 354/353/1167 353/354/1168
f 353/354/1169 354/353/1170 356/355/1171 355/356/1172
f 355/356/1173 356/355/1174 350/350/1175 349/349/1176
f 350/350/1177 356/355/1178 354/353/1179 352/351/1180
f 357/357/1181 358/600/1182 359/599/1183 360/597/1184
f 355/356/1185 349/349/1186 358/358/1187 357/598/1188
f 349/349/1189 351/352/1190 359/359/1191 358/358/1192
f 351/352/1193 353/354/1194 360/360/1195 359/359/1196
f 353/354/1197 355/356/1198 357/598/1199 360/360/1200
f 361/361/1201 362/362/1202 364/363/1203 363/364/1204
f 363/364/1205 364/363/1206 366/365/1207 365/366/1208
f 365/366/1209 366/365/1210 368/367/1211 367/368/1212
f 367/368/1213 368/367/1214 362/362/1215 361/361/1216
f 362/362/1217 368/367/1218 366/365/1219 364/363/1220
f 369/369/1221 370/596/1222 371/595/1223 372/593/1224
f 367/368/1225 361/361/1226 370/370/1227 369/594/1228
f 361/361/1229 363/364/1230 371/371/1231 370/370/1232
f 363/364/1233 365/366/1234 372/372/1235 371/371/1236
f 365/366/1237 367/368/1238 369/594/1239 372/372/1240
f 373/373/1241 374/374/1242 376/375/1243 375/376/1244
f 375/376/1245 376/375/1246 378/377/1247 377/378/1248
f 377/378/1249 378/377/1250 380/379/1251 379/380/1252
f 379/380/1253 380/379/1254 374/374/1255 373/373/1256
f 374/374/1257 380/379/1258 378/377/1259 376/375/1260
f 381/381/1261 382/592/1262 383/591/1263 384/589/1264
f 379/380/1265 373/373/1266 382/382/1267 381/590/1268
f 373/373/1269 375/376/1270 383/383/1271 382/382/1272
f 375/376/1273 377/378/1274 384/384/1275 383/383/1276
f 377/378/1277 379/380/1278 381/590/1279 384/384/1280
f 385/385/1281 386/386/1282 388/387/1283 387/388/1284
f 387/388/1285 388/387/1286 390/389/1287 389/390/1288
f 389/390/1289 390/389/1290 392/391/1291 391/392/1292
f 391/392/1293 392/391/1294 386/386/1295 385/385/1296
f 386/386/1297 392/391/1298 390/389/1299 388/387/1300
f 393/393/1301 394/588/1302 395/587/1303 396/585/1304
f 391/392/1305 385/385/1306 394/394/1307 393/586/1308
f 385/385/1309 387/388/1310 395/395/1311 394/394/1312
f 387/388/1313 389/390/1314 396/396/1315 395/395/1316
f 389/390/1317 391/392/1318 393/586/1319 396/396/1320
f 397/397/1321 398/398/1322 400/399/1323 399/400/1324
f 399/400/1325 400/399/1326 402/401/1327 401/402/1328
f 401/402/1329 402/401/1330 404/403/1331 403/404/1332
f 403/404/1333 404/403/1334 398/398/1335 397/397/1336
f 398/398/1337 404/403/1338 402/401/1339 400/399/1340
f 405/405/1341 406/584/1342 407/583/1343 408/581/1344
f 403/404/1345 397/397/1346 406/406/1347 405/582/1348
f 397/397/1349 399/400/1350 407/407/1351 406/406/1352
f 399/400/1353 401/402/1354 408/408/1355 407/407/1356
f 401/402/1357 403/404/1358 405/582/1359 408/408/1360
f 409/409/1361 410/410/1362 412/411/1363 411/412/1364
f 411/412/1365 412/411/1366 414/413/1367 413/414/1368
f 413/414/1369 414/413/1370 416/415/1371 415/416/1372
f 415/416/1373 416/415/1374 410/410/1375 409/409/1376
f 410/410/1377 416/415/1378 414/413/1379 412/411/1380
f 417/417/1381 418/580/1382 419/579/1383 420/577/1384
f 415/416/1385 409/409/1386 418/418/1387 417/578/1388
f 409/409/1389 411/412/1390 419/419/1391 418/418/1392
f 411/412/1393 413/414/1394 420/420/1395 419/419/1396
f 413/414/1397 415/416/1398 417/578/1399 420/420/1400
f 421/421/1401 422/422/1402 424/423/1403 423/424/1404
f 423/424/1405 424/423/1406 426/425/1407 425/426/1408
f 425/426/1409 426/425/1410 428/427/1411 427/428/1412
f 427/428/1413 428/427/1414 422/422/1415 421/421/1416
f 422/422/1417 428/427/1418 426/425/1419 424/423/1420
f 429/429/1421 430/576/1422 431/575/1423 432/573/1424
f 427/428/1425 421/421/1426 430/430/1427 429/574/1428
f 421/421/1429 423/424/1430 431/431/1431 430/430/1432
f 423/424/1433 425/426/1434 432/432/1435 431/431/1436
f 425/426/1437 427/428/1438 429/574/1439 432/432/1440
f 433/433/1441 434/434/1442 436/435/1443 435/436/1444
f 435/436/1445 436/435/1446 438/437/1447 437/438/1448
f 437/438/1449 438/437/1450 440/439/1451 439/440/1452
f 439/440/1453 440/439/1454 434/434/1455 433/433/1456
f 434/434/1457 440/439/1458 438/437/1459 436/435/1460
f 441/441/1461 442/572/1462 443/571/1463 444/569/1464
f 439/440/1465 433/433/1466 442/442/1467 441/570/1468
f 433/433/1469 435/436/1470 443/443/1471 442/442/1472
f 435/436/1473 437/438/1474 444/444/1475 443/443/1476
f 437/438/1477 439/440/1478 441/570/1479 444/444/1480
f 445/445/1481 446/446/1482 448/447/1483 447/448/1484
f 447/448/1485 448/447/1486 450/449/1487 449/450/1488
f 449/450/1489 450/449/1490 452/451/1491 451/452/1492
f 451/452/1493 452/451/1494 446/446/1495 445/445/1496
f 446/446/1497 452/451/1498 450/449/1499 448/447/1500
f 453/453/1501 454/568/1502 455/567/1503 456/565/1504
f 451/452/1505 445/445/1506 454/454/1507 453/566/1508
f 445/445/1509 447/448/1510 455/455/1511 454/454/1512
f 447/448/1513 449/450/1514 456/456/1515 455/455/1516
f 449/450/1517 451/452/1518 453/566/1519 456/456/1520
f 457/457/1521 458/458/1522 460/459/1523 459/460/1524
f 459/460/1525 460/459/1526 462/461/1527 461/462/1528
f 461/462/1529 462/461/1530 464/463/1531 463/464/1532
f 463/464/1533 464/463/1534 458/458/1535 457/457/1536
f 458/458/1537 464/463/1538 462/461/1539 460/459/1540
f 465/465/1541 466/564/1542 467/563/1543 468/561/1544
f 463/464/1545 457/457/1546 466/466/1547 465/562/1548
f 457/457/1549 459/460/1550 467/467/1551 466/466/1552
f 459/460/1553 461/462/1554 468/468/1555 467/467/1556
f 461/462/1557 463/464/1558 465/562/1559 468/468/1560
f 469/469/1561 470/470/1562 472/471/1563 471/472/1564
f 471/472/1565 472/471/1566 474/473/1567 473/474/1568
f 473/474/1569 474/473/1570 476/475/1571 475/476/1572
f 475/476/1573 476/475/1574 470/470/1575 469/469/1576
f 470/470/1577 476/475/1578 474/473/1579 472/471/1580
f 477/477/1581 478/560/1582 479/559/1583 480/557/1584
f 475/476/1585 469/469/1586 478/478/1587 477/558/1588
f 469/469/1589 471/472/1590 479/479/1591 478/478/1592
f 471/472/1593 473/474/1594 480/480/1595 479/479/1596
f 473/474/1597 475/476/1598 477/558/1599 480/480/1600
f 481/481/1601 482/482/1602 484/483/1603 483/484/1604
f 483/484/1605 484/483/1606 486/485/1607 485/486/1608
f 485/486/1609 486/485/1610 488/487/1611 487/488/1612
f 487/488/1613 488/487/1614 482/482/1615 481/481/1616
f 482/482/1617 488/487/1618 486/485/1619 484/483/1620
f 489/489/1621 490/556/1622 491/555/1623 492/553/1624
f 487/488/1625 481/481/1626 490/490/1627 489/554/1628
f 481/481/1629 483/484/1630 491/491/1631 490/490/1632
f 483/484/1633 485/486/1634 492/492/1635 491/491/1636
f 485/486/1637 487/488/1638 489/554/1639 492/492/1640
f 493/493/1641 494/494/1642 496/495/1643 495/496/1644
f 495/496/1645 496/495/1646 498/497/1647 497/498/1648
f 497/498/1649 498/497/1650 500/499/1651 499/500/1652
f 499/500/1653 500/499/1654 494/494/1655 493/493/1656
f 494/494/1657 500/499/1658 498/497/1659 496/495/1660
f 501/501/1661 502/552/1662 503/551/1663 504/549/1664
f 499/500/1665 493/493/1666 502/502/1667 501/550/1668
f 493/493/1669 495/496/1670 503/503/1671 502/502/1672
f 495/496/1673 497/498/1674 504/504/1675 503/503/1676
f 497/498/1677 499/500/1678 501/550/1679 504/504/1680
f 505/505/1681 506/506/1682 508/507/1683 507/508/1684
f 507/508/1685 508/507/1686 510/509/1687 509/510/1688
f 509/510/1689 510/509/1690 512/511/1691 511/512/1692
f 511/512/1693 512/511/1694 506/506/1695 505/505/1696
f 506/506/1697 512/511/1698 510/509/1699 508/507/1700
f 513/513/1701 514/548/1702 515/547/1703 516/545/1704
f 511/512/1705 505/505/1706 514/514/1707 513/546/1708
f 505/505/1709 507/508/1710 515/515/1711 514/514/1712
f 507/508/1713 509/510/1714 516/516/1715 515/515/1716
f 509/510/1717 511/512/1718 513/546/1719 516/516/1720
f 517/517/1721 518/518/1722 520/519/1723 519/520/1724
f 519/520/1725 520/519/1726 522/521/1727 521/522/1728
f 521/522/1729 522/521/1730 524/523/1731 523/524/1732
f 523/524/1733 524/523/1734 518/518/1735 517/517/1736
f 518/518/1737 524/523/1738 522/521/1739 520/519/1740
f 525/525/1741 526/544/1742 527/543/1743 528/541/1744
f 523/524/1745 517/517/1746 526/526/1747 525/542/1748
f 517/517/1749 519/520/1750 527/527/1751 526/526/1752
f 519/520/1753 521/522/1754 528/528/1755 527/527/1756
f 521/522/1757 523/524/1758 525/542/1759 528/528/1760
f 529/529/1761 530/530/1762 532/531/1763 531/532/1764
f 531/532/1765 532/531/1766 534/533/1767 533/534/1768
f 533/534/1769 534/533/1770 536/535/1771 535/536/1772
f 535/536/1773 536/535/1774 530/530/1775 529/529/1776
f 530/530/1777 536/535/1778 534/533/1779 532/531/1780
f 537/537/1781 538/712/1782 539/711/1783 540/709/1784
f 535/536/1785 529/529/1786 538/538/1787 537/710/1788
f 529/529/1789 531/532/1790 539/539/1791 538/538/1792
f 531/532/1793 533/534/1794 540/540/1795 539/539/1796
f 533/534/1797 535/536/1798 537/710/1799 540/540/1800
