# This file uses centimeters as units for non-parametric coordinates.

mtllib Window4.mtl
g default
v -6.245156 2.036600 3.548908
v -6.245156 2.036600 4.489229
v -6.245156 3.242952 3.548908
v -6.245156 3.242952 4.489229
v -5.692896 3.242952 3.548908
v -5.692896 3.242952 4.489229
v -5.692896 2.036600 3.548908
v -5.692896 2.036600 4.489229
v -6.183567 2.164202 3.676510
v -6.183567 2.164202 4.361627
v -6.183567 3.115350 4.361627
v -6.183567 3.115350 3.676510
v -6.245156 2.036600 1.447503
v -6.245156 2.036600 2.387824
v -6.245156 3.242952 1.447503
v -6.245156 3.242952 2.387824
v -5.692896 3.242952 1.447503
v -5.692896 3.242952 2.387824
v -5.692896 2.036600 1.447503
v -5.692896 2.036600 2.387824
v -6.183567 2.164202 1.575105
v -6.183567 2.164202 2.260222
v -6.183567 3.115350 2.260222
v -6.183567 3.115350 1.575105
v -6.245156 2.036600 -2.719297
v -6.245156 2.036600 -1.778975
v -6.245156 3.242952 -2.719297
v -6.245156 3.242952 -1.778975
v -5.692896 3.242952 -2.719297
v -5.692896 3.242952 -1.778975
v -5.692896 2.036600 -2.719297
v -5.692896 2.036600 -1.778975
v -6.183567 2.164202 -2.591694
v -6.183567 2.164202 -1.906577
v -6.183567 3.115350 -1.906577
v -6.183567 3.115350 -2.591694
v -6.245156 2.036600 -0.617892
v -6.245156 2.036600 0.322430
v -6.245156 3.242952 -0.617892
v -6.245156 3.242952 0.322430
v -5.692896 3.242952 -0.617892
v -5.692896 3.242952 0.322430
v -5.692896 2.036600 -0.617892
v -5.692896 2.036600 0.322430
v -6.183567 2.164202 -0.490289
v -6.183567 2.164202 0.194828
v -6.183567 3.115350 0.194828
v -6.183567 3.115350 -0.490289
v -6.245156 0.527120 -0.617892
v -6.245156 0.527120 0.322430
v -6.245156 1.733472 -0.617892
v -6.245156 1.733472 0.322430
v -5.692896 1.733472 -0.617892
v -5.692896 1.733472 0.322430
v -5.692896 0.527120 -0.617892
v -5.692896 0.527120 0.322430
v -6.183567 0.654722 -0.490289
v -6.183567 0.654722 0.194828
v -6.183567 1.605870 0.194828
v -6.183567 1.605870 -0.490289
v -6.245156 0.527120 -2.719297
v -6.245156 0.527120 -1.778975
v -6.245156 1.733472 -2.719297
v -6.245156 1.733472 -1.778975
v -5.692896 1.733472 -2.719297
v -5.692896 1.733472 -1.778975
v -5.692896 0.527120 -2.719297
v -5.692896 0.527120 -1.778975
v -6.183567 0.654722 -2.591694
v -6.183567 0.654722 -1.906577
v -6.183567 1.605870 -1.906577
v -6.183567 1.605870 -2.591694
v -6.245156 0.527120 1.447503
v -6.245156 0.527120 2.387824
v -6.245156 1.733472 1.447503
v -6.245156 1.733472 2.387824
v -5.692896 1.733472 1.447503
v -5.692896 1.733472 2.387824
v -5.692896 0.527120 1.447503
v -5.692896 0.527120 2.387824
v -6.183567 0.654722 1.575105
v -6.183567 0.654722 2.260222
v -6.183567 1.605870 2.260222
v -6.183567 1.605870 1.575105
v -6.245156 0.527120 3.548908
v -6.245156 0.527120 4.489229
v -6.245156 1.733472 3.548908
v -6.245156 1.733472 4.489229
v -5.692896 1.733472 3.548908
v -5.692896 1.733472 4.489229
v -5.692896 0.527120 3.548908
v -5.692896 0.527120 4.489229
v -6.183567 0.654722 3.676510
v -6.183567 0.654722 4.361627
v -6.183567 1.605870 4.361627
v -6.183567 1.605870 3.676510
v -6.245156 2.036600 -4.740125
v -6.245156 2.036600 -3.799804
v -6.245156 3.242952 -4.740125
v -6.245156 3.242952 -3.799804
v -5.692896 3.242952 -4.740125
v -5.692896 3.242952 -3.799804
v -5.692896 2.036600 -4.740125
v -5.692896 2.036600 -3.799804
v -6.183567 2.164202 -4.612523
v -6.183567 2.164202 -3.927406
v -6.183567 3.115350 -3.927406
v -6.183567 3.115350 -4.612523
v -6.245156 0.527120 -4.740125
v -6.245156 0.527120 -3.799804
v -6.245156 1.733472 -4.740125
v -6.245156 1.733472 -3.799804
v -5.692896 1.733472 -4.740125
v -5.692896 1.733472 -3.799804
v -5.692896 0.527120 -4.740125
v -5.692896 0.527120 -3.799804
v -6.183567 0.654722 -4.612523
v -6.183567 0.654722 -3.927406
v -6.183567 1.605870 -3.927406
v -6.183567 1.605870 -4.612523
v -6.245156 5.480853 -4.740125
v -6.245156 5.480853 -3.799804
v -6.245156 6.687205 -4.740125
v -6.245156 6.687205 -3.799804
v -5.692896 6.687205 -4.740125
v -5.692896 6.687205 -3.799804
v -5.692896 5.480853 -4.740125
v -5.692896 5.480853 -3.799804
v -6.183567 5.608456 -4.612523
v -6.183567 5.608456 -3.927406
v -6.183567 6.559603 -3.927406
v -6.183567 6.559603 -4.612523
v -6.245156 6.990333 3.548908
v -6.245156 6.990333 4.489229
v -6.245156 8.196685 3.548908
v -6.245156 8.196685 4.489229
v -5.692896 8.196685 3.548908
v -5.692896 8.196685 4.489229
v -5.692896 6.990333 3.548908
v -5.692896 6.990333 4.489229
v -6.183567 7.117935 3.676510
v -6.183567 7.117935 4.361627
v -6.183567 8.069082 4.361627
v -6.183567 8.069082 3.676510
v -6.245156 6.990333 1.447503
v -6.245156 6.990333 2.387824
v -6.245156 8.196685 1.447503
v -6.245156 8.196685 2.387824
v -5.692896 8.196685 1.447503
v -5.692896 8.196685 2.387824
v -5.692896 6.990333 1.447503
v -5.692896 6.990333 2.387824
v -6.183567 7.117935 1.575105
v -6.183567 7.117935 2.260222
v -6.183567 8.069082 2.260222
v -6.183567 8.069082 1.575105
v -6.245156 6.990333 -2.719297
v -6.245156 6.990333 -1.778975
v -6.245156 8.196685 -2.719297
v -6.245156 8.196685 -1.778975
v -5.692896 8.196685 -2.719297
v -5.692896 8.196685 -1.778975
v -5.692896 6.990333 -2.719297
v -5.692896 6.990333 -1.778975
v -6.183567 7.117935 -2.591694
v -6.183567 7.117935 -1.906577
v -6.183567 8.069082 -1.906577
v -6.183567 8.069082 -2.591694
v -6.245156 6.990333 -0.617892
v -6.245156 6.990333 0.322430
v -6.245156 8.196685 -0.617892
v -6.245156 8.196685 0.322430
v -5.692896 8.196685 -0.617892
v -5.692896 8.196685 0.322430
v -5.692896 6.990333 -0.617892
v -5.692896 6.990333 0.322430
v -6.183567 7.117935 -0.490289
v -6.183567 7.117935 0.194828
v -6.183567 8.069082 0.194828
v -6.183567 8.069082 -0.490289
v -6.245156 5.480853 -0.617892
v -6.245156 5.480853 0.322430
v -6.245156 6.687205 -0.617892
v -6.245156 6.687205 0.322430
v -5.692896 6.687205 -0.617892
v -5.692896 6.687205 0.322430
v -5.692896 5.480853 -0.617892
v -5.692896 5.480853 0.322430
v -6.183567 5.608456 -0.490289
v -6.183567 5.608456 0.194828
v -6.183567 6.559603 0.194828
v -6.183567 6.559603 -0.490289
v -6.245156 5.480853 -2.719297
v -6.245156 5.480853 -1.778975
v -6.245156 6.687205 -2.719297
v -6.245156 6.687205 -1.778975
v -5.692896 6.687205 -2.719297
v -5.692896 6.687205 -1.778975
v -5.692896 5.480853 -2.719297
v -5.692896 5.480853 -1.778975
v -6.183567 5.608456 -2.591694
v -6.183567 5.608456 -1.906577
v -6.183567 6.559603 -1.906577
v -6.183567 6.559603 -2.591694
v -6.245156 5.480853 1.447503
v -6.245156 5.480853 2.387824
v -6.245156 6.687205 1.447503
v -6.245156 6.687205 2.387824
v -5.692896 6.687205 1.447503
v -5.692896 6.687205 2.387824
v -5.692896 5.480853 1.447503
v -5.692896 5.480853 2.387824
v -6.183567 5.608456 1.575105
v -6.183567 5.608456 2.260222
v -6.183567 6.559603 2.260222
v -6.183567 6.559603 1.575105
v -6.245156 5.480853 3.548908
v -6.245156 5.480853 4.489229
v -6.245156 6.687205 3.548908
v -6.245156 6.687205 4.489229
v -5.692896 6.687205 3.548908
v -5.692896 6.687205 4.489229
v -5.692896 5.480853 3.548908
v -5.692896 5.480853 4.489229
v -6.183567 5.608456 3.676510
v -6.183567 5.608456 4.361627
v -6.183567 6.559603 4.361627
v -6.183567 6.559603 3.676510
v -6.245156 6.990333 -4.740125
v -6.245156 6.990333 -3.799804
v -6.245156 8.196685 -4.740125
v -6.245156 8.196685 -3.799804
v -5.692896 8.196685 -4.740125
v -5.692896 8.196685 -3.799804
v -5.692896 6.990333 -4.740125
v -5.692896 6.990333 -3.799804
v -6.183567 7.117935 -4.612523
v -6.183567 7.117935 -3.927406
v -6.183567 8.069082 -3.927406
v -6.183567 8.069082 -4.612523
v -3.548908 2.036600 -6.245156
v -4.489229 2.036600 -6.245156
v -3.548908 3.242952 -6.245156
v -4.489229 3.242952 -6.245156
v -3.548908 3.242952 -5.692896
v -4.489229 3.242952 -5.692896
v -3.548908 2.036600 -5.692896
v -4.489229 2.036600 -5.692896
v -3.676510 2.164202 -6.183567
v -4.361627 2.164202 -6.183567
v -4.361627 3.115350 -6.183567
v -3.676510 3.115350 -6.183567
v -1.447503 2.036600 -6.245156
v -2.387824 2.036600 -6.245156
v -1.447503 3.242952 -6.245156
v -2.387824 3.242952 -6.245156
v -1.447503 3.242952 -5.692896
v -2.387824 3.242952 -5.692896
v -1.447503 2.036600 -5.692896
v -2.387824 2.036600 -5.692896
v -1.575105 2.164202 -6.183567
v -2.260222 2.164202 -6.183567
v -2.260222 3.115350 -6.183567
v -1.575105 3.115350 -6.183567
v 2.719297 2.036600 -6.245156
v 1.778975 2.036600 -6.245156
v 2.719297 3.242952 -6.245156
v 1.778975 3.242952 -6.245156
v 2.719297 3.242952 -5.692896
v 1.778975 3.242952 -5.692896
v 2.719297 2.036600 -5.692896
v 1.778975 2.036600 -5.692896
v 2.591694 2.164202 -6.183567
v 1.906577 2.164202 -6.183567
v 1.906577 3.115350 -6.183567
v 2.591694 3.115350 -6.183567
v 0.617892 2.036600 -6.245156
v -0.322430 2.036600 -6.245156
v 0.617892 3.242952 -6.245156
v -0.322430 3.242952 -6.245156
v 0.617892 3.242952 -5.692896
v -0.322430 3.242952 -5.692896
v 0.617892 2.036600 -5.692896
v -0.322430 2.036600 -5.692896
v 0.490289 2.164202 -6.183567
v -0.194828 2.164202 -6.183567
v -0.194828 3.115350 -6.183567
v 0.490289 3.115350 -6.183567
v 0.617892 0.527120 -6.245156
v -0.322430 0.527120 -6.245156
v 0.617892 1.733472 -6.245156
v -0.322430 1.733472 -6.245156
v 0.617892 1.733472 -5.692896
v -0.322430 1.733472 -5.692896
v 0.617892 0.527120 -5.692896
v -0.322430 0.527120 -5.692896
v 0.490289 0.654722 -6.183567
v -0.194828 0.654722 -6.183567
v -0.194828 1.605870 -6.183567
v 0.490289 1.605870 -6.183567
v 2.719297 0.527120 -6.245156
v 1.778975 0.527120 -6.245156
v 2.719297 1.733472 -6.245156
v 1.778975 1.733472 -6.245156
v 2.719297 1.733472 -5.692896
v 1.778975 1.733472 -5.692896
v 2.719297 0.527120 -5.692896
v 1.778975 0.527120 -5.692896
v 2.591694 0.654722 -6.183567
v 1.906577 0.654722 -6.183567
v 1.906577 1.605870 -6.183567
v 2.591694 1.605870 -6.183567
v -1.447503 0.527120 -6.245156
v -2.387824 0.527120 -6.245156
v -1.447503 1.733472 -6.245156
v -2.387824 1.733472 -6.245156
v -1.447503 1.733472 -5.692896
v -2.387824 1.733472 -5.692896
v -1.447503 0.527120 -5.692896
v -2.387824 0.527120 -5.692896
v -1.575105 0.654722 -6.183567
v -2.260222 0.654722 -6.183567
v -2.260222 1.605870 -6.183567
v -1.575105 1.605870 -6.183567
v -3.548908 0.527120 -6.245156
v -4.489229 0.527120 -6.245156
v -3.548908 1.733472 -6.245156
v -4.489229 1.733472 -6.245156
v -3.548908 1.733472 -5.692896
v -4.489229 1.733472 -5.692896
v -3.548908 0.527120 -5.692896
v -4.489229 0.527120 -5.692896
v -3.676510 0.654722 -6.183567
v -4.361627 0.654722 -6.183567
v -4.361627 1.605870 -6.183567
v -3.676510 1.605870 -6.183567
v 4.740125 2.036600 -6.245156
v 3.799804 2.036600 -6.245156
v 4.740125 3.242952 -6.245156
v 3.799804 3.242952 -6.245156
v 4.740125 3.242952 -5.692896
v 3.799804 3.242952 -5.692896
v 4.740125 2.036600 -5.692896
v 3.799804 2.036600 -5.692896
v 4.612523 2.164202 -6.183567
v 3.927406 2.164202 -6.183567
v 3.927406 3.115350 -6.183567
v 4.612523 3.115350 -6.183567
v 4.740125 0.527120 -6.245156
v 3.799804 0.527120 -6.245156
v 4.740125 1.733472 -6.245156
v 3.799804 1.733472 -6.245156
v 4.740125 1.733472 -5.692896
v 3.799804 1.733472 -5.692896
v 4.740125 0.527120 -5.692896
v 3.799804 0.527120 -5.692896
v 4.612523 0.654722 -6.183567
v 3.927406 0.654722 -6.183567
v 3.927406 1.605870 -6.183567
v 4.612523 1.605870 -6.183567
v 4.740125 5.480853 -6.245156
v 3.799804 5.480853 -6.245156
v 4.740125 6.687205 -6.245156
v 3.799804 6.687205 -6.245156
v 4.740125 6.687205 -5.692896
v 3.799804 6.687205 -5.692896
v 4.740125 5.480853 -5.692896
v 3.799804 5.480853 -5.692896
v 4.612523 5.608456 -6.183567
v 3.927406 5.608456 -6.183567
v 3.927406 6.559603 -6.183567
v 4.612523 6.559603 -6.183567
v -3.548908 6.990333 -6.245156
v -4.489229 6.990333 -6.245156
v -3.548908 8.196685 -6.245156
v -4.489229 8.196685 -6.245156
v -3.548908 8.196685 -5.692896
v -4.489229 8.196685 -5.692896
v -3.548908 6.990333 -5.692896
v -4.489229 6.990333 -5.692896
v -3.676510 7.117935 -6.183567
v -4.361627 7.117935 -6.183567
v -4.361627 8.069082 -6.183567
v -3.676510 8.069082 -6.183567
v -1.447503 6.990333 -6.245156
v -2.387824 6.990333 -6.245156
v -1.447503 8.196685 -6.245156
v -2.387824 8.196685 -6.245156
v -1.447503 8.196685 -5.692896
v -2.387824 8.196685 -5.692896
v -1.447503 6.990333 -5.692896
v -2.387824 6.990333 -5.692896
v -1.575105 7.117935 -6.183567
v -2.260222 7.117935 -6.183567
v -2.260222 8.069082 -6.183567
v -1.575105 8.069082 -6.183567
v 2.719297 6.990333 -6.245156
v 1.778975 6.990333 -6.245156
v 2.719297 8.196685 -6.245156
v 1.778975 8.196685 -6.245156
v 2.719297 8.196685 -5.692896
v 1.778975 8.196685 -5.692896
v 2.719297 6.990333 -5.692896
v 1.778975 6.990333 -5.692896
v 2.591694 7.117935 -6.183567
v 1.906577 7.117935 -6.183567
v 1.906577 8.069082 -6.183567
v 2.591694 8.069082 -6.183567
v 0.617892 6.990333 -6.245156
v -0.322430 6.990333 -6.245156
v 0.617892 8.196685 -6.245156
v -0.322430 8.196685 -6.245156
v 0.617892 8.196685 -5.692896
v -0.322430 8.196685 -5.692896
v 0.617892 6.990333 -5.692896
v -0.322430 6.990333 -5.692896
v 0.490289 7.117935 -6.183567
v -0.194828 7.117935 -6.183567
v -0.194828 8.069082 -6.183567
v 0.490289 8.069082 -6.183567
v 0.617892 5.480853 -6.245156
v -0.322430 5.480853 -6.245156
v 0.617892 6.687205 -6.245156
v -0.322430 6.687205 -6.245156
v 0.617892 6.687205 -5.692896
v -0.322430 6.687205 -5.692896
v 0.617892 5.480853 -5.692896
v -0.322430 5.480853 -5.692896
v 0.490289 5.608456 -6.183567
v -0.194828 5.608456 -6.183567
v -0.194828 6.559603 -6.183567
v 0.490289 6.559603 -6.183567
v 2.719297 5.480853 -6.245156
v 1.778975 5.480853 -6.245156
v 2.719297 6.687205 -6.245156
v 1.778975 6.687205 -6.245156
v 2.719297 6.687205 -5.692896
v 1.778975 6.687205 -5.692896
v 2.719297 5.480853 -5.692896
v 1.778975 5.480853 -5.692896
v 2.591694 5.608456 -6.183567
v 1.906577 5.608456 -6.183567
v 1.906577 6.559603 -6.183567
v 2.591694 6.559603 -6.183567
v -1.447503 5.480853 -6.245156
v -2.387824 5.480853 -6.245156
v -1.447503 6.687205 -6.245156
v -2.387824 6.687205 -6.245156
v -1.447503 6.687205 -5.692896
v -2.387824 6.687205 -5.692896
v -1.447503 5.480853 -5.692896
v -2.387824 5.480853 -5.692896
v -1.575105 5.608456 -6.183567
v -2.260222 5.608456 -6.183567
v -2.260222 6.559603 -6.183567
v -1.575105 6.559603 -6.183567
v -3.548908 5.480853 -6.245156
v -4.489229 5.480853 -6.245156
v -3.548908 6.687205 -6.245156
v -4.489229 6.687205 -6.245156
v -3.548908 6.687205 -5.692896
v -4.489229 6.687205 -5.692896
v -3.548908 5.480853 -5.692896
v -4.489229 5.480853 -5.692896
v -3.676510 5.608456 -6.183567
v -4.361627 5.608456 -6.183567
v -4.361627 6.559603 -6.183567
v -3.676510 6.559603 -6.183567
v 4.740125 6.990333 -6.245156
v 3.799804 6.990333 -6.245156
v 4.740125 8.196685 -6.245156
v 3.799804 8.196685 -6.245156
v 4.740125 8.196685 -5.692896
v 3.799804 8.196685 -5.692896
v 4.740125 6.990333 -5.692896
v 3.799804 6.990333 -5.692896
v 4.612523 7.117935 -6.183567
v 3.927406 7.117935 -6.183567
v 3.927406 8.069082 -6.183567
v 4.612523 8.069082 -6.183567
v 6.245156 2.036600 4.740125
v 6.245156 2.036600 3.799804
v 6.245156 3.242952 4.740125
v 6.245156 3.242952 3.799804
v 5.692896 3.242952 4.740125
v 5.692896 3.242952 3.799804
v 5.692896 2.036600 4.740125
v 5.692896 2.036600 3.799804
v 6.183567 2.164202 4.612523
v 6.183567 2.164202 3.927406
v 6.183567 3.115350 3.927406
v 6.183567 3.115350 4.612523
v 6.245156 0.527120 -3.548908
v 6.245156 0.527120 -4.489229
v 6.245156 1.733472 -3.548908
v 6.245156 1.733472 -4.489229
v 5.692896 1.733472 -3.548908
v 5.692896 1.733472 -4.489229
v 5.692896 0.527120 -3.548908
v 5.692896 0.527120 -4.489229
v 6.183567 0.654722 -3.676510
v 6.183567 0.654722 -4.361627
v 6.183567 1.605870 -4.361627
v 6.183567 1.605870 -3.676510
v 6.245156 0.527120 -1.447503
v 6.245156 0.527120 -2.387824
v 6.245156 1.733472 -1.447503
v 6.245156 1.733472 -2.387824
v 5.692896 1.733472 -1.447503
v 5.692896 1.733472 -2.387824
v 5.692896 0.527120 -1.447503
v 5.692896 0.527120 -2.387824
v 6.183567 0.654722 -1.575105
v 6.183567 0.654722 -2.260222
v 6.183567 1.605870 -2.260222
v 6.183567 1.605870 -1.575105
v 6.245156 0.527120 2.719297
v 6.245156 0.527120 1.778975
v 6.245156 1.733472 2.719297
v 6.245156 1.733472 1.778975
v 5.692896 1.733472 2.719297
v 5.692896 1.733472 1.778975
v 5.692896 0.527120 2.719297
v 5.692896 0.527120 1.778975
v 6.183567 0.654722 2.591694
v 6.183567 0.654722 1.906577
v 6.183567 1.605870 1.906577
v 6.183567 1.605870 2.591694
v 6.245156 0.527120 0.617892
v 6.245156 0.527120 -0.322430
v 6.245156 1.733472 0.617892
v 6.245156 1.733472 -0.322430
v 5.692896 1.733472 0.617892
v 5.692896 1.733472 -0.322430
v 5.692896 0.527120 0.617892
v 5.692896 0.527120 -0.322430
v 6.183567 0.654722 0.490289
v 6.183567 0.654722 -0.194828
v 6.183567 1.605870 -0.194828
v 6.183567 1.605870 0.490289
v 6.245156 2.036600 0.617892
v 6.245156 2.036600 -0.322430
v 6.245156 3.242952 0.617892
v 6.245156 3.242952 -0.322430
v 5.692896 3.242952 0.617892
v 5.692896 3.242952 -0.322430
v 5.692896 2.036600 0.617892
v 5.692896 2.036600 -0.322430
v 6.183567 2.164202 0.490289
v 6.183567 2.164202 -0.194828
v 6.183567 3.115350 -0.194828
v 6.183567 3.115350 0.490289
v 6.245156 2.036600 2.719297
v 6.245156 2.036600 1.778975
v 6.245156 3.242952 2.719297
v 6.245156 3.242952 1.778975
v 5.692896 3.242952 2.719297
v 5.692896 3.242952 1.778975
v 5.692896 2.036600 2.719297
v 5.692896 2.036600 1.778975
v 6.183567 2.164202 2.591694
v 6.183567 2.164202 1.906577
v 6.183567 3.115350 1.906577
v 6.183567 3.115350 2.591694
v 6.245156 2.036600 -1.447503
v 6.245156 2.036600 -2.387824
v 6.245156 3.242952 -1.447503
v 6.245156 3.242952 -2.387824
v 5.692896 3.242952 -1.447503
v 5.692896 3.242952 -2.387824
v 5.692896 2.036600 -1.447503
v 5.692896 2.036600 -2.387824
v 6.183567 2.164202 -1.575105
v 6.183567 2.164202 -2.260222
v 6.183567 3.115350 -2.260222
v 6.183567 3.115350 -1.575105
v 6.245156 2.036600 -3.548908
v 6.245156 2.036600 -4.489229
v 6.245156 3.242952 -3.548908
v 6.245156 3.242952 -4.489229
v 5.692896 3.242952 -3.548908
v 5.692896 3.242952 -4.489229
v 5.692896 2.036600 -3.548908
v 5.692896 2.036600 -4.489229
v 6.183567 2.164202 -3.676510
v 6.183567 2.164202 -4.361627
v 6.183567 3.115350 -4.361627
v 6.183567 3.115350 -3.676510
v 6.245156 0.527120 4.740125
v 6.245156 0.527120 3.799804
v 6.245156 1.733472 4.740125
v 6.245156 1.733472 3.799804
v 5.692896 1.733472 4.740125
v 5.692896 1.733472 3.799804
v 5.692896 0.527120 4.740125
v 5.692896 0.527120 3.799804
v 6.183567 0.654722 4.612523
v 6.183567 0.654722 3.927406
v 6.183567 1.605870 3.927406
v 6.183567 1.605870 4.612523
v 6.245156 5.480853 4.740125
v 6.245156 5.480853 3.799804
v 6.245156 6.687205 4.740125
v 6.245156 6.687205 3.799804
v 5.692896 6.687205 4.740125
v 5.692896 6.687205 3.799804
v 5.692896 5.480853 4.740125
v 5.692896 5.480853 3.799804
v 6.183567 5.608456 4.612523
v 6.183567 5.608456 3.927406
v 6.183567 6.559603 3.927406
v 6.183567 6.559603 4.612523
v 6.245156 6.990333 -3.548908
v 6.245156 6.990333 -4.489229
v 6.245156 8.196685 -3.548908
v 6.245156 8.196685 -4.489229
v 5.692896 8.196685 -3.548908
v 5.692896 8.196685 -4.489229
v 5.692896 6.990333 -3.548908
v 5.692896 6.990333 -4.489229
v 6.183567 7.117935 -3.676510
v 6.183567 7.117935 -4.361627
v 6.183567 8.069082 -4.361627
v 6.183567 8.069082 -3.676510
v 6.245156 6.990333 -1.447503
v 6.245156 6.990333 -2.387824
v 6.245156 8.196685 -1.447503
v 6.245156 8.196685 -2.387824
v 5.692896 8.196685 -1.447503
v 5.692896 8.196685 -2.387824
v 5.692896 6.990333 -1.447503
v 5.692896 6.990333 -2.387824
v 6.183567 7.117935 -1.575105
v 6.183567 7.117935 -2.260222
v 6.183567 8.069082 -2.260222
v 6.183567 8.069082 -1.575105
v 6.245156 6.990333 2.719297
v 6.245156 6.990333 1.778975
v 6.245156 8.196685 2.719297
v 6.245156 8.196685 1.778975
v 5.692896 8.196685 2.719297
v 5.692896 8.196685 1.778975
v 5.692896 6.990333 2.719297
v 5.692896 6.990333 1.778975
v 6.183567 7.117935 2.591694
v 6.183567 7.117935 1.906577
v 6.183567 8.069082 1.906577
v 6.183567 8.069082 2.591694
v 6.245156 6.990333 0.617892
v 6.245156 6.990333 -0.322430
v 6.245156 8.196685 0.617892
v 6.245156 8.196685 -0.322430
v 5.692896 8.196685 0.617892
v 5.692896 8.196685 -0.322430
v 5.692896 6.990333 0.617892
v 5.692896 6.990333 -0.322430
v 6.183567 7.117935 0.490289
v 6.183567 7.117935 -0.194828
v 6.183567 8.069082 -0.194828
v 6.183567 8.069082 0.490289
v 6.245156 5.480853 0.617892
v 6.245156 5.480853 -0.322430
v 6.245156 6.687205 0.617892
v 6.245156 6.687205 -0.322430
v 5.692896 6.687205 0.617892
v 5.692896 6.687205 -0.322430
v 5.692896 5.480853 0.617892
v 5.692896 5.480853 -0.322430
v 6.183567 5.608456 0.490289
v 6.183567 5.608456 -0.194828
v 6.183567 6.559603 -0.194828
v 6.183567 6.559603 0.490289
v 6.245156 5.480853 2.719297
v 6.245156 5.480853 1.778975
v 6.245156 6.687205 2.719297
v 6.245156 6.687205 1.778975
v 5.692896 6.687205 2.719297
v 5.692896 6.687205 1.778975
v 5.692896 5.480853 2.719297
v 5.692896 5.480853 1.778975
v 6.183567 5.608456 2.591694
v 6.183567 5.608456 1.906577
v 6.183567 6.559603 1.906577
v 6.183567 6.559603 2.591694
v 6.245156 5.480853 -1.447503
v 6.245156 5.480853 -2.387824
v 6.245156 6.687205 -1.447503
v 6.245156 6.687205 -2.387824
v 5.692896 6.687205 -1.447503
v 5.692896 6.687205 -2.387824
v 5.692896 5.480853 -1.447503
v 5.692896 5.480853 -2.387824
v 6.183567 5.608456 -1.575105
v 6.183567 5.608456 -2.260222
v 6.183567 6.559603 -2.260222
v 6.183567 6.559603 -1.575105
v 6.245156 5.480853 -3.548908
v 6.245156 5.480853 -4.489229
v 6.245156 6.687205 -3.548908
v 6.245156 6.687205 -4.489229
v 5.692896 6.687205 -3.548908
v 5.692896 6.687205 -4.489229
v 5.692896 5.480853 -3.548908
v 5.692896 5.480853 -4.489229
v 6.183567 5.608456 -3.676510
v 6.183567 5.608456 -4.361627
v 6.183567 6.559603 -4.361627
v 6.183567 6.559603 -3.676510
v 6.245156 6.990333 4.740125
v 6.245156 6.990333 3.799804
v 6.245156 8.196685 4.740125
v 6.245156 8.196685 3.799804
v 5.692896 8.196685 4.740125
v 5.692896 8.196685 3.799804
v 5.692896 6.990333 4.740125
v 5.692896 6.990333 3.799804
v 6.183567 7.117935 4.612523
v 6.183567 7.117935 3.927406
v 6.183567 8.069082 3.927406
v 6.183567 8.069082 4.612523
v 3.548908 6.990333 6.237221
v 4.489229 6.990333 6.237221
v 3.548908 8.196685 6.237221
v 4.489229 8.196685 6.237221
v 3.548908 8.196685 5.684961
v 4.489229 8.196685 5.684961
v 3.548908 6.990333 5.684961
v 4.489229 6.990333 5.684961
v 3.676510 7.117935 6.175632
v 4.361627 7.117935 6.175632
v 4.361627 8.069082 6.175632
v 3.676510 8.069082 6.175632
v 1.447503 6.990333 6.237221
v 2.387824 6.990333 6.237221
v 1.447503 8.196685 6.237221
v 2.387824 8.196685 6.237221
v 1.447503 8.196685 5.684961
v 2.387824 8.196685 5.684961
v 1.447503 6.990333 5.684961
v 2.387824 6.990333 5.684961
v 1.575105 7.117935 6.175632
v 2.260222 7.117935 6.175632
v 2.260222 8.069082 6.175632
v 1.575105 8.069082 6.175632
v -2.719297 6.990333 6.237221
v -1.778975 6.990333 6.237221
v -2.719297 8.196685 6.237221
v -1.778975 8.196685 6.237221
v -2.719297 8.196685 5.684961
v -1.778975 8.196685 5.684961
v -2.719297 6.990333 5.684961
v -1.778975 6.990333 5.684961
v -2.591694 7.117935 6.175632
v -1.906577 7.117935 6.175632
v -1.906577 8.069082 6.175632
v -2.591694 8.069082 6.175632
v -0.617892 6.990333 6.237221
v 0.322430 6.990333 6.237221
v -0.617892 8.196685 6.237221
v 0.322430 8.196685 6.237221
v -0.617892 8.196685 5.684961
v 0.322430 8.196685 5.684961
v -0.617892 6.990333 5.684961
v 0.322430 6.990333 5.684961
v -0.490289 7.117935 6.175632
v 0.194828 7.117935 6.175632
v 0.194828 8.069082 6.175632
v -0.490289 8.069082 6.175632
v -4.740125 6.990333 6.237221
v -3.799804 6.990333 6.237221
v -4.740125 8.196685 6.237221
v -3.799804 8.196685 6.237221
v -4.740125 8.196685 5.684961
v -3.799804 8.196685 5.684961
v -4.740125 6.990333 5.684961
v -3.799804 6.990333 5.684961
v -4.612523 7.117935 6.175632
v -3.927406 7.117935 6.175632
v -3.927406 8.069082 6.175632
v -4.612523 8.069082 6.175632
v 3.548908 5.480853 6.237221
v 4.489229 5.480853 6.237221
v 3.548908 6.687205 6.237221
v 4.489229 6.687205 6.237221
v 3.548908 6.687205 5.684961
v 4.489229 6.687205 5.684961
v 3.548908 5.480853 5.684961
v 4.489229 5.480853 5.684961
v 3.676510 5.608456 6.175632
v 4.361627 5.608456 6.175632
v 4.361627 6.559603 6.175632
v 3.676510 6.559603 6.175632
v 1.447503 5.480853 6.237221
v 2.387824 5.480853 6.237221
v 1.447503 6.687205 6.237221
v 2.387824 6.687205 6.237221
v 1.447503 6.687205 5.684961
v 2.387824 6.687205 5.684961
v 1.447503 5.480853 5.684961
v 2.387824 5.480853 5.684961
v 1.575105 5.608456 6.175632
v 2.260222 5.608456 6.175632
v 2.260222 6.559603 6.175632
v 1.575105 6.559603 6.175632
v -2.719297 5.480853 6.237221
v -1.778975 5.480853 6.237221
v -2.719297 6.687205 6.237221
v -1.778975 6.687205 6.237221
v -2.719297 6.687205 5.684961
v -1.778975 6.687205 5.684961
v -2.719297 5.480853 5.684961
v -1.778975 5.480853 5.684961
v -2.591694 5.608456 6.175632
v -1.906577 5.608456 6.175632
v -1.906577 6.559603 6.175632
v -2.591694 6.559603 6.175632
v -0.617892 5.480853 6.237221
v 0.322430 5.480853 6.237221
v -0.617892 6.687205 6.237221
v 0.322430 6.687205 6.237221
v -0.617892 6.687205 5.684961
v 0.322430 6.687205 5.684961
v -0.617892 5.480853 5.684961
v 0.322430 5.480853 5.684961
v -0.490289 5.608456 6.175632
v 0.194828 5.608456 6.175632
v 0.194828 6.559603 6.175632
v -0.490289 6.559603 6.175632
v -4.740125 5.480853 6.237221
v -3.799804 5.480853 6.237221
v -4.740125 6.687205 6.237221
v -3.799804 6.687205 6.237221
v -4.740125 6.687205 5.684961
v -3.799804 6.687205 5.684961
v -4.740125 5.480853 5.684961
v -3.799804 5.480853 5.684961
v -4.612523 5.608456 6.175632
v -3.927406 5.608456 6.175632
v -3.927406 6.559603 6.175632
v -4.612523 6.559603 6.175632
v -4.740125 0.663044 6.237221
v -3.799804 0.663044 6.237221
v -4.740125 1.869396 6.237221
v -3.799804 1.869396 6.237221
v -4.740125 1.869396 5.684961
v -3.799804 1.869396 5.684961
v -4.740125 0.663044 5.684961
v -3.799804 0.663044 5.684961
v -4.612523 0.790646 6.175632
v -3.927406 0.790646 6.175632
v -3.927406 1.741794 6.175632
v -4.612523 1.741794 6.175632
v -2.719297 0.663044 6.237221
v -1.778975 0.663044 6.237221
v -2.719297 1.869396 6.237221
v -1.778975 1.869396 6.237221
v -2.719297 1.869396 5.684961
v -1.778975 1.869396 5.684961
v -2.719297 0.663044 5.684961
v -1.778975 0.663044 5.684961
v -2.591694 0.790646 6.175632
v -1.906577 0.790646 6.175632
v -1.906577 1.741794 6.175632
v -2.591694 1.741794 6.175632
v 1.447503 0.663044 6.237221
v 2.387824 0.663044 6.237221
v 1.447503 1.869396 6.237221
v 2.387824 1.869396 6.237221
v 1.447503 1.869396 5.684961
v 2.387824 1.869396 5.684961
v 1.447503 0.663044 5.684961
v 2.387824 0.663044 5.684961
v 1.575105 0.790646 6.175632
v 2.260222 0.790646 6.175632
v 2.260222 1.741794 6.175632
v 1.575105 1.741794 6.175632
v 3.548908 0.663044 6.237221
v 4.489229 0.663044 6.237221
v 3.548908 1.869396 6.237221
v 4.489229 1.869396 6.237221
v 3.548908 1.869396 5.684961
v 4.489229 1.869396 5.684961
v 3.548908 0.663044 5.684961
v 4.489229 0.663044 5.684961
v 3.676510 0.790646 6.175632
v 4.361627 0.790646 6.175632
v 4.361627 1.741794 6.175632
v 3.676510 1.741794 6.175632
v -4.740125 2.172524 6.237221
v -3.799804 2.172524 6.237221
v -4.740125 3.378876 6.237221
v -3.799804 3.378876 6.237221
v -4.740125 3.378876 5.684961
v -3.799804 3.378876 5.684961
v -4.740125 2.172524 5.684961
v -3.799804 2.172524 5.684961
v -4.612523 2.300126 6.175632
v -3.927406 2.300126 6.175632
v -3.927406 3.251273 6.175632
v -4.612523 3.251273 6.175632
v -0.617892 2.172524 6.237221
v 0.322430 2.172524 6.237221
v -0.617892 3.378876 6.237221
v 0.322430 3.378876 6.237221
v -0.617892 3.378876 5.684961
v 0.322430 3.378876 5.684961
v -0.617892 2.172524 5.684961
v 0.322430 2.172524 5.684961
v -0.490289 2.300126 6.175632
v 0.194828 2.300126 6.175632
v 0.194828 3.251273 6.175632
v -0.490289 3.251273 6.175632
v -2.719297 2.172524 6.237221
v -1.778975 2.172524 6.237221
v -2.719297 3.378876 6.237221
v -1.778975 3.378876 6.237221
v -2.719297 3.378876 5.684961
v -1.778975 3.378876 5.684961
v -2.719297 2.172524 5.684961
v -1.778975 2.172524 5.684961
v -2.591694 2.300126 6.175632
v -1.906577 2.300126 6.175632
v -1.906577 3.251273 6.175632
v -2.591694 3.251273 6.175632
v 1.447503 2.172524 6.237221
v 2.387824 2.172524 6.237221
v 1.447503 3.378876 6.237221
v 2.387824 3.378876 6.237221
v 1.447503 3.378876 5.684961
v 2.387824 3.378876 5.684961
v 1.447503 2.172524 5.684961
v 2.387824 2.172524 5.684961
v 1.575105 2.300126 6.175632
v 2.260222 2.300126 6.175632
v 2.260222 3.251273 6.175632
v 1.575105 3.251273 6.175632
v 3.548908 2.172524 6.237221
v 4.489229 2.172524 6.237221
v 3.548908 3.378876 6.237221
v 4.489229 3.378876 6.237221
v 3.548908 3.378876 5.684961
v 4.489229 3.378876 5.684961
v 3.548908 2.172524 5.684961
v 4.489229 2.172524 5.684961
v 3.676510 2.300126 6.175632
v 4.361627 2.300126 6.175632
v 4.361627 3.251273 6.175632
v 3.676510 3.251273 6.175632
vt 0.922576 0.530012
vt 0.408666 0.076100
vt 0.059072 0.048290
vt 0.059019 0.382805
vt 0.074003 0.367617
vt 0.060437 0.071745
vt 0.139489 0.161653
vt 0.126698 0.307957
vt 0.329153 0.133547
vt 0.315362 0.275116
vt 0.390783 0.080707
vt 0.414724 0.339000
vt 0.922577 0.530014
vt 0.398303 0.382362
vt 0.392377 0.027822
vt 0.104065 0.030806
vt 0.106189 0.045490
vt 0.372331 0.029297
vt 0.302177 0.122936
vt 0.154226 0.106246
vt 0.335791 0.319677
vt 0.184528 0.307402
vt 0.392090 0.370685
vt 0.111137 0.400198
vt 0.922575 0.530011
vt 0.410592 0.057314
vt 0.056003 0.057349
vt 0.054197 0.345671
vt 0.068914 0.343791
vt 0.057145 0.077417
vt 0.149606 0.149117
vt 0.130460 0.296770
vt 0.346878 0.118776
vt 0.332091 0.269815
vt 0.398814 0.063333
vt 0.423655 0.344737
vt 0.922567 0.530000
vt 0.426271 0.084810
vt 0.054173 0.057328
vt 0.070362 0.373767
vt 0.082130 0.367728
vt 0.056814 0.086367
vt 0.148505 0.161135
vt 0.133973 0.312198
vt 0.350091 0.133839
vt 0.331194 0.281524
vt 0.411557 0.086714
vt 0.423775 0.353069
vt 0.922535 0.529956
vt 0.398201 0.380876
vt 0.389021 0.026406
vt 0.100748 0.032037
vt 0.103006 0.046700
vt 0.368989 0.028065
vt 0.299697 0.122344
vt 0.151599 0.107013
vt 0.335116 0.318768
vt 0.183746 0.307882
vt 0.391880 0.369257
vt 0.111211 0.401348
vt 0.922376 0.529736
vt 0.410586 0.057314
vt 0.055997 0.057356
vt 0.054196 0.345678
vt 0.068913 0.343798
vt 0.057139 0.077424
vt 0.149601 0.149123
vt 0.130458 0.296776
vt 0.346873 0.118777
vt 0.332089 0.269817
vt 0.398808 0.063333
vt 0.423655 0.344737
vt 0.922577 0.530014
vt 0.398433 0.385096
vt 0.397436 0.030508
vt 0.109110 0.029485
vt 0.111029 0.044196
vt 0.377371 0.031704
vt 0.305922 0.124359
vt 0.158217 0.105614
vt 0.336799 0.321548
vt 0.185720 0.307172
vt 0.392382 0.373334
vt 0.111047 0.398939
vt 0.922615 0.530068
vt 0.398453 0.385847
vt 0.398335 0.031258
vt 0.110013 0.029519
vt 0.111896 0.044235
vt 0.378268 0.032404
vt 0.306589 0.124882
vt 0.158931 0.105770
vt 0.336977 0.322147
vt 0.185934 0.307396
vt 0.392432 0.374070
vt 0.111034 0.398977
vt 0.922591 0.530033
vt 0.410582 0.057314
vt 0.055993 0.057361
vt 0.054196 0.345683
vt 0.068913 0.343803
vt 0.057135 0.077429
vt 0.149599 0.149127
vt 0.130457 0.296780
vt 0.346869 0.118778
vt 0.332088 0.269818
vt 0.398803 0.063334
vt 0.423655 0.344737
vt 0.922578 0.530017
vt 0.409370 0.057347
vt 0.054784 0.058813
vt 0.054141 0.347140
vt 0.068851 0.345202
vt 0.056006 0.078877
vt 0.148756 0.150203
vt 0.130206 0.297933
vt 0.345904 0.119066
vt 0.331727 0.270163
vt 0.397615 0.063414
vt 0.423593 0.344714
vt 0.922588 0.530029
vt 0.410448 0.057318
vt 0.055859 0.057521
vt 0.054190 0.345844
vt 0.068906 0.343958
vt 0.057010 0.077589
vt 0.149506 0.149245
vt 0.130429 0.296908
vt 0.346763 0.118810
vt 0.332048 0.269856
vt 0.398673 0.063342
vt 0.423648 0.344734
vt 0.922561 0.529993
vt 0.410143 0.057326
vt 0.055554 0.057887
vt 0.054176 0.346211
vt 0.068890 0.344310
vt 0.056726 0.077954
vt 0.149293 0.149516
vt 0.130366 0.297198
vt 0.346520 0.118882
vt 0.331958 0.269943
vt 0.398374 0.063362
vt 0.423633 0.344729
vt 0.922592 0.530035
vt 0.399172 0.063361
vt 0.052419 0.065988
vt 0.051285 0.367454
vt 0.059403 0.366650
vt 0.053080 0.087770
vt 0.140670 0.162307
vt 0.120065 0.320779
vt 0.343216 0.128181
vt 0.329859 0.291574
vt 0.391992 0.067655
vt 0.427187 0.357829
vt 0.922553 0.529982
vt 0.087132 0.038200
vt 0.087174 0.401321
vt 0.387779 0.390436
vt 0.386146 0.383792
vt 0.108960 0.399998
vt 0.177633 0.311862
vt 0.335793 0.329278
vt 0.140126 0.099803
vt 0.300824 0.118338
vt 0.087743 0.044395
vt 0.371527 0.031097
vt 0.922576 0.530012
vt 0.423084 0.063051
vt 0.055050 0.066796
vt 0.067671 0.366742
vt 0.079470 0.362984
vt 0.056639 0.082690
vt 0.148619 0.153548
vt 0.132128 0.307405
vt 0.349062 0.121579
vt 0.331999 0.271364
vt 0.407606 0.069735
vt 0.422085 0.340328
vt 0.922575 0.530010
vt 0.399178 0.063361
vt 0.052425 0.065981
vt 0.051285 0.367447
vt 0.059403 0.366643
vt 0.053086 0.087763
vt 0.140675 0.162301
vt 0.120066 0.320773
vt 0.343221 0.128179
vt 0.329861 0.291572
vt 0.391998 0.067655
vt 0.427187 0.357830
vt 0.922584 0.530025
vt 0.424248 0.063047
vt 0.056196 0.063970
vt 0.066517 0.364003
vt 0.078344 0.360337
vt 0.057663 0.079875
vt 0.149098 0.151437
vt 0.131428 0.305163
vt 0.349780 0.121006
vt 0.331569 0.270656
vt 0.408719 0.069612
vt 0.421124 0.340308
vt 0.922566 0.530000
vt 0.417619 0.062494
vt 0.054499 0.062418
vt 0.065285 0.363026
vt 0.071930 0.361396
vt 0.055814 0.084204
vt 0.143927 0.152906
vt 0.126460 0.311060
vt 0.355999 0.115468
vt 0.337412 0.276160
vt 0.411425 0.063104
vt 0.424630 0.346891
vt 0.922595 0.530038
vt 0.399219 0.063359
vt 0.052465 0.065933
vt 0.051285 0.367399
vt 0.059404 0.366596
vt 0.053123 0.087715
vt 0.140702 0.162265
vt 0.120073 0.320733
vt 0.343253 0.128170
vt 0.329872 0.291560
vt 0.392038 0.067652
vt 0.427189 0.357831
vt 0.922586 0.530026
vt 0.073612 0.365196
vt 0.427365 0.368852
vt 0.427732 0.062243
vt 0.406635 0.069778
vt 0.424439 0.340926
vt 0.337781 0.268365
vt 0.352264 0.118898
vt 0.138216 0.304982
vt 0.150701 0.149999
vt 0.084422 0.361780
vt 0.054271 0.083574
vt 0.922610 0.530060
vt 0.427729 0.062242
vt 0.052715 0.069686
vt 0.073824 0.365447
vt 0.084632 0.362022
vt 0.054284 0.083838
vt 0.150761 0.150195
vt 0.138386 0.305187
vt 0.352302 0.118951
vt 0.337925 0.268428
vt 0.406637 0.069792
vt 0.424634 0.340929
vt 0.922578 0.530015
vt 0.102596 0.036422
vt 0.085572 0.404959
vt 0.394810 0.388313
vt 0.390288 0.379620
vt 0.101516 0.403172
vt 0.178136 0.309695
vt 0.333115 0.327595
vt 0.151802 0.105734
vt 0.304346 0.117321
vt 0.105297 0.048705
vt 0.370422 0.029919
vt 0.922559 0.529989
vt 0.406552 0.065568
vt 0.052796 0.062243
vt 0.052715 0.368852
vt 0.073805 0.361298
vt 0.055748 0.090166
vt 0.142474 0.162646
vt 0.128131 0.312126
vt 0.342004 0.125843
vt 0.329665 0.280837
vt 0.395746 0.068995
vt 0.426156 0.347173
vt 0.922573 0.530010
vt 0.102519 0.045637
vt 0.072966 0.395088
vt 0.407478 0.396809
vt 0.392364 0.381749
vt 0.096428 0.393840
vt 0.186729 0.315237
vt 0.332968 0.328758
vt 0.159569 0.125436
vt 0.301068 0.139933
vt 0.107037 0.063543
vt 0.365445 0.040889
vt 0.922561 0.529992
vt 0.413132 0.063933
vt 0.048211 0.063836
vt 0.070592 0.364965
vt 0.087283 0.358463
vt 0.054084 0.089400
vt 0.152650 0.159374
vt 0.142284 0.303812
vt 0.341796 0.127006
vt 0.331124 0.274350
vt 0.397042 0.070032
vt 0.429445 0.346647
vt 0.922330 0.529670
vt 0.418586 0.075968
vt 0.049960 0.060977
vt 0.068311 0.370118
vt 0.076980 0.365548
vt 0.051835 0.076910
vt 0.145734 0.153013
vt 0.128689 0.308089
vt 0.349546 0.125555
vt 0.338800 0.278161
vt 0.406318 0.078737
vt 0.426566 0.343753
vt 0.922570 0.530005
vt 0.413126 0.063926
vt 0.048205 0.063844
vt 0.070598 0.364972
vt 0.087288 0.358469
vt 0.054078 0.089408
vt 0.152648 0.159378
vt 0.142288 0.303817
vt 0.341792 0.127001
vt 0.331126 0.274346
vt 0.397036 0.070026
vt 0.429450 0.346639
vt 0.922599 0.530044
vt 0.426295 0.084155
vt 0.054149 0.057343
vt 0.070907 0.373752
vt 0.082665 0.367692
vt 0.056842 0.086377
vt 0.148667 0.160979
vt 0.134407 0.312069
vt 0.350204 0.133321
vt 0.331572 0.281040
vt 0.411585 0.086086
vt 0.424282 0.352418
vt 0.922592 0.530034
vt 0.419343 0.077915
vt 0.050805 0.060904
vt 0.067461 0.370142
vt 0.076155 0.365619
vt 0.052592 0.076848
vt 0.146072 0.153464
vt 0.128178 0.308445
vt 0.350031 0.127124
vt 0.338450 0.279668
vt 0.407059 0.080617
vt 0.425855 0.345740
vt 0.922590 0.530032
vt 0.102419 0.045721
vt 0.072966 0.395181
vt 0.407478 0.396806
vt 0.392361 0.381751
vt 0.096427 0.393926
vt 0.186706 0.315298
vt 0.332949 0.328776
vt 0.159491 0.125504
vt 0.300995 0.139960
vt 0.106942 0.063626
vt 0.365343 0.040898
vt 0.922555 0.529983
vt 0.101100 0.046829
vt 0.072964 0.396397
vt 0.407480 0.396762
vt 0.392306 0.381764
vt 0.096420 0.395054
vt 0.186402 0.316087
vt 0.332695 0.329014
vt 0.158473 0.126397
vt 0.300030 0.140319
vt 0.105691 0.064717
vt 0.364004 0.041015
vt 0.922587 0.530029
vt 0.102554 0.036449
vt 0.085604 0.404990
vt 0.394840 0.388282
vt 0.390315 0.379589
vt 0.101548 0.403200
vt 0.178149 0.309707
vt 0.333132 0.327576
vt 0.151774 0.105752
vt 0.304320 0.117308
vt 0.105258 0.048732
vt 0.370378 0.029893
vt 0.922558 0.529989
vt 0.424248 0.063047
vt 0.056196 0.063893
vt 0.066454 0.363929
vt 0.078282 0.360264
vt 0.057659 0.079799
vt 0.149079 0.151380
vt 0.131377 0.305102
vt 0.349768 0.120990
vt 0.331525 0.270637
vt 0.408718 0.069609
vt 0.421066 0.340307
vt 0.922569 0.530004
vt 0.102478 0.045671
vt 0.072966 0.395126
vt 0.407478 0.396808
vt 0.392363 0.381750
vt 0.096428 0.393875
vt 0.186719 0.315262
vt 0.332960 0.328766
vt 0.159537 0.125464
vt 0.301038 0.139944
vt 0.106999 0.063577
vt 0.365404 0.040893
vt 0.922612 0.530063
vt 0.417619 0.062494
vt 0.054498 0.062418
vt 0.065285 0.363027
vt 0.071930 0.361396
vt 0.055814 0.084204
vt 0.143928 0.152906
vt 0.126460 0.311060
vt 0.355999 0.115468
vt 0.337412 0.276159
vt 0.411424 0.063103
vt 0.424630 0.346891
vt 0.922558 0.529990
vt 0.424248 0.063047
vt 0.056196 0.063940
vt 0.066492 0.363974
vt 0.078320 0.360308
vt 0.057662 0.079845
vt 0.149090 0.151414
vt 0.131407 0.305139
vt 0.349776 0.121000
vt 0.331551 0.270648
vt 0.408719 0.069610
vt 0.421101 0.340307
vt 0.921025 0.527880
vt 0.417568 0.062457
vt 0.054447 0.062502
vt 0.065334 0.363107
vt 0.071979 0.361474
vt 0.055770 0.084288
vt 0.143907 0.152961
vt 0.126492 0.311120
vt 0.355966 0.115452
vt 0.337432 0.276150
vt 0.411374 0.063069
vt 0.424673 0.346852
vt 0.922596 0.530041
vt 0.102982 0.045250
vt 0.072967 0.394662
vt 0.407477 0.396824
vt 0.392383 0.381745
vt 0.096431 0.393445
vt 0.186836 0.314961
vt 0.333057 0.328675
vt 0.159926 0.125124
vt 0.301406 0.139808
vt 0.107477 0.063162
vt 0.365913 0.040849
vt 0.922370 0.529729
vt 0.100877 0.047017
vt 0.072964 0.396603
vt 0.407480 0.396754
vt 0.392296 0.381766
vt 0.096420 0.395245
vt 0.186351 0.316220
vt 0.332652 0.329054
vt 0.158300 0.126547
vt 0.299866 0.140380
vt 0.105479 0.064902
vt 0.363777 0.041035
vt 0.922603 0.530051
vt 0.410452 0.057318
vt 0.055863 0.057517
vt 0.054190 0.345840
vt 0.068906 0.343953
vt 0.057014 0.077584
vt 0.149508 0.149242
vt 0.130430 0.296904
vt 0.346766 0.118809
vt 0.332050 0.269855
vt 0.398677 0.063342
vt 0.423648 0.344734
vt 0.922560 0.529991
vt 0.071518 0.354687
vt 0.421088 0.382805
vt 0.421436 0.048290
vt 0.406439 0.063464
vt 0.419743 0.359349
vt 0.340771 0.269371
vt 0.353691 0.123078
vt 0.151082 0.297310
vt 0.164998 0.155752
vt 0.089405 0.350095
vt 0.065692 0.091782
vt 0.922603 0.530050
vt 0.100533 0.037226
vt 0.085654 0.405856
vt 0.394790 0.387411
vt 0.390217 0.378744
vt 0.101587 0.403976
vt 0.177661 0.310055
vt 0.332742 0.327052
vt 0.150141 0.106251
vt 0.302750 0.116950
vt 0.103306 0.049493
vt 0.368316 0.029165
vt 0.922566 0.529999
vt 0.087149 0.038168
vt 0.087113 0.401288
vt 0.387720 0.390468
vt 0.386089 0.383823
vt 0.108899 0.399970
vt 0.177592 0.311849
vt 0.335747 0.329299
vt 0.140130 0.099782
vt 0.300823 0.118350
vt 0.087759 0.044362
vt 0.371545 0.031125
vt 0.922320 0.529657
vt 0.426251 0.085343
vt 0.054193 0.057316
vt 0.069919 0.373779
vt 0.081696 0.367757
vt 0.056792 0.086360
vt 0.148373 0.161261
vt 0.133620 0.312303
vt 0.349999 0.134260
vt 0.330885 0.281918
vt 0.411534 0.087226
vt 0.423362 0.353599
vt 0.922605 0.530054
vt 0.100825 0.047060
vt 0.072964 0.396651
vt 0.407480 0.396752
vt 0.392294 0.381766
vt 0.096419 0.395289
vt 0.186339 0.316250
vt 0.332641 0.329063
vt 0.158261 0.126583
vt 0.299828 0.140394
vt 0.105430 0.064944
vt 0.363725 0.041040
vt 0.922598 0.530045
vt 0.087157 0.038160
vt 0.087104 0.401281
vt 0.387712 0.390475
vt 0.386081 0.383830
vt 0.108890 0.399963
vt 0.177587 0.311846
vt 0.335741 0.329303
vt 0.140135 0.099777
vt 0.300828 0.118353
vt 0.087767 0.044355
vt 0.371554 0.031131
vt 0.922576 0.530012
vt 0.058999 0.382805
vt 0.421445 0.358905
vt 0.409141 0.076664
vt 0.391251 0.081243
vt 0.414775 0.339573
vt 0.315515 0.275530
vt 0.329535 0.133983
vt 0.126799 0.308067
vt 0.139826 0.161783
vt 0.074008 0.367642
vt 0.060919 0.071747
vt 0.922515 0.529929
vt 0.101033 0.046885
vt 0.072964 0.396459
vt 0.407480 0.396760
vt 0.392303 0.381764
vt 0.096420 0.395111
vt 0.186387 0.316126
vt 0.332682 0.329025
vt 0.158421 0.126441
vt 0.299981 0.140337
vt 0.105627 0.064772
vt 0.363937 0.041021
vt 0.922575 0.530014
vt 0.059014 0.382806
vt 0.421430 0.358465
vt 0.408784 0.076239
vt 0.390899 0.080840
vt 0.414737 0.339141
vt 0.315400 0.275219
vt 0.329247 0.133655
vt 0.126722 0.307985
vt 0.139572 0.161685
vt 0.074004 0.367624
vt 0.060556 0.071745
vt 0.922583 0.530022
vt 0.059017 0.382805
vt 0.421427 0.358388
vt 0.408722 0.076166
vt 0.390837 0.080770
vt 0.414730 0.339066
vt 0.315380 0.275165
vt 0.329197 0.133597
vt 0.126709 0.307970
vt 0.139528 0.161668
vt 0.074004 0.367620
vt 0.060493 0.071745
vt 0.922551 0.529978
vt 0.103392 0.044907
vt 0.072968 0.394283
vt 0.407476 0.396837
vt 0.392400 0.381740
vt 0.096433 0.393094
vt 0.186930 0.314716
vt 0.333135 0.328601
vt 0.160243 0.124848
vt 0.301705 0.139697
vt 0.107866 0.062824
vt 0.366328 0.040814
vt 0.487616 0.459268
vt 0.424248 0.063047
vt 0.056196 0.063813
vt 0.066389 0.363851
vt 0.078218 0.360189
vt 0.057656 0.079719
vt 0.149060 0.151320
vt 0.131325 0.305038
vt 0.349756 0.120974
vt 0.331480 0.270616
vt 0.408717 0.069605
vt 0.421005 0.340306
vt 0.487539 0.459323
vt 0.059008 0.382806
vt 0.421436 0.358654
vt 0.408938 0.076422
vt 0.391050 0.081014
vt 0.414754 0.339326
vt 0.315449 0.275353
vt 0.329370 0.133796
vt 0.126755 0.308020
vt 0.139681 0.161727
vt 0.074005 0.367631
vt 0.060712 0.071746
vt 0.487576 0.459298
vt 0.051285 0.367364
vt 0.429159 0.367737
vt 0.399248 0.063357
vt 0.392066 0.067650
vt 0.427190 0.357832
vt 0.329879 0.291553
vt 0.343276 0.128163
vt 0.120077 0.320706
vt 0.140721 0.162239
vt 0.059404 0.366562
vt 0.053150 0.087680
vt 0.487596 0.459282
vt 0.394144 0.398979
vt 0.394164 0.032116
vt 0.096356 0.040752
vt 0.098980 0.050152
vt 0.381757 0.033308
vt 0.312008 0.126878
vt 0.154279 0.102765
vt 0.333683 0.330519
vt 0.179165 0.302684
vt 0.387100 0.386962
vt 0.114444 0.396373
vt 0.922618 0.530070
vt 0.100810 0.047073
vt 0.072963 0.396665
vt 0.407480 0.396752
vt 0.392293 0.381766
vt 0.096419 0.395302
vt 0.186335 0.316260
vt 0.332639 0.329066
vt 0.158249 0.126593
vt 0.299817 0.140398
vt 0.105416 0.064957
vt 0.363709 0.041041
vt 0.922578 0.530015
vt 0.059018 0.382806
vt 0.421426 0.358343
vt 0.408685 0.076123
vt 0.390802 0.080729
vt 0.414727 0.339022
vt 0.315367 0.275133
vt 0.329167 0.133564
vt 0.126701 0.307962
vt 0.139502 0.161658
vt 0.074003 0.367619
vt 0.060456 0.071744
vt 0.922564 0.529997
vt 0.087164 0.038154
vt 0.087097 0.401275
vt 0.387705 0.390481
vt 0.386075 0.383836
vt 0.108883 0.399959
vt 0.177583 0.311844
vt 0.335737 0.329307
vt 0.140140 0.099773
vt 0.300832 0.118356
vt 0.087773 0.044349
vt 0.371561 0.031136
vt 0.922585 0.530023
vt 0.088580 0.042661
vt 0.088540 0.407582
vt 0.389665 0.385155
vt 0.383160 0.368464
vt 0.114104 0.401705
vt 0.184062 0.303128
vt 0.328502 0.313472
vt 0.151664 0.113987
vt 0.299010 0.124637
vt 0.094683 0.058750
vt 0.371292 0.026304
vt 0.487565 0.459304
vt 0.394154 0.398971
vt 0.394147 0.032108
vt 0.096339 0.040766
vt 0.098964 0.050166
vt 0.381739 0.033301
vt 0.311998 0.126876
vt 0.154267 0.102774
vt 0.333688 0.330515
vt 0.179168 0.302692
vt 0.387109 0.386955
vt 0.114454 0.396386
vt 0.487535 0.459327
vt 0.052713 0.368852
vt 0.427731 0.361521
vt 0.406709 0.065754
vt 0.395901 0.069175
vt 0.426166 0.347368
vt 0.329709 0.280982
vt 0.342130 0.125995
vt 0.128158 0.312166
vt 0.142580 0.162693
vt 0.073807 0.361309
vt 0.055893 0.090167
vt 0.487598 0.459281
vt 0.421840 0.063548
vt 0.056930 0.063532
vt 0.064151 0.365768
vt 0.077107 0.361611
vt 0.058652 0.081113
vt 0.148225 0.154595
vt 0.129999 0.307131
vt 0.347192 0.122445
vt 0.328904 0.271688
vt 0.408160 0.068883
vt 0.420380 0.339793
vt 0.922617 0.530069
vt 0.426256 0.085212
vt 0.054188 0.057319
vt 0.070028 0.373776
vt 0.081803 0.367750
vt 0.056797 0.086362
vt 0.148405 0.161230
vt 0.133706 0.312277
vt 0.350021 0.134157
vt 0.330961 0.281821
vt 0.411540 0.087100
vt 0.423464 0.353468
vt 0.487545 0.459319
vt 0.421820 0.063540
vt 0.056910 0.063573
vt 0.064172 0.365808
vt 0.077126 0.361649
vt 0.058634 0.081154
vt 0.148217 0.154624
vt 0.130011 0.307162
vt 0.347180 0.122448
vt 0.328911 0.271693
vt 0.408141 0.068877
vt 0.420397 0.339785
vt 0.487609 0.459273
vt 0.394154 0.398970
vt 0.394145 0.032108
vt 0.096337 0.040767
vt 0.098962 0.050167
vt 0.381738 0.033300
vt 0.311997 0.126876
vt 0.154266 0.102775
vt 0.333688 0.330515
vt 0.179168 0.302693
vt 0.387108 0.386954
vt 0.114454 0.396387
vt 0.484700 0.461394
vt 0.377140 0.386116
vt 0.407476 0.036731
vt 0.072968 0.034260
vt 0.088048 0.049354
vt 0.384011 0.037927
vt 0.293534 0.116327
vt 0.147325 0.102478
vt 0.320269 0.306188
vt 0.178802 0.291375
vt 0.372661 0.368199
vt 0.114204 0.390274
vt 0.486727 0.459911
vt 0.424248 0.063047
vt 0.056196 0.063878
vt 0.066442 0.363914
vt 0.078270 0.360250
vt 0.057659 0.079783
vt 0.149076 0.151368
vt 0.131367 0.305089
vt 0.349766 0.120987
vt 0.331516 0.270633
vt 0.408718 0.069608
vt 0.421054 0.340307
vt 0.487580 0.459294
vt 0.415224 0.068145
vt 0.054566 0.062336
vt 0.062758 0.368523
vt 0.068953 0.367916
vt 0.055872 0.084123
vt 0.143059 0.154892
vt 0.124401 0.315575
vt 0.354026 0.120085
vt 0.336489 0.278231
vt 0.408578 0.069773
vt 0.424572 0.346972
vt 0.487553 0.459314
vt 0.088562 0.042688
vt 0.088588 0.407609
vt 0.389709 0.385128
vt 0.383201 0.368439
vt 0.114151 0.401728
vt 0.184091 0.303138
vt 0.328533 0.313456
vt 0.151659 0.114003
vt 0.299007 0.124626
vt 0.094667 0.058776
vt 0.371271 0.026280
vt 0.487606 0.459275
vt 0.394154 0.398954
vt 0.394107 0.032092
vt 0.096300 0.040781
vt 0.098926 0.050181
vt 0.381701 0.033286
vt 0.311969 0.126868
vt 0.154236 0.102783
vt 0.333681 0.330505
vt 0.179158 0.302699
vt 0.387107 0.386939
vt 0.114454 0.396399
vt 0.487572 0.459299
vt 0.052678 0.368823
vt 0.427766 0.368475
vt 0.412255 0.072367
vt 0.401384 0.075587
vt 0.426465 0.354296
vt 0.331261 0.286125
vt 0.346565 0.131395
vt 0.129165 0.313551
vt 0.146366 0.164373
vt 0.073908 0.361674
vt 0.061044 0.090246
vt 0.487571 0.459301
vt 0.366835 0.399833
vt 0.400089 0.031262
vt 0.080355 0.042969
vt 0.085877 0.055616
vt 0.376592 0.033518
vt 0.291755 0.120646
vt 0.137331 0.114346
vt 0.319023 0.320816
vt 0.176390 0.305632
vt 0.364146 0.383574
vt 0.105357 0.395803
vt 0.487100 0.459641
vt 0.424539 0.078240
vt 0.052004 0.057500
vt 0.073921 0.373595
vt 0.085578 0.367344
vt 0.055171 0.086487
vt 0.148200 0.159582
vt 0.136406 0.310884
vt 0.349259 0.128640
vt 0.333039 0.276643
vt 0.409862 0.080410
vt 0.426901 0.346500
vt 0.487172 0.459588
vt 0.101293 0.036933
vt 0.085635 0.405531
vt 0.394809 0.387740
vt 0.390255 0.379063
vt 0.101572 0.403685
vt 0.177845 0.309924
vt 0.332889 0.327250
vt 0.150756 0.106063
vt 0.303342 0.117084
vt 0.104040 0.049206
vt 0.369093 0.029438
vt 0.922573 0.530009
vt 0.088563 0.042700
vt 0.088617 0.407621
vt 0.389736 0.385116
vt 0.383227 0.368428
vt 0.114179 0.401738
vt 0.184112 0.303143
vt 0.328555 0.313449
vt 0.151665 0.114010
vt 0.299014 0.124622
vt 0.094669 0.058788
vt 0.371271 0.026270
vt 0.487611 0.459272
vt 0.421909 0.063631
vt 0.057000 0.063447
vt 0.064082 0.365686
vt 0.077039 0.361535
vt 0.058714 0.081029
vt 0.148253 0.154552
vt 0.129957 0.307079
vt 0.347235 0.122494
vt 0.328878 0.271729
vt 0.408227 0.068960
vt 0.420323 0.339876
vt 0.921940 0.529133
vt 0.378041 0.385360
vt 0.407478 0.035899
vt 0.072966 0.034289
vt 0.088084 0.049344
vt 0.384016 0.037155
vt 0.293742 0.115788
vt 0.147498 0.102316
vt 0.320965 0.305580
vt 0.179461 0.291131
vt 0.373517 0.367456
vt 0.115116 0.390195
vt 0.487611 0.459272
vt 0.052715 0.368852
vt 0.427729 0.361332
vt 0.406558 0.065575
vt 0.395751 0.069001
vt 0.426157 0.347179
vt 0.329666 0.280842
vt 0.342009 0.125848
vt 0.128132 0.312128
vt 0.142477 0.162648
vt 0.073806 0.361298
vt 0.055754 0.090166
vt 0.486947 0.459751
vt 0.408909 0.057360
vt 0.054326 0.059365
vt 0.054121 0.347692
vt 0.068828 0.345732
vt 0.055579 0.079427
vt 0.148437 0.150612
vt 0.130111 0.298369
vt 0.345537 0.119175
vt 0.331590 0.270294
vt 0.397164 0.063444
vt 0.423569 0.344706
vt 0.426323 0.373735
vt 0.488203 0.965485
vt 0.852486 0.964580
vt 0.851230 0.458846
vt 0.052802 0.062243
vt 0.487536 0.965007
vt 0.851820 0.965061
vt 0.851895 0.459325
vt 0.423443 0.367648
vt 0.487536 0.965007
vt 0.851821 0.965061
vt 0.851895 0.459325
vt 0.393529 0.025564
vt 0.487976 0.965324
vt 0.852260 0.964744
vt 0.851456 0.459009
vt 0.428439 0.366542
vt 0.488048 0.965375
vt 0.852332 0.964692
vt 0.851384 0.458957
vt 0.391882 0.023486
vt 0.487596 0.965049
vt 0.851880 0.965017
vt 0.851836 0.459282
vt 0.424144 0.368048
vt 0.488423 0.965643
vt 0.852706 0.964421
vt 0.851009 0.458689
vt 0.094834 0.396834
vt 0.490473 0.967097
vt 0.854732 0.962939
vt 0.848961 0.457236
vt 0.423534 0.367555
vt 0.487603 0.965055
vt 0.851888 0.965012
vt 0.851829 0.459277
vt 0.423514 0.367563
vt 0.487550 0.965017
vt 0.851834 0.965051
vt 0.851881 0.459316
vt 0.052955 0.062243
vt 0.487614 0.965062
vt 0.851898 0.965006
vt 0.851819 0.459270
vt 0.095764 0.396806
vt 0.416207 0.530917
vt 0.417492 0.895199
vt 0.923225 0.893415
vt 0.391881 0.023474
vt 0.416838 0.530038
vt 0.416859 0.894323
vt 0.922594 0.894294
vt 0.080483 0.399459
vt 0.487578 0.965037
vt 0.851863 0.965031
vt 0.851854 0.459296
vt 0.058627 0.062271
vt 0.487576 0.965035
vt 0.851860 0.965033
vt 0.851856 0.459297
vt 0.086290 0.399003
vt 0.487542 0.965011
vt 0.851826 0.965057
vt 0.851890 0.459321
vt 0.425878 0.368759
vt 0.487568 0.965030
vt 0.851853 0.965038
vt 0.851864 0.459302
vt 0.086290 0.398987
vt 0.487538 0.965008
vt 0.851823 0.965059
vt 0.851894 0.459324
vt 0.424617 0.373536
vt 0.416881 0.529978
vt 0.416816 0.894262
vt 0.922551 0.894354
vt 0.081991 0.401576
vt 0.416880 0.529980
vt 0.416817 0.894265
vt 0.922552 0.894352
vt 0.421425 0.358321
vt 0.416840 0.530035
vt 0.416857 0.894320
vt 0.922592 0.894296
vt 0.052712 0.069420
vt 0.416850 0.530021
vt 0.416846 0.894305
vt 0.922581 0.894312
vt 0.429159 0.367736
vt 0.416859 0.530009
vt 0.416838 0.894293
vt 0.922573 0.894323
vt 0.425945 0.368677
vt 0.416831 0.530048
vt 0.416865 0.894332
vt 0.922601 0.894285
vt 0.424220 0.368048
vt 0.416848 0.530023
vt 0.416848 0.894307
vt 0.922584 0.894309
vt 0.429159 0.367734
vt 0.416838 0.530038
vt 0.416858 0.894323
vt 0.922595 0.894295
vt 0.425394 0.368044
vt 0.416840 0.530035
vt 0.416856 0.894320
vt 0.922592 0.894296
vt 0.393312 0.029774
vt 0.416819 0.530065
vt 0.416878 0.894350
vt 0.922613 0.894266
vt 0.429159 0.367734
vt 0.416857 0.530012
vt 0.416839 0.894296
vt 0.922575 0.894320
vt 0.426268 0.373769
vt 0.416825 0.530056
vt 0.416871 0.894340
vt 0.922606 0.894277
vt 0.426254 0.373777
vt 0.416851 0.530019
vt 0.416845 0.894304
vt 0.922580 0.894313
vt 0.426303 0.373748
vt 0.416843 0.530031
vt 0.416853 0.894314
vt 0.922589 0.894301
vt 0.426248 0.373780
vt 0.416855 0.530015
vt 0.416842 0.894300
vt 0.922578 0.894316
vt 0.082011 0.401611
vt 0.416842 0.530034
vt 0.416855 0.894318
vt 0.922590 0.894299
vt 0.426248 0.373781
vt 0.416641 0.530312
vt 0.417056 0.894596
vt 0.922791 0.894020
vt 0.082243 0.404689
vt 0.416799 0.530092
vt 0.416897 0.894376
vt 0.922633 0.894240
vt 0.424950 0.373135
vt 0.416831 0.530048
vt 0.416865 0.894332
vt 0.922601 0.894285
vt 0.426247 0.373781
vt 0.416839 0.530036
vt 0.416857 0.894321
vt 0.922592 0.894296
vt 0.082141 0.403273
vt 0.416841 0.530033
vt 0.416856 0.894318
vt 0.922591 0.894298
vt 0.426254 0.373777
vt 0.416868 0.529997
vt 0.416829 0.894281
vt 0.922564 0.894336
vt 0.383101 0.034341
vt 0.416636 0.530319
vt 0.417061 0.894603
vt 0.922796 0.894011
vt 0.385276 0.034271
vt 0.416861 0.530006
vt 0.416836 0.894291
vt 0.922572 0.894326
vt 0.425996 0.368638
vt 0.415308 0.532180
vt 0.418406 0.896452
vt 0.924123 0.892151
vt 0.424195 0.368048
vt 0.416824 0.530058
vt 0.416872 0.894342
vt 0.922607 0.894275
vt 0.425946 0.368677
vt 0.416877 0.529984
vt 0.416821 0.894269
vt 0.922556 0.894348
vt 0.384757 0.034287
vt 0.416834 0.530043
vt 0.416862 0.894328
vt 0.922599 0.894289
vt 0.424156 0.368048
vt 0.416823 0.530058
vt 0.416873 0.894343
vt 0.922609 0.894273
vt 0.394827 0.026105
vt 0.416852 0.530019
vt 0.416844 0.894302
vt 0.922579 0.894314
vt 0.383332 0.034333
vt 0.416819 0.530064
vt 0.416877 0.894349
vt 0.922613 0.894267
vt 0.384696 0.034289
vt 0.416854 0.530015
vt 0.416842 0.894300
vt 0.922578 0.894317
vt 0.429639 0.370191
vt 0.416856 0.530013
vt 0.416841 0.894297
vt 0.922576 0.894319
vt 0.425494 0.372482
vt 0.416862 0.530004
vt 0.416833 0.894288
vt 0.922569 0.894328
vt 0.432239 0.367251
vt 0.416834 0.530044
vt 0.416862 0.894328
vt 0.922599 0.894289
vt 0.430484 0.368182
vt 0.416593 0.530377
vt 0.417104 0.894662
vt 0.922838 0.893955
vt 0.432233 0.367259
vt 0.416825 0.530056
vt 0.416872 0.894341
vt 0.922608 0.894275
vt 0.384800 0.034286
vt 0.416838 0.530037
vt 0.416858 0.894322
vt 0.922594 0.894294
vt 0.427729 0.361325
vt 0.416823 0.530058
vt 0.416873 0.894343
vt 0.922610 0.894274
vt 0.394872 0.026136
vt 0.416842 0.530033
vt 0.416854 0.894316
vt 0.922590 0.894300
vt 0.427580 0.368853
vt 0.416875 0.529987
vt 0.416822 0.894271
vt 0.922558 0.894344
vt 0.086290 0.398986
vt 0.487583 0.965039
vt 0.851867 0.965027
vt 0.851850 0.459292
vt 0.391904 0.023513
vt 0.416850 0.530023
vt 0.416847 0.894306
vt 0.922584 0.894309
vt 0.393347 0.029820
vt 0.416828 0.530050
vt 0.416867 0.894335
vt 0.922604 0.894281
vt 0.059093 0.048289
vt 0.416842 0.530033
vt 0.416855 0.894317
vt 0.922590 0.894300
vt 0.383031 0.034343
vt 0.416883 0.529977
vt 0.416814 0.894261
vt 0.922550 0.894355
vt 0.086280 0.398971
vt 0.487552 0.965017
vt 0.851835 0.965050
vt 0.851880 0.459314
vt 0.052494 0.065898
vt 0.487573 0.965034
vt 0.851856 0.965034
vt 0.851860 0.459300
vt 0.059369 0.048289
vt 0.487609 0.965059
vt 0.851893 0.965008
vt 0.851823 0.459273
vt 0.424090 0.368048
vt 0.487532 0.965004
vt 0.851816 0.965064
vt 0.851900 0.459328
vt 0.385699 0.034258
vt 0.416815 0.530070
vt 0.416881 0.894354
vt 0.922617 0.894263
vt 0.059133 0.048289
vt 0.416847 0.530026
vt 0.416850 0.894310
vt 0.922585 0.894306
vt 0.059201 0.048289
vt 0.416842 0.530033
vt 0.416854 0.894318
vt 0.922590 0.894300
vt 0.383263 0.034335
vt 0.416780 0.530120
vt 0.416917 0.894404
vt 0.922653 0.894214
vt 0.059592 0.048289
vt 0.416839 0.530036
vt 0.416857 0.894320
vt 0.922592 0.894297
vt 0.393340 0.029814
vt 0.416862 0.530003
vt 0.416833 0.894288
vt 0.922568 0.894329
vt 0.383047 0.034343
vt 0.416870 0.529994
vt 0.416826 0.894278
vt 0.922561 0.894339
vt 0.424508 0.373666
vt 0.416584 0.530391
vt 0.417112 0.894675
vt 0.922848 0.893941
vt 0.393331 0.029807
vt 0.416830 0.530048
vt 0.416866 0.894333
vt 0.922602 0.894282
vt 0.392744 0.025239
vt 0.416866 0.529999
vt 0.416830 0.894284
vt 0.922566 0.894334
vt 0.059008 0.072455
vt 0.416824 0.530056
vt 0.416872 0.894341
vt 0.922607 0.894275
vn -0.992721 0.072473 0.096196
vn -0.992721 0.072473 -0.096196
vn -0.992721 -0.072473 -0.096196
vn -0.992721 -0.072473 0.096196
vn 0.000000 1.000000 0.000000
vn 0.000000 1.000000 0.000000
vn 0.000000 1.000000 0.000000
vn 0.000000 1.000000 0.000000
vn 1.000000 0.000000 0.000000
vn 1.000000 0.000000 0.000000
vn 1.000000 0.000000 0.000000
vn 1.000000 0.000000 0.000000
vn 0.000000 -1.000000 0.000000
vn 0.000000 -1.000000 0.000000
vn 0.000000 -1.000000 0.000000
vn 0.000000 -1.000000 0.000000
vn 0.000000 0.000000 1.000000
vn 0.000000 0.000000 1.000000
vn 0.000000 0.000000 1.000000
vn 0.000000 0.000000 1.000000
vn 0.000000 0.000000 -1.000000
vn 0.000000 0.000000 -1.000000
vn 0.000000 0.000000 -1.000000
vn 0.000000 0.000000 -1.000000
vn -0.945423 0.196072 0.260252
vn -0.945423 0.196072 -0.260252
vn -0.945423 -0.196072 -0.260252
vn -0.945423 -0.196072 0.260252
vn -0.992721 0.072473 0.096196
vn -0.992721 0.072473 -0.096196
vn -0.992721 -0.072473 -0.096196
vn -0.992721 -0.072473 0.096196
vn 0.000000 1.000000 0.000000
vn 0.000000 1.000000 0.000000
vn 0.000000 1.000000 0.000000
vn 0.000000 1.000000 0.000000
vn 1.000000 0.000000 0.000000
vn 1.000000 0.000000 0.000000
vn 1.000000 0.000000 0.000000
vn 1.000000 0.000000 0.000000
vn 0.000000 -1.000000 0.000000
vn 0.000000 -1.000000 0.000000
vn 0.000000 -1.000000 0.000000
vn 0.000000 -1.000000 0.000000
vn 0.000000 0.000000 1.000000
vn 0.000000 0.000000 1.000000
vn 0.000000 0.000000 1.000000
vn 0.000000 0.000000 1.000000
vn 0.000000 0.000000 -1.000000
vn 0.000000 0.000000 -1.000000
vn 0.000000 0.000000 -1.000000
vn 0.000000 0.000000 -1.000000
vn -0.945423 0.196072 0.260252
vn -0.945423 0.196072 -0.260252
vn -0.945423 -0.196072 -0.260252
vn -0.945423 -0.196072 0.260252
vn -0.992720 0.072474 0.096196
vn -0.992721 0.072474 -0.096196
vn -0.992721 -0.072474 -0.096196
vn -0.992720 -0.072474 0.096196
vn 0.000000 1.000000 0.000000
vn 0.000000 1.000000 0.000000
vn 0.000000 1.000000 0.000000
vn 0.000000 1.000000 0.000000
vn 1.000000 0.000000 0.000000
vn 1.000000 0.000000 0.000000
vn 1.000000 0.000000 0.000000
vn 1.000000 0.000000 0.000000
vn 0.000000 -1.000000 0.000000
vn 0.000000 -1.000000 0.000000
vn 0.000000 -1.000000 0.000000
vn 0.000000 -1.000000 0.000000
vn 0.000000 0.000000 1.000000
vn 0.000000 0.000000 1.000000
vn 0.000000 0.000000 1.000000
vn 0.000000 0.000000 1.000000
vn 0.000000 0.000000 -1.000000
vn 0.000000 0.000000 -1.000000
vn 0.000000 0.000000 -1.000000
vn 0.000000 0.000000 -1.000000
vn -0.945423 0.196073 0.260252
vn -0.945423 0.196074 -0.260252
vn -0.945423 -0.196074 -0.260252
vn -0.945423 -0.196074 0.260252
vn -0.992721 0.072473 0.096196
vn -0.992721 0.072473 -0.096196
vn -0.992721 -0.072473 -0.096196
vn -0.992721 -0.072473 0.096196
vn 0.000000 1.000000 0.000000
vn 0.000000 1.000000 0.000000
vn 0.000000 1.000000 0.000000
vn 0.000000 1.000000 0.000000
vn 1.000000 0.000000 0.000000
vn 1.000000 0.000000 0.000000
vn 1.000000 0.000000 0.000000
vn 1.000000 0.000000 0.000000
vn 0.000000 -1.000000 0.000000
vn 0.000000 -1.000000 0.000000
vn 0.000000 -1.000000 0.000000
vn 0.000000 -1.000000 0.000000
vn 0.000000 0.000000 1.000000
vn 0.000000 0.000000 1.000000
vn 0.000000 0.000000 1.000000
vn 0.000000 0.000000 1.000000
vn 0.000000 0.000000 -1.000000
vn 0.000000 0.000000 -1.000000
vn 0.000000 0.000000 -1.000000
vn 0.000000 0.000000 -1.000000
vn -0.945423 0.196072 0.260252
vn -0.945423 0.196072 -0.260252
vn -0.945423 -0.196073 -0.260252
vn -0.945423 -0.196073 0.260252
vn -0.992721 0.072473 0.096196
vn -0.992721 0.072473 -0.096196
vn -0.992721 -0.072473 -0.096196
vn -0.992721 -0.072473 0.096196
vn 0.000000 1.000000 0.000000
vn 0.000000 1.000000 0.000000
vn 0.000000 1.000000 0.000000
vn 0.000000 1.000000 0.000000
vn 1.000000 0.000000 0.000000
vn 1.000000 0.000000 0.000000
vn 1.000000 0.000000 0.000000
vn 1.000000 0.000000 0.000000
vn 0.000000 -1.000000 0.000000
vn 0.000000 -1.000000 0.000000
vn 0.000000 -1.000000 0.000000
vn 0.000000 -1.000000 0.000000
vn 0.000000 0.000000 1.000000
vn 0.000000 0.000000 1.000000
vn 0.000000 0.000000 1.000000
vn 0.000000 0.000000 1.000000
vn 0.000000 0.000000 -1.000000
vn 0.000000 0.000000 -1.000000
vn 0.000000 0.000000 -1.000000
vn 0.000000 0.000000 -1.000000
vn -0.945423 0.196072 0.260252
vn -0.945423 0.196072 -0.260252
vn -0.945423 -0.196073 -0.260252
vn -0.945423 -0.196073 0.260252
vn -0.992720 0.072474 0.096196
vn -0.992720 0.072474 -0.096196
vn -0.992721 -0.072474 -0.096196
vn -0.992720 -0.072474 0.096196
vn 0.000000 1.000000 0.000000
vn 0.000000 1.000000 0.000000
vn 0.000000 1.000000 0.000000
vn 0.000000 1.000000 0.000000
vn 1.000000 0.000000 0.000000
vn 1.000000 0.000000 0.000000
vn 1.000000 0.000000 0.000000
vn 1.000000 0.000000 0.000000
vn 0.000000 -1.000000 0.000000
vn 0.000000 -1.000000 0.000000
vn 0.000000 -1.000000 0.000000
vn 0.000000 -1.000000 0.000000
vn 0.000000 0.000000 1.000000
vn 0.000000 0.000000 1.000000
vn 0.000000 0.000000 1.000000
vn 0.000000 0.000000 1.000000
vn 0.000000 0.000000 -1.000000
vn 0.000000 0.000000 -1.000000
vn 0.000000 0.000000 -1.000000
vn 0.000000 0.000000 -1.000000
vn -0.945423 0.196073 0.260252
vn -0.945423 0.196074 -0.260252
vn -0.945423 -0.196074 -0.260252
vn -0.945423 -0.196074 0.260252
vn -0.992721 0.072473 0.096196
vn -0.992721 0.072473 -0.096196
vn -0.992721 -0.072473 -0.096196
vn -0.992720 -0.072473 0.096196
vn 0.000000 1.000000 0.000000
vn 0.000000 1.000000 0.000000
vn 0.000000 1.000000 0.000000
vn 0.000000 1.000000 0.000000
vn 1.000000 0.000000 0.000000
vn 1.000000 0.000000 0.000000
vn 1.000000 0.000000 0.000000
vn 1.000000 0.000000 0.000000
vn 0.000000 -1.000000 0.000000
vn 0.000000 -1.000000 0.000000
vn 0.000000 -1.000000 0.000000
vn 0.000000 -1.000000 0.000000
vn 0.000000 0.000000 1.000000
vn 0.000000 0.000000 1.000000
vn 0.000000 0.000000 1.000000
vn 0.000000 0.000000 1.000000
vn 0.000000 0.000000 -1.000000
vn 0.000000 0.000000 -1.000000
vn 0.000000 0.000000 -1.000000
vn 0.000000 0.000000 -1.000000
vn -0.945423 0.196072 0.260252
vn -0.945423 0.196072 -0.260252
vn -0.945423 -0.196072 -0.260252
vn -0.945423 -0.196072 0.260252
vn -0.992721 0.072473 0.096196
vn -0.992721 0.072473 -0.096196
vn -0.992721 -0.072473 -0.096196
vn -0.992721 -0.072473 0.096196
vn 0.000000 1.000000 0.000000
vn 0.000000 1.000000 0.000000
vn 0.000000 1.000000 0.000000
vn 0.000000 1.000000 0.000000
vn 1.000000 0.000000 0.000000
vn 1.000000 0.000000 0.000000
vn 1.000000 0.000000 0.000000
vn 1.000000 0.000000 0.000000
vn 0.000000 -1.000000 0.000000
vn 0.000000 -1.000000 0.000000
vn 0.000000 -1.000000 0.000000
vn 0.000000 -1.000000 0.000000
vn 0.000000 0.000000 1.000000
vn 0.000000 0.000000 1.000000
vn 0.000000 0.000000 1.000000
vn 0.000000 0.000000 1.000000
vn 0.000000 0.000000 -1.000000
vn 0.000000 0.000000 -1.000000
vn 0.000000 0.000000 -1.000000
vn 0.000000 0.000000 -1.000000
vn -0.945423 0.196072 0.260252
vn -0.945423 0.196072 -0.260252
vn -0.945423 -0.196072 -0.260252
vn -0.945423 -0.196072 0.260252
vn -0.992721 0.072473 0.096196
vn -0.992720 0.072473 -0.096196
vn -0.992721 -0.072473 -0.096196
vn -0.992720 -0.072473 0.096196
vn 0.000000 1.000000 0.000000
vn 0.000000 1.000000 0.000000
vn 0.000000 1.000000 0.000000
vn 0.000000 1.000000 0.000000
vn 1.000000 0.000000 0.000000
vn 1.000000 0.000000 0.000000
vn 1.000000 0.000000 0.000000
vn 1.000000 0.000000 0.000000
vn 0.000000 -1.000000 0.000000
vn 0.000000 -1.000000 0.000000
vn 0.000000 -1.000000 0.000000
vn 0.000000 -1.000000 0.000000
vn 0.000000 0.000000 1.000000
vn 0.000000 0.000000 1.000000
vn 0.000000 0.000000 1.000000
vn 0.000000 0.000000 1.000000
vn 0.000000 0.000000 -1.000000
vn 0.000000 0.000000 -1.000000
vn 0.000000 0.000000 -1.000000
vn 0.000000 0.000000 -1.000000
vn -0.945423 0.196072 0.260252
vn -0.945423 0.196072 -0.260253
vn -0.945423 -0.196072 -0.260252
vn -0.945423 -0.196072 0.260252
vn -0.992721 0.072473 0.096196
vn -0.992720 0.072473 -0.096196
vn -0.992721 -0.072473 -0.096196
vn -0.992720 -0.072473 0.096196
vn 0.000000 1.000000 0.000000
vn 0.000000 1.000000 0.000000
vn 0.000000 1.000000 0.000000
vn 0.000000 1.000000 0.000000
vn 1.000000 0.000000 0.000000
vn 1.000000 0.000000 0.000000
vn 1.000000 0.000000 0.000000
vn 1.000000 0.000000 0.000000
vn 0.000000 -1.000000 0.000000
vn 0.000000 -1.000000 0.000000
vn 0.000000 -1.000000 0.000000
vn 0.000000 -1.000000 0.000000
vn 0.000000 0.000000 1.000000
vn 0.000000 0.000000 1.000000
vn 0.000000 0.000000 1.000000
vn 0.000000 0.000000 1.000000
vn 0.000000 0.000000 -1.000000
vn 0.000000 0.000000 -1.000000
vn 0.000000 0.000000 -1.000000
vn 0.000000 0.000000 -1.000000
vn -0.945423 0.196072 0.260252
vn -0.945423 0.196072 -0.260252
vn -0.945423 -0.196072 -0.260252
vn -0.945423 -0.196072 0.260252
vn -0.992721 0.072473 0.096196
vn -0.992721 0.072473 -0.096196
vn -0.992721 -0.072473 -0.096196
vn -0.992721 -0.072473 0.096196
vn 0.000000 1.000000 0.000000
vn 0.000000 1.000000 0.000000
vn 0.000000 1.000000 0.000000
vn 0.000000 1.000000 0.000000
vn 1.000000 0.000000 0.000000
vn 1.000000 0.000000 0.000000
vn 1.000000 0.000000 0.000000
vn 1.000000 0.000000 0.000000
vn 0.000000 -1.000000 0.000000
vn 0.000000 -1.000000 0.000000
vn 0.000000 -1.000000 0.000000
vn 0.000000 -1.000000 0.000000
vn 0.000000 0.000000 1.000000
vn 0.000000 0.000000 1.000000
vn 0.000000 0.000000 1.000000
vn 0.000000 0.000000 1.000000
vn 0.000000 0.000000 -1.000000
vn 0.000000 0.000000 -1.000000
vn 0.000000 0.000000 -1.000000
vn 0.000000 0.000000 -1.000000
vn -0.945423 0.196073 0.260251
vn -0.945423 0.196072 -0.260252
vn -0.945423 -0.196072 -0.260252
vn -0.945423 -0.196073 0.260251
vn -0.992721 0.072473 0.096196
vn -0.992721 0.072473 -0.096196
vn -0.992721 -0.072473 -0.096196
vn -0.992721 -0.072473 0.096196
vn 0.000000 1.000000 0.000000
vn 0.000000 1.000000 0.000000
vn 0.000000 1.000000 0.000000
vn 0.000000 1.000000 0.000000
vn 1.000000 0.000000 0.000000
vn 1.000000 0.000000 0.000000
vn 1.000000 0.000000 0.000000
vn 1.000000 0.000000 0.000000
vn 0.000000 -1.000000 0.000000
vn 0.000000 -1.000000 0.000000
vn 0.000000 -1.000000 0.000000
vn 0.000000 -1.000000 0.000000
vn 0.000000 0.000000 1.000000
vn 0.000000 0.000000 1.000000
vn 0.000000 0.000000 1.000000
vn 0.000000 0.000000 1.000000
vn 0.000000 0.000000 -1.000000
vn 0.000000 0.000000 -1.000000
vn 0.000000 0.000000 -1.000000
vn 0.000000 0.000000 -1.000000
vn -0.945423 0.196072 0.260252
vn -0.945423 0.196072 -0.260251
vn -0.945423 -0.196072 -0.260251
vn -0.945423 -0.196072 0.260252
vn -0.992721 0.072473 0.096196
vn -0.992721 0.072473 -0.096196
vn -0.992721 -0.072473 -0.096196
vn -0.992721 -0.072473 0.096196
vn 0.000000 1.000000 0.000000
vn 0.000000 1.000000 0.000000
vn 0.000000 1.000000 0.000000
vn 0.000000 1.000000 0.000000
vn 1.000000 0.000000 0.000000
vn 1.000000 0.000000 0.000000
vn 1.000000 0.000000 0.000000
vn 1.000000 0.000000 0.000000
vn 0.000000 -1.000000 0.000000
vn 0.000000 -1.000000 0.000000
vn 0.000000 -1.000000 0.000000
vn 0.000000 -1.000000 0.000000
vn 0.000000 0.000000 1.000000
vn 0.000000 0.000000 1.000000
vn 0.000000 0.000000 1.000000
vn 0.000000 0.000000 1.000000
vn 0.000000 0.000000 -1.000000
vn 0.000000 0.000000 -1.000000
vn 0.000000 0.000000 -1.000000
vn 0.000000 0.000000 -1.000000
vn -0.945423 0.196072 0.260251
vn -0.945423 0.196072 -0.260251
vn -0.945423 -0.196072 -0.260251
vn -0.945423 -0.196072 0.260251
vn -0.992720 0.072474 0.096196
vn -0.992721 0.072474 -0.096196
vn -0.992721 -0.072474 -0.096196
vn -0.992720 -0.072474 0.096196
vn 0.000000 1.000000 0.000000
vn 0.000000 1.000000 0.000000
vn 0.000000 1.000000 0.000000
vn 0.000000 1.000000 0.000000
vn 1.000000 0.000000 0.000000
vn 1.000000 0.000000 0.000000
vn 1.000000 0.000000 0.000000
vn 1.000000 0.000000 0.000000
vn 0.000000 -1.000000 0.000000
vn 0.000000 -1.000000 0.000000
vn 0.000000 -1.000000 0.000000
vn 0.000000 -1.000000 0.000000
vn 0.000000 0.000000 1.000000
vn 0.000000 0.000000 1.000000
vn 0.000000 0.000000 1.000000
vn 0.000000 0.000000 1.000000
vn 0.000000 0.000000 -1.000000
vn 0.000000 0.000000 -1.000000
vn 0.000000 0.000000 -1.000000
vn 0.000000 0.000000 -1.000000
vn -0.945423 0.196074 0.260251
vn -0.945423 0.196074 -0.260251
vn -0.945423 -0.196074 -0.260251
vn -0.945423 -0.196074 0.260251
vn -0.992721 0.072473 0.096196
vn -0.992721 0.072473 -0.096196
vn -0.992721 -0.072473 -0.096196
vn -0.992721 -0.072473 0.096196
vn 0.000000 1.000000 0.000000
vn 0.000000 1.000000 0.000000
vn 0.000000 1.000000 0.000000
vn 0.000000 1.000000 0.000000
vn 1.000000 0.000000 0.000000
vn 1.000000 0.000000 0.000000
vn 1.000000 0.000000 0.000000
vn 1.000000 0.000000 0.000000
vn 0.000000 -1.000000 0.000000
vn 0.000000 -1.000000 0.000000
vn 0.000000 -1.000000 0.000000
vn 0.000000 -1.000000 0.000000
vn 0.000000 0.000000 1.000000
vn 0.000000 0.000000 1.000000
vn 0.000000 0.000000 1.000000
vn 0.000000 0.000000 1.000000
vn 0.000000 0.000000 -1.000000
vn 0.000000 0.000000 -1.000000
vn 0.000000 0.000000 -1.000000
vn 0.000000 0.000000 -1.000000
vn -0.945423 0.196072 0.260251
vn -0.945423 0.196072 -0.260251
vn -0.945423 -0.196073 -0.260251
vn -0.945423 -0.196073 0.260251
vn -0.992721 0.072473 0.096196
vn -0.992721 0.072473 -0.096196
vn -0.992721 -0.072473 -0.096196
vn -0.992721 -0.072473 0.096196
vn 0.000000 1.000000 0.000000
vn 0.000000 1.000000 0.000000
vn 0.000000 1.000000 0.000000
vn 0.000000 1.000000 0.000000
vn 1.000000 0.000000 0.000000
vn 1.000000 0.000000 0.000000
vn 1.000000 0.000000 0.000000
vn 1.000000 0.000000 0.000000
vn 0.000000 -1.000000 0.000000
vn 0.000000 -1.000000 0.000000
vn 0.000000 -1.000000 0.000000
vn 0.000000 -1.000000 0.000000
vn 0.000000 0.000000 1.000000
vn 0.000000 0.000000 1.000000
vn 0.000000 0.000000 1.000000
vn 0.000000 0.000000 1.000000
vn 0.000000 0.000000 -1.000000
vn 0.000000 0.000000 -1.000000
vn 0.000000 0.000000 -1.000000
vn 0.000000 0.000000 -1.000000
vn -0.945423 0.196072 0.260251
vn -0.945423 0.196072 -0.260251
vn -0.945423 -0.196073 -0.260251
vn -0.945423 -0.196073 0.260251
vn -0.992720 0.072474 0.096196
vn -0.992721 0.072474 -0.096196
vn -0.992721 -0.072474 -0.096196
vn -0.992720 -0.072474 0.096196
vn 0.000000 1.000000 0.000000
vn 0.000000 1.000000 0.000000
vn 0.000000 1.000000 0.000000
vn 0.000000 1.000000 0.000000
vn 1.000000 0.000000 0.000000
vn 1.000000 0.000000 0.000000
vn 1.000000 0.000000 0.000000
vn 1.000000 0.000000 0.000000
vn 0.000000 -1.000000 0.000000
vn 0.000000 -1.000000 0.000000
vn 0.000000 -1.000000 0.000000
vn 0.000000 -1.000000 0.000000
vn 0.000000 0.000000 1.000000
vn 0.000000 0.000000 1.000000
vn 0.000000 0.000000 1.000000
vn 0.000000 0.000000 1.000000
vn 0.000000 0.000000 -1.000000
vn 0.000000 0.000000 -1.000000
vn 0.000000 0.000000 -1.000000
vn 0.000000 0.000000 -1.000000
vn -0.945423 0.196074 0.260251
vn -0.945423 0.196074 -0.260251
vn -0.945423 -0.196074 -0.260251
vn -0.945423 -0.196074 0.260251
vn -0.992721 0.072473 0.096196
vn -0.992721 0.072473 -0.096196
vn -0.992721 -0.072473 -0.096196
vn -0.992721 -0.072473 0.096196
vn 0.000000 1.000000 0.000000
vn 0.000000 1.000000 0.000000
vn 0.000000 1.000000 0.000000
vn 0.000000 1.000000 0.000000
vn 1.000000 0.000000 0.000000
vn 1.000000 0.000000 0.000000
vn 1.000000 0.000000 0.000000
vn 1.000000 0.000000 0.000000
vn 0.000000 -1.000000 0.000000
vn 0.000000 -1.000000 0.000000
vn 0.000000 -1.000000 0.000000
vn 0.000000 -1.000000 0.000000
vn 0.000000 0.000000 1.000000
vn 0.000000 0.000000 1.000000
vn 0.000000 0.000000 1.000000
vn 0.000000 0.000000 1.000000
vn 0.000000 0.000000 -1.000000
vn 0.000000 0.000000 -1.000000
vn 0.000000 0.000000 -1.000000
vn 0.000000 0.000000 -1.000000
vn -0.945423 0.196072 0.260251
vn -0.945423 0.196072 -0.260251
vn -0.945423 -0.196072 -0.260251
vn -0.945423 -0.196072 0.260251
vn -0.992721 0.072473 0.096196
vn -0.992721 0.072473 -0.096196
vn -0.992721 -0.072473 -0.096196
vn -0.992721 -0.072473 0.096196
vn 0.000000 1.000000 0.000000
vn 0.000000 1.000000 0.000000
vn 0.000000 1.000000 0.000000
vn 0.000000 1.000000 0.000000
vn 1.000000 0.000000 0.000000
vn 1.000000 0.000000 0.000000
vn 1.000000 0.000000 0.000000
vn 1.000000 0.000000 0.000000
vn 0.000000 -1.000000 0.000000
vn 0.000000 -1.000000 0.000000
vn 0.000000 -1.000000 0.000000
vn 0.000000 -1.000000 0.000000
vn 0.000000 0.000000 1.000000
vn 0.000000 0.000000 1.000000
vn 0.000000 0.000000 1.000000
vn 0.000000 0.000000 1.000000
vn 0.000000 0.000000 -1.000000
vn 0.000000 0.000000 -1.000000
vn 0.000000 0.000000 -1.000000
vn 0.000000 0.000000 -1.000000
vn -0.945423 0.196072 0.260252
vn -0.945423 0.196072 -0.260251
vn -0.945423 -0.196072 -0.260251
vn -0.945423 -0.196072 0.260252
vn -0.992721 0.072473 0.096196
vn -0.992721 0.072473 -0.096196
vn -0.992721 -0.072473 -0.096196
vn -0.992721 -0.072473 0.096196
vn 0.000000 1.000000 0.000000
vn 0.000000 1.000000 0.000000
vn 0.000000 1.000000 0.000000
vn 0.000000 1.000000 0.000000
vn 1.000000 0.000000 0.000000
vn 1.000000 0.000000 0.000000
vn 1.000000 0.000000 0.000000
vn 1.000000 0.000000 0.000000
vn 0.000000 -1.000000 0.000000
vn 0.000000 -1.000000 0.000000
vn 0.000000 -1.000000 0.000000
vn 0.000000 -1.000000 0.000000
vn 0.000000 0.000000 1.000000
vn 0.000000 0.000000 1.000000
vn 0.000000 0.000000 1.000000
vn 0.000000 0.000000 1.000000
vn 0.000000 0.000000 -1.000000
vn 0.000000 0.000000 -1.000000
vn 0.000000 0.000000 -1.000000
vn 0.000000 0.000000 -1.000000
vn -0.945423 0.196073 0.260251
vn -0.945423 0.196072 -0.260252
vn -0.945423 -0.196072 -0.260252
vn -0.945423 -0.196073 0.260251
vn -0.096196 0.072473 -0.992721
vn 0.096196 0.072473 -0.992721
vn 0.096196 -0.072473 -0.992721
vn -0.096196 -0.072473 -0.992721
vn 0.000000 1.000000 0.000000
vn 0.000000 1.000000 0.000000
vn 0.000000 1.000000 0.000000
vn 0.000000 1.000000 0.000000
vn 0.000000 0.000000 1.000000
vn 0.000000 0.000000 1.000000
vn 0.000000 0.000000 1.000000
vn 0.000000 0.000000 1.000000
vn 0.000000 -1.000000 0.000000
vn 0.000000 -1.000000 0.000000
vn 0.000000 -1.000000 0.000000
vn 0.000000 -1.000000 0.000000
vn -1.000000 0.000000 0.000000
vn -1.000000 0.000000 0.000000
vn -1.000000 0.000000 0.000000
vn -1.000000 0.000000 0.000000
vn 1.000000 0.000000 0.000000
vn 1.000000 0.000000 0.000000
vn 1.000000 0.000000 0.000000
vn 1.000000 0.000000 0.000000
vn -0.260253 0.196071 -0.945423
vn 0.260253 0.196071 -0.945423
vn 0.260252 -0.196072 -0.945423
vn -0.260252 -0.196071 -0.945423
vn -0.096196 0.072473 -0.992721
vn 0.096196 0.072473 -0.992721
vn 0.096196 -0.072473 -0.992721
vn -0.096196 -0.072473 -0.992721
vn 0.000000 1.000000 0.000000
vn 0.000000 1.000000 0.000000
vn 0.000000 1.000000 0.000000
vn 0.000000 1.000000 0.000000
vn 0.000000 0.000000 1.000000
vn 0.000000 0.000000 1.000000
vn 0.000000 0.000000 1.000000
vn 0.000000 0.000000 1.000000
vn 0.000000 -1.000000 0.000000
vn 0.000000 -1.000000 0.000000
vn 0.000000 -1.000000 0.000000
vn 0.000000 -1.000000 0.000000
vn -1.000000 0.000000 0.000000
vn -1.000000 0.000000 0.000000
vn -1.000000 0.000000 0.000000
vn -1.000000 0.000000 0.000000
vn 1.000000 0.000000 0.000000
vn 1.000000 0.000000 0.000000
vn 1.000000 0.000000 0.000000
vn 1.000000 0.000000 0.000000
vn -0.260253 0.196071 -0.945423
vn 0.260253 0.196071 -0.945423
vn 0.260252 -0.196072 -0.945423
vn -0.260252 -0.196071 -0.945423
vn -0.096196 0.072473 -0.992721
vn 0.096196 0.072473 -0.992721
vn 0.096196 -0.072473 -0.992721
vn -0.096196 -0.072473 -0.992721
vn 0.000000 1.000000 0.000000
vn 0.000000 1.000000 0.000000
vn 0.000000 1.000000 0.000000
vn 0.000000 1.000000 0.000000
vn 0.000000 0.000000 1.000000
vn 0.000000 0.000000 1.000000
vn 0.000000 0.000000 1.000000
vn 0.000000 0.000000 1.000000
vn 0.000000 -1.000000 0.000000
vn 0.000000 -1.000000 0.000000
vn 0.000000 -1.000000 0.000000
vn 0.000000 -1.000000 0.000000
vn -1.000000 0.000000 0.000000
vn -1.000000 0.000000 0.000000
vn -1.000000 0.000000 0.000000
vn -1.000000 0.000000 0.000000
vn 1.000000 0.000000 0.000000
vn 1.000000 0.000000 0.000000
vn 1.000000 0.000000 0.000000
vn 1.000000 0.000000 0.000000
vn -0.260253 0.196071 -0.945423
vn 0.260253 0.196071 -0.945423
vn 0.260252 -0.196072 -0.945423
vn -0.260252 -0.196071 -0.945423
vn -0.096196 0.072473 -0.992721
vn 0.096196 0.072473 -0.992721
vn 0.096196 -0.072473 -0.992721
vn -0.096196 -0.072473 -0.992721
vn 0.000000 1.000000 0.000000
vn 0.000000 1.000000 0.000000
vn 0.000000 1.000000 0.000000
vn 0.000000 1.000000 0.000000
vn 0.000000 0.000000 1.000000
vn 0.000000 0.000000 1.000000
vn 0.000000 0.000000 1.000000
vn 0.000000 0.000000 1.000000
vn 0.000000 -1.000000 0.000000
vn 0.000000 -1.000000 0.000000
vn 0.000000 -1.000000 0.000000
vn 0.000000 -1.000000 0.000000
vn -1.000000 0.000000 0.000000
vn -1.000000 0.000000 0.000000
vn -1.000000 0.000000 0.000000
vn -1.000000 0.000000 0.000000
vn 1.000000 0.000000 0.000000
vn 1.000000 0.000000 0.000000
vn 1.000000 0.000000 0.000000
vn 1.000000 0.000000 0.000000
vn -0.260253 0.196071 -0.945423
vn 0.260253 0.196071 -0.945423
vn 0.260253 -0.196071 -0.945423
vn -0.260252 -0.196071 -0.945423
vn -0.096196 0.072473 -0.992721
vn 0.096196 0.072473 -0.992720
vn 0.096196 -0.072473 -0.992720
vn -0.096196 -0.072473 -0.992721
vn 0.000000 1.000000 0.000000
vn 0.000000 1.000000 0.000000
vn 0.000000 1.000000 0.000000
vn 0.000000 1.000000 0.000000
vn 0.000000 0.000000 1.000000
vn 0.000000 0.000000 1.000000
vn 0.000000 0.000000 1.000000
vn 0.000000 0.000000 1.000000
vn 0.000000 -1.000000 0.000000
vn 0.000000 -1.000000 0.000000
vn 0.000000 -1.000000 0.000000
vn 0.000000 -1.000000 0.000000
vn -1.000000 0.000000 0.000000
vn -1.000000 0.000000 0.000000
vn -1.000000 0.000000 0.000000
vn -1.000000 0.000000 0.000000
vn 1.000000 0.000000 0.000000
vn 1.000000 0.000000 0.000000
vn 1.000000 0.000000 0.000000
vn 1.000000 0.000000 0.000000
vn -0.260253 0.196071 -0.945423
vn 0.260253 0.196072 -0.945423
vn 0.260253 -0.196072 -0.945423
vn -0.260252 -0.196072 -0.945423
vn -0.096196 0.072473 -0.992721
vn 0.096196 0.072473 -0.992720
vn 0.096196 -0.072473 -0.992721
vn -0.096196 -0.072473 -0.992721
vn 0.000000 1.000000 0.000000
vn 0.000000 1.000000 0.000000
vn 0.000000 1.000000 0.000000
vn 0.000000 1.000000 0.000000
vn 0.000000 0.000000 1.000000
vn 0.000000 0.000000 1.000000
vn 0.000000 0.000000 1.000000
vn 0.000000 0.000000 1.000000
vn 0.000000 -1.000000 0.000000
vn 0.000000 -1.000000 0.000000
vn 0.000000 -1.000000 0.000000
vn 0.000000 -1.000000 0.000000
vn -1.000000 0.000000 0.000000
vn -1.000000 0.000000 0.000000
vn -1.000000 0.000000 0.000000
vn -1.000000 0.000000 0.000000
vn 1.000000 0.000000 0.000000
vn 1.000000 0.000000 0.000000
vn 1.000000 0.000000 0.000000
vn 1.000000 0.000000 0.000000
vn -0.260252 0.196071 -0.945423
vn 0.260253 0.196072 -0.945423
vn 0.260253 -0.196072 -0.945423
vn -0.260252 -0.196071 -0.945423
vn -0.096196 0.072473 -0.992721
vn 0.096196 0.072473 -0.992720
vn 0.096196 -0.072473 -0.992720
vn -0.096196 -0.072473 -0.992721
vn 0.000000 1.000000 0.000000
vn 0.000000 1.000000 0.000000
vn 0.000000 1.000000 0.000000
vn 0.000000 1.000000 0.000000
vn 0.000000 0.000000 1.000000
vn 0.000000 0.000000 1.000000
vn 0.000000 0.000000 1.000000
vn 0.000000 0.000000 1.000000
vn 0.000000 -1.000000 0.000000
vn 0.000000 -1.000000 0.000000
vn 0.000000 -1.000000 0.000000
vn 0.000000 -1.000000 0.000000
vn -1.000000 0.000000 0.000000
vn -1.000000 0.000000 0.000000
vn -1.000000 0.000000 0.000000
vn -1.000000 0.000000 0.000000
vn 1.000000 0.000000 0.000000
vn 1.000000 0.000000 0.000000
vn 1.000000 0.000000 0.000000
vn 1.000000 0.000000 0.000000
vn -0.260253 0.196072 -0.945423
vn 0.260253 0.196072 -0.945423
vn 0.260253 -0.196072 -0.945423
vn -0.260252 -0.196072 -0.945423
vn -0.096196 0.072473 -0.992721
vn 0.096196 0.072473 -0.992720
vn 0.096196 -0.072473 -0.992721
vn -0.096196 -0.072473 -0.992721
vn 0.000000 1.000000 0.000000
vn 0.000000 1.000000 0.000000
vn 0.000000 1.000000 0.000000
vn 0.000000 1.000000 0.000000
vn 0.000000 0.000000 1.000000
vn 0.000000 0.000000 1.000000
vn 0.000000 0.000000 1.000000
vn 0.000000 0.000000 1.000000
vn 0.000000 -1.000000 0.000000
vn 0.000000 -1.000000 0.000000
vn 0.000000 -1.000000 0.000000
vn 0.000000 -1.000000 0.000000
vn -1.000000 0.000000 0.000000
vn -1.000000 0.000000 0.000000
vn -1.000000 0.000000 0.000000
vn -1.000000 0.000000 0.000000
vn 1.000000 0.000000 0.000000
vn 1.000000 0.000000 0.000000
vn 1.000000 0.000000 0.000000
vn 1.000000 0.000000 0.000000
vn -0.260252 0.196071 -0.945423
vn 0.260253 0.196072 -0.945423
vn 0.260253 -0.196072 -0.945423
vn -0.260252 -0.196071 -0.945423
vn -0.096196 0.072473 -0.992721
vn 0.096196 0.072473 -0.992721
vn 0.096196 -0.072473 -0.992721
vn -0.096196 -0.072473 -0.992721
vn 0.000000 1.000000 0.000000
vn 0.000000 1.000000 0.000000
vn 0.000000 1.000000 0.000000
vn 0.000000 1.000000 0.000000
vn 0.000000 0.000000 1.000000
vn 0.000000 0.000000 1.000000
vn 0.000000 0.000000 1.000000
vn 0.000000 0.000000 1.000000
vn 0.000000 -1.000000 0.000000
vn 0.000000 -1.000000 0.000000
vn 0.000000 -1.000000 0.000000
vn 0.000000 -1.000000 0.000000
vn -1.000000 0.000000 0.000000
vn -1.000000 0.000000 0.000000
vn -1.000000 0.000000 0.000000
vn -1.000000 0.000000 0.000000
vn 1.000000 0.000000 0.000000
vn 1.000000 0.000000 0.000000
vn 1.000000 0.000000 0.000000
vn 1.000000 0.000000 0.000000
vn -0.260253 0.196071 -0.945423
vn 0.260253 0.196071 -0.945423
vn 0.260252 -0.196072 -0.945423
vn -0.260252 -0.196071 -0.945423
vn -0.096196 0.072473 -0.992721
vn 0.096196 0.072473 -0.992720
vn 0.096196 -0.072473 -0.992720
vn -0.096196 -0.072473 -0.992721
vn 0.000000 1.000000 0.000000
vn 0.000000 1.000000 0.000000
vn 0.000000 1.000000 0.000000
vn 0.000000 1.000000 0.000000
vn 0.000000 0.000000 1.000000
vn 0.000000 0.000000 1.000000
vn 0.000000 0.000000 1.000000
vn 0.000000 0.000000 1.000000
vn 0.000000 -1.000000 0.000000
vn 0.000000 -1.000000 0.000000
vn 0.000000 -1.000000 0.000000
vn 0.000000 -1.000000 0.000000
vn -1.000000 0.000000 0.000000
vn -1.000000 0.000000 0.000000
vn -1.000000 0.000000 0.000000
vn -1.000000 0.000000 0.000000
vn 1.000000 0.000000 0.000000
vn 1.000000 0.000000 0.000000
vn 1.000000 0.000000 0.000000
vn 1.000000 0.000000 0.000000
vn -0.260253 0.196072 -0.945423
vn 0.260253 0.196072 -0.945423
vn 0.260253 -0.196072 -0.945423
vn -0.260252 -0.196072 -0.945423
vn -0.096196 0.072473 -0.992720
vn 0.096196 0.072473 -0.992720
vn 0.096196 -0.072473 -0.992720
vn -0.096196 -0.072473 -0.992720
vn 0.000000 1.000000 0.000000
vn 0.000000 1.000000 0.000000
vn 0.000000 1.000000 0.000000
vn 0.000000 1.000000 0.000000
vn 0.000000 0.000000 1.000000
vn 0.000000 0.000000 1.000000
vn 0.000000 0.000000 1.000000
vn 0.000000 0.000000 1.000000
vn 0.000000 -1.000000 0.000000
vn 0.000000 -1.000000 0.000000
vn 0.000000 -1.000000 0.000000
vn 0.000000 -1.000000 0.000000
vn -1.000000 0.000000 0.000000
vn -1.000000 0.000000 0.000000
vn -1.000000 0.000000 0.000000
vn -1.000000 0.000000 0.000000
vn 1.000000 0.000000 0.000000
vn 1.000000 0.000000 0.000000
vn 1.000000 0.000000 0.000000
vn 1.000000 0.000000 0.000000
vn -0.260253 0.196072 -0.945423
vn 0.260253 0.196072 -0.945423
vn 0.260253 -0.196072 -0.945423
vn -0.260253 -0.196072 -0.945423
vn -0.096196 0.072473 -0.992720
vn 0.096196 0.072473 -0.992720
vn 0.096196 -0.072473 -0.992720
vn -0.096196 -0.072473 -0.992721
vn 0.000000 1.000000 0.000000
vn 0.000000 1.000000 0.000000
vn 0.000000 1.000000 0.000000
vn 0.000000 1.000000 0.000000
vn 0.000000 0.000000 1.000000
vn 0.000000 0.000000 1.000000
vn 0.000000 0.000000 1.000000
vn 0.000000 0.000000 1.000000
vn 0.000000 -1.000000 0.000000
vn 0.000000 -1.000000 0.000000
vn 0.000000 -1.000000 0.000000
vn 0.000000 -1.000000 0.000000
vn -1.000000 0.000000 0.000000
vn -1.000000 0.000000 0.000000
vn -1.000000 0.000000 0.000000
vn -1.000000 0.000000 0.000000
vn 1.000000 0.000000 0.000000
vn 1.000000 0.000000 0.000000
vn 1.000000 0.000000 0.000000
vn 1.000000 0.000000 0.000000
vn -0.260253 0.196071 -0.945423
vn 0.260253 0.196071 -0.945423
vn 0.260253 -0.196072 -0.945423
vn -0.260253 -0.196072 -0.945423
vn -0.096196 0.072473 -0.992720
vn 0.096196 0.072473 -0.992720
vn 0.096196 -0.072473 -0.992721
vn -0.096196 -0.072473 -0.992721
vn 0.000000 1.000000 0.000000
vn 0.000000 1.000000 0.000000
vn 0.000000 1.000000 0.000000
vn 0.000000 1.000000 0.000000
vn 0.000000 0.000000 1.000000
vn 0.000000 0.000000 1.000000
vn 0.000000 0.000000 1.000000
vn 0.000000 0.000000 1.000000
vn 0.000000 -1.000000 0.000000
vn 0.000000 -1.000000 0.000000
vn 0.000000 -1.000000 0.000000
vn 0.000000 -1.000000 0.000000
vn -1.000000 0.000000 0.000000
vn -1.000000 0.000000 0.000000
vn -1.000000 0.000000 0.000000
vn -1.000000 0.000000 0.000000
vn 1.000000 0.000000 0.000000
vn 1.000000 0.000000 0.000000
vn 1.000000 0.000000 0.000000
vn 1.000000 0.000000 0.000000
vn -0.260253 0.196072 -0.945423
vn 0.260253 0.196072 -0.945423
vn 0.260254 -0.196072 -0.945423
vn -0.260254 -0.196072 -0.945423
vn -0.096196 0.072473 -0.992721
vn 0.096196 0.072473 -0.992720
vn 0.096196 -0.072473 -0.992720
vn -0.096196 -0.072473 -0.992720
vn 0.000000 1.000000 0.000000
vn 0.000000 1.000000 0.000000
vn 0.000000 1.000000 0.000000
vn 0.000000 1.000000 0.000000
vn 0.000000 0.000000 1.000000
vn 0.000000 0.000000 1.000000
vn 0.000000 0.000000 1.000000
vn 0.000000 0.000000 1.000000
vn 0.000000 -1.000000 0.000000
vn 0.000000 -1.000000 0.000000
vn 0.000000 -1.000000 0.000000
vn 0.000000 -1.000000 0.000000
vn -1.000000 0.000000 0.000000
vn -1.000000 0.000000 0.000000
vn -1.000000 0.000000 0.000000
vn -1.000000 0.000000 0.000000
vn 1.000000 0.000000 0.000000
vn 1.000000 0.000000 0.000000
vn 1.000000 0.000000 0.000000
vn 1.000000 0.000000 0.000000
vn -0.260253 0.196071 -0.945423
vn 0.260253 0.196072 -0.945423
vn 0.260253 -0.196072 -0.945423
vn -0.260253 -0.196072 -0.945423
vn -0.096196 0.072473 -0.992721
vn 0.096196 0.072473 -0.992720
vn 0.096196 -0.072473 -0.992720
vn -0.096196 -0.072473 -0.992721
vn 0.000000 1.000000 0.000000
vn 0.000000 1.000000 0.000000
vn 0.000000 1.000000 0.000000
vn 0.000000 1.000000 0.000000
vn 0.000000 0.000000 1.000000
vn 0.000000 0.000000 1.000000
vn 0.000000 0.000000 1.000000
vn 0.000000 0.000000 1.000000
vn 0.000000 -1.000000 0.000000
vn 0.000000 -1.000000 0.000000
vn 0.000000 -1.000000 0.000000
vn 0.000000 -1.000000 0.000000
vn -1.000000 0.000000 0.000000
vn -1.000000 0.000000 0.000000
vn -1.000000 0.000000 0.000000
vn -1.000000 0.000000 0.000000
vn 1.000000 0.000000 0.000000
vn 1.000000 0.000000 0.000000
vn 1.000000 0.000000 0.000000
vn 1.000000 0.000000 0.000000
vn -0.260253 0.196071 -0.945423
vn 0.260253 0.196072 -0.945423
vn 0.260253 -0.196072 -0.945423
vn -0.260253 -0.196072 -0.945423
vn -0.096196 0.072473 -0.992721
vn 0.096196 0.072473 -0.992720
vn 0.096196 -0.072473 -0.992720
vn -0.096196 -0.072473 -0.992720
vn 0.000000 1.000000 0.000000
vn 0.000000 1.000000 0.000000
vn 0.000000 1.000000 0.000000
vn 0.000000 1.000000 0.000000
vn 0.000000 0.000000 1.000000
vn 0.000000 0.000000 1.000000
vn 0.000000 0.000000 1.000000
vn 0.000000 0.000000 1.000000
vn 0.000000 -1.000000 0.000000
vn 0.000000 -1.000000 0.000000
vn 0.000000 -1.000000 0.000000
vn 0.000000 -1.000000 0.000000
vn -1.000000 0.000000 0.000000
vn -1.000000 0.000000 0.000000
vn -1.000000 0.000000 0.000000
vn -1.000000 0.000000 0.000000
vn 1.000000 0.000000 0.000000
vn 1.000000 0.000000 0.000000
vn 1.000000 0.000000 0.000000
vn 1.000000 0.000000 0.000000
vn -0.260253 0.196071 -0.945423
vn 0.260253 0.196071 -0.945423
vn 0.260253 -0.196072 -0.945423
vn -0.260253 -0.196071 -0.945423
vn -0.096196 0.072473 -0.992721
vn 0.096196 0.072473 -0.992720
vn 0.096196 -0.072473 -0.992720
vn -0.096196 -0.072473 -0.992720
vn 0.000000 1.000000 0.000000
vn 0.000000 1.000000 0.000000
vn 0.000000 1.000000 0.000000
vn 0.000000 1.000000 0.000000
vn 0.000000 0.000000 1.000000
vn 0.000000 0.000000 1.000000
vn 0.000000 0.000000 1.000000
vn 0.000000 0.000000 1.000000
vn 0.000000 -1.000000 0.000000
vn 0.000000 -1.000000 0.000000
vn 0.000000 -1.000000 0.000000
vn 0.000000 -1.000000 0.000000
vn -1.000000 0.000000 0.000000
vn -1.000000 0.000000 0.000000
vn -1.000000 0.000000 0.000000
vn -1.000000 0.000000 0.000000
vn 1.000000 0.000000 0.000000
vn 1.000000 0.000000 0.000000
vn 1.000000 0.000000 0.000000
vn 1.000000 0.000000 0.000000
vn -0.260253 0.196071 -0.945423
vn 0.260253 0.196072 -0.945423
vn 0.260253 -0.196072 -0.945423
vn -0.260253 -0.196072 -0.945423
vn -0.096196 0.072473 -0.992720
vn 0.096196 0.072473 -0.992720
vn 0.096196 -0.072473 -0.992720
vn -0.096196 -0.072473 -0.992720
vn 0.000000 1.000000 0.000000
vn 0.000000 1.000000 0.000000
vn 0.000000 1.000000 0.000000
vn 0.000000 1.000000 0.000000
vn 0.000000 0.000000 1.000000
vn 0.000000 0.000000 1.000000
vn 0.000000 0.000000 1.000000
vn 0.000000 0.000000 1.000000
vn 0.000000 -1.000000 0.000000
vn 0.000000 -1.000000 0.000000
vn 0.000000 -1.000000 0.000000
vn 0.000000 -1.000000 0.000000
vn -1.000000 0.000000 0.000000
vn -1.000000 0.000000 0.000000
vn -1.000000 0.000000 0.000000
vn -1.000000 0.000000 0.000000
vn 1.000000 0.000000 0.000000
vn 1.000000 0.000000 0.000000
vn 1.000000 0.000000 0.000000
vn 1.000000 0.000000 0.000000
vn -0.260253 0.196072 -0.945423
vn 0.260253 0.196072 -0.945423
vn 0.260253 -0.196072 -0.945423
vn -0.260253 -0.196072 -0.945423
vn -0.096196 0.072473 -0.992720
vn 0.096196 0.072473 -0.992721
vn 0.096196 -0.072473 -0.992721
vn -0.096196 -0.072473 -0.992720
vn 0.000000 1.000000 0.000000
vn 0.000000 1.000000 0.000000
vn 0.000000 1.000000 0.000000
vn 0.000000 1.000000 0.000000
vn 0.000000 0.000000 1.000000
vn 0.000000 0.000000 1.000000
vn 0.000000 0.000000 1.000000
vn 0.000000 0.000000 1.000000
vn 0.000000 -1.000000 0.000000
vn 0.000000 -1.000000 0.000000
vn 0.000000 -1.000000 0.000000
vn 0.000000 -1.000000 0.000000
vn -1.000000 0.000000 0.000000
vn -1.000000 0.000000 0.000000
vn -1.000000 0.000000 0.000000
vn -1.000000 0.000000 0.000000
vn 1.000000 0.000000 0.000000
vn 1.000000 0.000000 0.000000
vn 1.000000 0.000000 0.000000
vn 1.000000 0.000000 0.000000
vn -0.260253 0.196072 -0.945423
vn 0.260253 0.196072 -0.945423
vn 0.260253 -0.196072 -0.945423
vn -0.260253 -0.196071 -0.945423
vn -0.096196 0.072473 -0.992720
vn 0.096196 0.072473 -0.992720
vn 0.096196 -0.072473 -0.992721
vn -0.096196 -0.072473 -0.992721
vn 0.000000 1.000000 0.000000
vn 0.000000 1.000000 0.000000
vn 0.000000 1.000000 0.000000
vn 0.000000 1.000000 0.000000
vn 0.000000 0.000000 1.000000
vn 0.000000 0.000000 1.000000
vn 0.000000 0.000000 1.000000
vn 0.000000 0.000000 1.000000
vn 0.000000 -1.000000 0.000000
vn 0.000000 -1.000000 0.000000
vn 0.000000 -1.000000 0.000000
vn 0.000000 -1.000000 0.000000
vn -1.000000 0.000000 0.000000
vn -1.000000 0.000000 0.000000
vn -1.000000 0.000000 0.000000
vn -1.000000 0.000000 0.000000
vn 1.000000 0.000000 0.000000
vn 1.000000 0.000000 0.000000
vn 1.000000 0.000000 0.000000
vn 1.000000 0.000000 0.000000
vn -0.260253 0.196072 -0.945423
vn 0.260253 0.196072 -0.945423
vn 0.260254 -0.196072 -0.945423
vn -0.260254 -0.196072 -0.945423
vn 0.992721 0.072473 -0.096196
vn 0.992720 0.072473 0.096196
vn 0.992721 -0.072473 0.096196
vn 0.992720 -0.072473 -0.096196
vn 0.000000 1.000000 0.000000
vn 0.000000 1.000000 0.000000
vn 0.000000 1.000000 0.000000
vn 0.000000 1.000000 0.000000
vn -1.000000 0.000000 0.000000
vn -1.000000 0.000000 0.000000
vn -1.000000 0.000000 0.000000
vn -1.000000 0.000000 0.000000
vn 0.000000 -1.000000 0.000000
vn 0.000000 -1.000000 0.000000
vn 0.000000 -1.000000 0.000000
vn 0.000000 -1.000000 0.000000
vn 0.000000 0.000000 -1.000000
vn 0.000000 0.000000 -1.000000
vn 0.000000 0.000000 -1.000000
vn 0.000000 0.000000 -1.000000
vn 0.000000 0.000000 1.000000
vn 0.000000 0.000000 1.000000
vn 0.000000 0.000000 1.000000
vn 0.000000 0.000000 1.000000
vn 0.945423 0.196072 -0.260252
vn 0.945423 0.196072 0.260253
vn 0.945423 -0.196072 0.260252
vn 0.945423 -0.196072 -0.260252
vn 0.992721 0.072473 -0.096196
vn 0.992721 0.072473 0.096196
vn 0.992721 -0.072473 0.096196
vn 0.992721 -0.072473 -0.096196
vn 0.000000 1.000000 0.000000
vn 0.000000 1.000000 0.000000
vn 0.000000 1.000000 0.000000
vn 0.000000 1.000000 0.000000
vn -1.000000 0.000000 0.000000
vn -1.000000 0.000000 0.000000
vn -1.000000 0.000000 0.000000
vn -1.000000 0.000000 0.000000
vn 0.000000 -1.000000 0.000000
vn 0.000000 -1.000000 0.000000
vn 0.000000 -1.000000 0.000000
vn 0.000000 -1.000000 0.000000
vn 0.000000 0.000000 -1.000000
vn 0.000000 0.000000 -1.000000
vn 0.000000 0.000000 -1.000000
vn 0.000000 0.000000 -1.000000
vn 0.000000 0.000000 1.000000
vn 0.000000 0.000000 1.000000
vn 0.000000 0.000000 1.000000
vn 0.000000 0.000000 1.000000
vn 0.945423 0.196072 -0.260252
vn 0.945423 0.196072 0.260252
vn 0.945423 -0.196072 0.260252
vn 0.945423 -0.196072 -0.260252
vn 0.992721 0.072473 -0.096196
vn 0.992721 0.072473 0.096196
vn 0.992721 -0.072473 0.096196
vn 0.992720 -0.072473 -0.096196
vn 0.000000 1.000000 0.000000
vn 0.000000 1.000000 0.000000
vn 0.000000 1.000000 0.000000
vn 0.000000 1.000000 0.000000
vn -1.000000 0.000000 0.000000
vn -1.000000 0.000000 0.000000
vn -1.000000 0.000000 0.000000
vn -1.000000 0.000000 0.000000
vn 0.000000 -1.000000 0.000000
vn 0.000000 -1.000000 0.000000
vn 0.000000 -1.000000 0.000000
vn 0.000000 -1.000000 0.000000
vn 0.000000 0.000000 -1.000000
vn 0.000000 0.000000 -1.000000
vn 0.000000 0.000000 -1.000000
vn 0.000000 0.000000 -1.000000
vn 0.000000 0.000000 1.000000
vn 0.000000 0.000000 1.000000
vn 0.000000 0.000000 1.000000
vn 0.000000 0.000000 1.000000
vn 0.945423 0.196072 -0.260252
vn 0.945423 0.196072 0.260252
vn 0.945423 -0.196072 0.260252
vn 0.945423 -0.196072 -0.260252
vn 0.992720 0.072474 -0.096196
vn 0.992720 0.072474 0.096196
vn 0.992721 -0.072474 0.096196
vn 0.992720 -0.072474 -0.096196
vn 0.000000 1.000000 0.000000
vn 0.000000 1.000000 0.000000
vn 0.000000 1.000000 0.000000
vn 0.000000 1.000000 0.000000
vn -1.000000 0.000000 0.000000
vn -1.000000 0.000000 0.000000
vn -1.000000 0.000000 0.000000
vn -1.000000 0.000000 0.000000
vn 0.000000 -1.000000 0.000000
vn 0.000000 -1.000000 0.000000
vn 0.000000 -1.000000 0.000000
vn 0.000000 -1.000000 0.000000
vn 0.000000 0.000000 -1.000000
vn 0.000000 0.000000 -1.000000
vn 0.000000 0.000000 -1.000000
vn 0.000000 0.000000 -1.000000
vn 0.000000 0.000000 1.000000
vn 0.000000 0.000000 1.000000
vn 0.000000 0.000000 1.000000
vn 0.000000 0.000000 1.000000
vn 0.945423 0.196073 -0.260252
vn 0.945423 0.196074 0.260252
vn 0.945423 -0.196074 0.260252
vn 0.945423 -0.196074 -0.260252
vn 0.992721 0.072473 -0.096196
vn 0.992721 0.072473 0.096196
vn 0.992721 -0.072473 0.096196
vn 0.992721 -0.072473 -0.096196
vn 0.000000 1.000000 0.000000
vn 0.000000 1.000000 0.000000
vn 0.000000 1.000000 0.000000
vn 0.000000 1.000000 0.000000
vn -1.000000 0.000000 0.000000
vn -1.000000 0.000000 0.000000
vn -1.000000 0.000000 0.000000
vn -1.000000 0.000000 0.000000
vn 0.000000 -1.000000 0.000000
vn 0.000000 -1.000000 0.000000
vn 0.000000 -1.000000 0.000000
vn 0.000000 -1.000000 0.000000
vn 0.000000 0.000000 -1.000000
vn 0.000000 0.000000 -1.000000
vn 0.000000 0.000000 -1.000000
vn 0.000000 0.000000 -1.000000
vn 0.000000 0.000000 1.000000
vn 0.000000 0.000000 1.000000
vn 0.000000 0.000000 1.000000
vn 0.000000 0.000000 1.000000
vn 0.945423 0.196072 -0.260252
vn 0.945423 0.196072 0.260252
vn 0.945423 -0.196073 0.260252
vn 0.945423 -0.196073 -0.260252
vn 0.992721 0.072473 -0.096196
vn 0.992721 0.072473 0.096196
vn 0.992721 -0.072473 0.096196
vn 0.992721 -0.072473 -0.096196
vn 0.000000 1.000000 0.000000
vn 0.000000 1.000000 0.000000
vn 0.000000 1.000000 0.000000
vn 0.000000 1.000000 0.000000
vn -1.000000 0.000000 0.000000
vn -1.000000 0.000000 0.000000
vn -1.000000 0.000000 0.000000
vn -1.000000 0.000000 0.000000
vn 0.000000 -1.000000 0.000000
vn 0.000000 -1.000000 0.000000
vn 0.000000 -1.000000 0.000000
vn 0.000000 -1.000000 0.000000
vn 0.000000 0.000000 -1.000000
vn 0.000000 0.000000 -1.000000
vn 0.000000 0.000000 -1.000000
vn 0.000000 0.000000 -1.000000
vn 0.000000 0.000000 1.000000
vn 0.000000 0.000000 1.000000
vn 0.000000 0.000000 1.000000
vn 0.000000 0.000000 1.000000
vn 0.945423 0.196072 -0.260252
vn 0.945423 0.196072 0.260252
vn 0.945423 -0.196073 0.260252
vn 0.945423 -0.196073 -0.260252
vn 0.992720 0.072474 -0.096196
vn 0.992721 0.072474 0.096196
vn 0.992721 -0.072474 0.096196
vn 0.992720 -0.072474 -0.096196
vn 0.000000 1.000000 0.000000
vn 0.000000 1.000000 0.000000
vn 0.000000 1.000000 0.000000
vn 0.000000 1.000000 0.000000
vn -1.000000 0.000000 0.000000
vn -1.000000 0.000000 0.000000
vn -1.000000 0.000000 0.000000
vn -1.000000 0.000000 0.000000
vn 0.000000 -1.000000 0.000000
vn 0.000000 -1.000000 0.000000
vn 0.000000 -1.000000 0.000000
vn 0.000000 -1.000000 0.000000
vn 0.000000 0.000000 -1.000000
vn 0.000000 0.000000 -1.000000
vn 0.000000 0.000000 -1.000000
vn 0.000000 0.000000 -1.000000
vn 0.000000 0.000000 1.000000
vn 0.000000 0.000000 1.000000
vn 0.000000 0.000000 1.000000
vn 0.000000 0.000000 1.000000
vn 0.945423 0.196073 -0.260252
vn 0.945423 0.196074 0.260252
vn 0.945423 -0.196074 0.260252
vn 0.945423 -0.196074 -0.260252
vn 0.992721 0.072473 -0.096196
vn 0.992721 0.072473 0.096196
vn 0.992721 -0.072473 0.096196
vn 0.992721 -0.072473 -0.096196
vn 0.000000 1.000000 0.000000
vn 0.000000 1.000000 0.000000
vn 0.000000 1.000000 0.000000
vn 0.000000 1.000000 0.000000
vn -1.000000 0.000000 0.000000
vn -1.000000 0.000000 0.000000
vn -1.000000 0.000000 0.000000
vn -1.000000 0.000000 0.000000
vn 0.000000 -1.000000 0.000000
vn 0.000000 -1.000000 0.000000
vn 0.000000 -1.000000 0.000000
vn 0.000000 -1.000000 0.000000
vn 0.000000 0.000000 -1.000000
vn 0.000000 0.000000 -1.000000
vn 0.000000 0.000000 -1.000000
vn 0.000000 0.000000 -1.000000
vn 0.000000 0.000000 1.000000
vn 0.000000 0.000000 1.000000
vn 0.000000 0.000000 1.000000
vn 0.000000 0.000000 1.000000
vn 0.945423 0.196072 -0.260252
vn 0.945423 0.196072 0.260252
vn 0.945423 -0.196072 0.260252
vn 0.945423 -0.196072 -0.260252
vn 0.992721 0.072473 -0.096196
vn 0.992721 0.072473 0.096196
vn 0.992721 -0.072473 0.096196
vn 0.992721 -0.072473 -0.096196
vn 0.000000 1.000000 0.000000
vn 0.000000 1.000000 0.000000
vn 0.000000 1.000000 0.000000
vn 0.000000 1.000000 0.000000
vn -1.000000 0.000000 0.000000
vn -1.000000 0.000000 0.000000
vn -1.000000 0.000000 0.000000
vn -1.000000 0.000000 0.000000
vn 0.000000 -1.000000 0.000000
vn 0.000000 -1.000000 0.000000
vn 0.000000 -1.000000 0.000000
vn 0.000000 -1.000000 0.000000
vn 0.000000 0.000000 -1.000000
vn 0.000000 0.000000 -1.000000
vn 0.000000 0.000000 -1.000000
vn 0.000000 0.000000 -1.000000
vn 0.000000 0.000000 1.000000
vn 0.000000 0.000000 1.000000
vn 0.000000 0.000000 1.000000
vn 0.000000 0.000000 1.000000
vn 0.945423 0.196072 -0.260252
vn 0.945423 0.196072 0.260252
vn 0.945423 -0.196072 0.260252
vn 0.945423 -0.196072 -0.260252
vn 0.992721 0.072473 -0.096196
vn 0.992720 0.072473 0.096196
vn 0.992721 -0.072473 0.096196
vn 0.992720 -0.072473 -0.096196
vn 0.000000 1.000000 0.000000
vn 0.000000 1.000000 0.000000
vn 0.000000 1.000000 0.000000
vn 0.000000 1.000000 0.000000
vn -1.000000 0.000000 0.000000
vn -1.000000 0.000000 0.000000
vn -1.000000 0.000000 0.000000
vn -1.000000 0.000000 0.000000
vn 0.000000 -1.000000 0.000000
vn 0.000000 -1.000000 0.000000
vn 0.000000 -1.000000 0.000000
vn 0.000000 -1.000000 0.000000
vn 0.000000 0.000000 -1.000000
vn 0.000000 0.000000 -1.000000
vn 0.000000 0.000000 -1.000000
vn 0.000000 0.000000 -1.000000
vn 0.000000 0.000000 1.000000
vn 0.000000 0.000000 1.000000
vn 0.000000 0.000000 1.000000
vn 0.000000 0.000000 1.000000
vn 0.945423 0.196072 -0.260252
vn 0.945423 0.196072 0.260252
vn 0.945423 -0.196072 0.260252
vn 0.945423 -0.196072 -0.260252
vn 0.992721 0.072473 -0.096196
vn 0.992721 0.072473 0.096196
vn 0.992721 -0.072473 0.096196
vn 0.992721 -0.072473 -0.096196
vn 0.000000 1.000000 0.000000
vn 0.000000 1.000000 0.000000
vn 0.000000 1.000000 0.000000
vn 0.000000 1.000000 0.000000
vn -1.000000 0.000000 0.000000
vn -1.000000 0.000000 0.000000
vn -1.000000 0.000000 0.000000
vn -1.000000 0.000000 0.000000
vn 0.000000 -1.000000 0.000000
vn 0.000000 -1.000000 0.000000
vn 0.000000 -1.000000 0.000000
vn 0.000000 -1.000000 0.000000
vn 0.000000 0.000000 -1.000000
vn 0.000000 0.000000 -1.000000
vn 0.000000 0.000000 -1.000000
vn 0.000000 0.000000 -1.000000
vn 0.000000 0.000000 1.000000
vn 0.000000 0.000000 1.000000
vn 0.000000 0.000000 1.000000
vn 0.000000 0.000000 1.000000
vn 0.945423 0.196073 -0.260251
vn 0.945423 0.196072 0.260252
vn 0.945423 -0.196072 0.260252
vn 0.945423 -0.196073 -0.260251
vn 0.992721 0.072473 -0.096196
vn 0.992721 0.072473 0.096196
vn 0.992721 -0.072473 0.096196
vn 0.992721 -0.072473 -0.096196
vn 0.000000 1.000000 0.000000
vn 0.000000 1.000000 0.000000
vn 0.000000 1.000000 0.000000
vn 0.000000 1.000000 0.000000
vn -1.000000 0.000000 0.000000
vn -1.000000 0.000000 0.000000
vn -1.000000 0.000000 0.000000
vn -1.000000 0.000000 0.000000
vn 0.000000 -1.000000 0.000000
vn 0.000000 -1.000000 0.000000
vn 0.000000 -1.000000 0.000000
vn 0.000000 -1.000000 0.000000
vn 0.000000 0.000000 -1.000000
vn 0.000000 0.000000 -1.000000
vn 0.000000 0.000000 -1.000000
vn 0.000000 0.000000 -1.000000
vn 0.000000 0.000000 1.000000
vn 0.000000 0.000000 1.000000
vn 0.000000 0.000000 1.000000
vn 0.000000 0.000000 1.000000
vn 0.945423 0.196072 -0.260252
vn 0.945423 0.196072 0.260251
vn 0.945423 -0.196072 0.260251
vn 0.945423 -0.196072 -0.260252
vn 0.992721 0.072473 -0.096196
vn 0.992721 0.072473 0.096196
vn 0.992721 -0.072473 0.096196
vn 0.992721 -0.072473 -0.096196
vn 0.000000 1.000000 0.000000
vn 0.000000 1.000000 0.000000
vn 0.000000 1.000000 0.000000
vn 0.000000 1.000000 0.000000
vn -1.000000 0.000000 0.000000
vn -1.000000 0.000000 0.000000
vn -1.000000 0.000000 0.000000
vn -1.000000 0.000000 0.000000
vn 0.000000 -1.000000 0.000000
vn 0.000000 -1.000000 0.000000
vn 0.000000 -1.000000 0.000000
vn 0.000000 -1.000000 0.000000
vn 0.000000 0.000000 -1.000000
vn 0.000000 0.000000 -1.000000
vn 0.000000 0.000000 -1.000000
vn 0.000000 0.000000 -1.000000
vn 0.000000 0.000000 1.000000
vn 0.000000 0.000000 1.000000
vn 0.000000 0.000000 1.000000
vn 0.000000 0.000000 1.000000
vn 0.945423 0.196072 -0.260251
vn 0.945423 0.196072 0.260251
vn 0.945423 -0.196072 0.260251
vn 0.945423 -0.196072 -0.260251
vn 0.992720 0.072474 -0.096196
vn 0.992721 0.072474 0.096196
vn 0.992721 -0.072474 0.096196
vn 0.992720 -0.072474 -0.096196
vn 0.000000 1.000000 0.000000
vn 0.000000 1.000000 0.000000
vn 0.000000 1.000000 0.000000
vn 0.000000 1.000000 0.000000
vn -1.000000 0.000000 0.000000
vn -1.000000 0.000000 0.000000
vn -1.000000 0.000000 0.000000
vn -1.000000 0.000000 0.000000
vn 0.000000 -1.000000 0.000000
vn 0.000000 -1.000000 0.000000
vn 0.000000 -1.000000 0.000000
vn 0.000000 -1.000000 0.000000
vn 0.000000 0.000000 -1.000000
vn 0.000000 0.000000 -1.000000
vn 0.000000 0.000000 -1.000000
vn 0.000000 0.000000 -1.000000
vn 0.000000 0.000000 1.000000
vn 0.000000 0.000000 1.000000
vn 0.000000 0.000000 1.000000
vn 0.000000 0.000000 1.000000
vn 0.945423 0.196074 -0.260251
vn 0.945423 0.196074 0.260251
vn 0.945423 -0.196074 0.260251
vn 0.945423 -0.196074 -0.260251
vn 0.992721 0.072473 -0.096196
vn 0.992721 0.072473 0.096196
vn 0.992721 -0.072473 0.096196
vn 0.992721 -0.072473 -0.096196
vn 0.000000 1.000000 0.000000
vn 0.000000 1.000000 0.000000
vn 0.000000 1.000000 0.000000
vn 0.000000 1.000000 0.000000
vn -1.000000 0.000000 0.000000
vn -1.000000 0.000000 0.000000
vn -1.000000 0.000000 0.000000
vn -1.000000 0.000000 0.000000
vn 0.000000 -1.000000 0.000000
vn 0.000000 -1.000000 0.000000
vn 0.000000 -1.000000 0.000000
vn 0.000000 -1.000000 0.000000
vn 0.000000 0.000000 -1.000000
vn 0.000000 0.000000 -1.000000
vn 0.000000 0.000000 -1.000000
vn 0.000000 0.000000 -1.000000
vn 0.000000 0.000000 1.000000
vn 0.000000 0.000000 1.000000
vn 0.000000 0.000000 1.000000
vn 0.000000 0.000000 1.000000
vn 0.945423 0.196072 -0.260251
vn 0.945423 0.196072 0.260251
vn 0.945423 -0.196073 0.260251
vn 0.945423 -0.196073 -0.260251
vn 0.992721 0.072473 -0.096196
vn 0.992721 0.072473 0.096196
vn 0.992721 -0.072473 0.096196
vn 0.992721 -0.072473 -0.096196
vn 0.000000 1.000000 0.000000
vn 0.000000 1.000000 0.000000
vn 0.000000 1.000000 0.000000
vn 0.000000 1.000000 0.000000
vn -1.000000 0.000000 0.000000
vn -1.000000 0.000000 0.000000
vn -1.000000 0.000000 0.000000
vn -1.000000 0.000000 0.000000
vn 0.000000 -1.000000 0.000000
vn 0.000000 -1.000000 0.000000
vn 0.000000 -1.000000 0.000000
vn 0.000000 -1.000000 0.000000
vn 0.000000 0.000000 -1.000000
vn 0.000000 0.000000 -1.000000
vn 0.000000 0.000000 -1.000000
vn 0.000000 0.000000 -1.000000
vn 0.000000 0.000000 1.000000
vn 0.000000 0.000000 1.000000
vn 0.000000 0.000000 1.000000
vn 0.000000 0.000000 1.000000
vn 0.945423 0.196072 -0.260251
vn 0.945423 0.196072 0.260251
vn 0.945423 -0.196073 0.260251
vn 0.945423 -0.196073 -0.260251
vn 0.992720 0.072474 -0.096196
vn 0.992721 0.072474 0.096196
vn 0.992721 -0.072474 0.096196
vn 0.992720 -0.072474 -0.096196
vn 0.000000 1.000000 0.000000
vn 0.000000 1.000000 0.000000
vn 0.000000 1.000000 0.000000
vn 0.000000 1.000000 0.000000
vn -1.000000 0.000000 0.000000
vn -1.000000 0.000000 0.000000
vn -1.000000 0.000000 0.000000
vn -1.000000 0.000000 0.000000
vn 0.000000 -1.000000 0.000000
vn 0.000000 -1.000000 0.000000
vn 0.000000 -1.000000 0.000000
vn 0.000000 -1.000000 0.000000
vn 0.000000 0.000000 -1.000000
vn 0.000000 0.000000 -1.000000
vn 0.000000 0.000000 -1.000000
vn 0.000000 0.000000 -1.000000
vn 0.000000 0.000000 1.000000
vn 0.000000 0.000000 1.000000
vn 0.000000 0.000000 1.000000
vn 0.000000 0.000000 1.000000
vn 0.945423 0.196074 -0.260251
vn 0.945423 0.196074 0.260251
vn 0.945423 -0.196074 0.260251
vn 0.945423 -0.196074 -0.260251
vn 0.992721 0.072473 -0.096196
vn 0.992721 0.072473 0.096196
vn 0.992721 -0.072473 0.096196
vn 0.992721 -0.072473 -0.096196
vn 0.000000 1.000000 0.000000
vn 0.000000 1.000000 0.000000
vn 0.000000 1.000000 0.000000
vn 0.000000 1.000000 0.000000
vn -1.000000 0.000000 0.000000
vn -1.000000 0.000000 0.000000
vn -1.000000 0.000000 0.000000
vn -1.000000 0.000000 0.000000
vn 0.000000 -1.000000 0.000000
vn 0.000000 -1.000000 0.000000
vn 0.000000 -1.000000 0.000000
vn 0.000000 -1.000000 0.000000
vn 0.000000 0.000000 -1.000000
vn 0.000000 0.000000 -1.000000
vn 0.000000 0.000000 -1.000000
vn 0.000000 0.000000 -1.000000
vn 0.000000 0.000000 1.000000
vn 0.000000 0.000000 1.000000
vn 0.000000 0.000000 1.000000
vn 0.000000 0.000000 1.000000
vn 0.945423 0.196072 -0.260251
vn 0.945423 0.196072 0.260251
vn 0.945423 -0.196072 0.260251
vn 0.945423 -0.196072 -0.260251
vn 0.992721 0.072473 -0.096196
vn 0.992721 0.072473 0.096196
vn 0.992721 -0.072473 0.096196
vn 0.992721 -0.072473 -0.096196
vn 0.000000 1.000000 0.000000
vn 0.000000 1.000000 0.000000
vn 0.000000 1.000000 0.000000
vn 0.000000 1.000000 0.000000
vn -1.000000 0.000000 0.000000
vn -1.000000 0.000000 0.000000
vn -1.000000 0.000000 0.000000
vn -1.000000 0.000000 0.000000
vn 0.000000 -1.000000 0.000000
vn 0.000000 -1.000000 0.000000
vn 0.000000 -1.000000 0.000000
vn 0.000000 -1.000000 0.000000
vn 0.000000 0.000000 -1.000000
vn 0.000000 0.000000 -1.000000
vn 0.000000 0.000000 -1.000000
vn 0.000000 0.000000 -1.000000
vn 0.000000 0.000000 1.000000
vn 0.000000 0.000000 1.000000
vn 0.000000 0.000000 1.000000
vn 0.000000 0.000000 1.000000
vn 0.945423 0.196072 -0.260252
vn 0.945423 0.196072 0.260251
vn 0.945423 -0.196072 0.260251
vn 0.945423 -0.196072 -0.260252
vn 0.992721 0.072473 -0.096196
vn 0.992721 0.072473 0.096196
vn 0.992721 -0.072473 0.096196
vn 0.992721 -0.072473 -0.096196
vn 0.000000 1.000000 0.000000
vn 0.000000 1.000000 0.000000
vn 0.000000 1.000000 0.000000
vn 0.000000 1.000000 0.000000
vn -1.000000 0.000000 0.000000
vn -1.000000 0.000000 0.000000
vn -1.000000 0.000000 0.000000
vn -1.000000 0.000000 0.000000
vn 0.000000 -1.000000 0.000000
vn 0.000000 -1.000000 0.000000
vn 0.000000 -1.000000 0.000000
vn 0.000000 -1.000000 0.000000
vn 0.000000 0.000000 -1.000000
vn 0.000000 0.000000 -1.000000
vn 0.000000 0.000000 -1.000000
vn 0.000000 0.000000 -1.000000
vn 0.000000 0.000000 1.000000
vn 0.000000 0.000000 1.000000
vn 0.000000 0.000000 1.000000
vn 0.000000 0.000000 1.000000
vn 0.945423 0.196073 -0.260251
vn 0.945423 0.196072 0.260252
vn 0.945423 -0.196072 0.260252
vn 0.945423 -0.196073 -0.260251
vn 0.096196 0.072473 0.992721
vn -0.096196 0.072473 0.992721
vn -0.096196 -0.072473 0.992720
vn 0.096196 -0.072473 0.992720
vn 0.000000 1.000000 0.000000
vn 0.000000 1.000000 0.000000
vn 0.000000 1.000000 0.000000
vn 0.000000 1.000000 0.000000
vn 0.000000 0.000000 -1.000000
vn 0.000000 0.000000 -1.000000
vn 0.000000 0.000000 -1.000000
vn 0.000000 0.000000 -1.000000
vn 0.000000 -1.000000 0.000000
vn 0.000000 -1.000000 0.000000
vn 0.000000 -1.000000 0.000000
vn 0.000000 -1.000000 0.000000
vn 1.000000 0.000000 0.000000
vn 1.000000 0.000000 0.000000
vn 1.000000 0.000000 0.000000
vn 1.000000 0.000000 0.000000
vn -1.000000 0.000000 0.000000
vn -1.000000 0.000000 0.000000
vn -1.000000 0.000000 0.000000
vn -1.000000 0.000000 0.000000
vn 0.260253 0.196071 0.945423
vn -0.260253 0.196071 0.945423
vn -0.260253 -0.196072 0.945423
vn 0.260253 -0.196072 0.945423
vn 0.096196 0.072473 0.992721
vn -0.096196 0.072473 0.992721
vn -0.096196 -0.072473 0.992721
vn 0.096196 -0.072473 0.992721
vn 0.000000 1.000000 0.000000
vn 0.000000 1.000000 0.000000
vn 0.000000 1.000000 0.000000
vn 0.000000 1.000000 0.000000
vn 0.000000 0.000000 -1.000000
vn 0.000000 0.000000 -1.000000
vn 0.000000 0.000000 -1.000000
vn 0.000000 0.000000 -1.000000
vn 0.000000 -1.000000 0.000000
vn 0.000000 -1.000000 0.000000
vn 0.000000 -1.000000 0.000000
vn 0.000000 -1.000000 0.000000
vn 1.000000 0.000000 0.000000
vn 1.000000 0.000000 0.000000
vn 1.000000 0.000000 0.000000
vn 1.000000 0.000000 0.000000
vn -1.000000 0.000000 0.000000
vn -1.000000 0.000000 0.000000
vn -1.000000 0.000000 0.000000
vn -1.000000 0.000000 0.000000
vn 0.260253 0.196072 0.945423
vn -0.260253 0.196072 0.945423
vn -0.260253 -0.196072 0.945423
vn 0.260253 -0.196072 0.945423
vn 0.096196 0.072473 0.992720
vn -0.096196 0.072473 0.992721
vn -0.096196 -0.072473 0.992720
vn 0.096196 -0.072473 0.992720
vn 0.000000 1.000000 0.000000
vn 0.000000 1.000000 0.000000
vn 0.000000 1.000000 0.000000
vn 0.000000 1.000000 0.000000
vn 0.000000 0.000000 -1.000000
vn 0.000000 0.000000 -1.000000
vn 0.000000 0.000000 -1.000000
vn 0.000000 0.000000 -1.000000
vn 0.000000 -1.000000 0.000000
vn 0.000000 -1.000000 0.000000
vn 0.000000 -1.000000 0.000000
vn 0.000000 -1.000000 0.000000
vn 1.000000 0.000000 0.000000
vn 1.000000 0.000000 0.000000
vn 1.000000 0.000000 0.000000
vn 1.000000 0.000000 0.000000
vn -1.000000 0.000000 0.000000
vn -1.000000 0.000000 0.000000
vn -1.000000 0.000000 0.000000
vn -1.000000 0.000000 0.000000
vn 0.260252 0.196071 0.945423
vn -0.260252 0.196072 0.945423
vn -0.260253 -0.196072 0.945423
vn 0.260253 -0.196072 0.945423
vn 0.096196 0.072473 0.992721
vn -0.096196 0.072473 0.992721
vn -0.096196 -0.072473 0.992721
vn 0.096196 -0.072473 0.992721
vn 0.000000 1.000000 0.000000
vn 0.000000 1.000000 0.000000
vn 0.000000 1.000000 0.000000
vn 0.000000 1.000000 0.000000
vn 0.000000 0.000000 -1.000000
vn 0.000000 0.000000 -1.000000
vn 0.000000 0.000000 -1.000000
vn 0.000000 0.000000 -1.000000
vn 0.000000 -1.000000 0.000000
vn 0.000000 -1.000000 0.000000
vn 0.000000 -1.000000 0.000000
vn 0.000000 -1.000000 0.000000
vn 1.000000 0.000000 0.000000
vn 1.000000 0.000000 0.000000
vn 1.000000 0.000000 0.000000
vn 1.000000 0.000000 0.000000
vn -1.000000 0.000000 0.000000
vn -1.000000 0.000000 0.000000
vn -1.000000 0.000000 0.000000
vn -1.000000 0.000000 0.000000
vn 0.260253 0.196071 0.945423
vn -0.260253 0.196072 0.945423
vn -0.260253 -0.196072 0.945423
vn 0.260253 -0.196072 0.945423
vn 0.096196 0.072473 0.992721
vn -0.096196 0.072473 0.992721
vn -0.096196 -0.072473 0.992721
vn 0.096196 -0.072473 0.992721
vn 0.000000 1.000000 0.000000
vn 0.000000 1.000000 0.000000
vn 0.000000 1.000000 0.000000
vn 0.000000 1.000000 0.000000
vn 0.000000 0.000000 -1.000000
vn 0.000000 0.000000 -1.000000
vn 0.000000 0.000000 -1.000000
vn 0.000000 0.000000 -1.000000
vn 0.000000 -1.000000 0.000000
vn 0.000000 -1.000000 0.000000
vn 0.000000 -1.000000 0.000000
vn 0.000000 -1.000000 0.000000
vn 1.000000 0.000000 0.000000
vn 1.000000 0.000000 0.000000
vn 1.000000 0.000000 0.000000
vn 1.000000 0.000000 0.000000
vn -1.000000 0.000000 0.000000
vn -1.000000 0.000000 0.000000
vn -1.000000 0.000000 0.000000
vn -1.000000 0.000000 0.000000
vn 0.260253 0.196072 0.945423
vn -0.260253 0.196072 0.945423
vn -0.260253 -0.196072 0.945423
vn 0.260253 -0.196072 0.945423
vn 0.096196 0.072473 0.992721
vn -0.096196 0.072473 0.992721
vn -0.096196 -0.072473 0.992721
vn 0.096196 -0.072473 0.992721
vn 0.000000 1.000000 0.000000
vn 0.000000 1.000000 0.000000
vn 0.000000 1.000000 0.000000
vn 0.000000 1.000000 0.000000
vn 0.000000 0.000000 -1.000000
vn 0.000000 0.000000 -1.000000
vn 0.000000 0.000000 -1.000000
vn 0.000000 0.000000 -1.000000
vn 0.000000 -1.000000 0.000000
vn 0.000000 -1.000000 0.000000
vn 0.000000 -1.000000 0.000000
vn 0.000000 -1.000000 0.000000
vn 1.000000 0.000000 0.000000
vn 1.000000 0.000000 0.000000
vn 1.000000 0.000000 0.000000
vn 1.000000 0.000000 0.000000
vn -1.000000 0.000000 0.000000
vn -1.000000 0.000000 0.000000
vn -1.000000 0.000000 0.000000
vn -1.000000 0.000000 0.000000
vn 0.260252 0.196072 0.945423
vn -0.260252 0.196072 0.945423
vn -0.260252 -0.196072 0.945423
vn 0.260252 -0.196071 0.945423
vn 0.096196 0.072473 0.992721
vn -0.096196 0.072473 0.992721
vn -0.096196 -0.072473 0.992721
vn 0.096196 -0.072473 0.992721
vn 0.000000 1.000000 0.000000
vn 0.000000 1.000000 0.000000
vn 0.000000 1.000000 0.000000
vn 0.000000 1.000000 0.000000
vn 0.000000 0.000000 -1.000000
vn 0.000000 0.000000 -1.000000
vn 0.000000 0.000000 -1.000000
vn 0.000000 0.000000 -1.000000
vn 0.000000 -1.000000 0.000000
vn 0.000000 -1.000000 0.000000
vn 0.000000 -1.000000 0.000000
vn 0.000000 -1.000000 0.000000
vn 1.000000 0.000000 0.000000
vn 1.000000 0.000000 0.000000
vn 1.000000 0.000000 0.000000
vn 1.000000 0.000000 0.000000
vn -1.000000 0.000000 0.000000
vn -1.000000 0.000000 0.000000
vn -1.000000 0.000000 0.000000
vn -1.000000 0.000000 0.000000
vn 0.260253 0.196072 0.945423
vn -0.260253 0.196072 0.945423
vn -0.260252 -0.196072 0.945423
vn 0.260252 -0.196072 0.945423
vn 0.096196 0.072473 0.992720
vn -0.096196 0.072473 0.992721
vn -0.096196 -0.072473 0.992720
vn 0.096196 -0.072473 0.992721
vn 0.000000 1.000000 0.000000
vn 0.000000 1.000000 0.000000
vn 0.000000 1.000000 0.000000
vn 0.000000 1.000000 0.000000
vn 0.000000 0.000000 -1.000000
vn 0.000000 0.000000 -1.000000
vn 0.000000 0.000000 -1.000000
vn 0.000000 0.000000 -1.000000
vn 0.000000 -1.000000 0.000000
vn 0.000000 -1.000000 0.000000
vn 0.000000 -1.000000 0.000000
vn 0.000000 -1.000000 0.000000
vn 1.000000 0.000000 0.000000
vn 1.000000 0.000000 0.000000
vn 1.000000 0.000000 0.000000
vn 1.000000 0.000000 0.000000
vn -1.000000 0.000000 0.000000
vn -1.000000 0.000000 0.000000
vn -1.000000 0.000000 0.000000
vn -1.000000 0.000000 0.000000
vn 0.260252 0.196071 0.945423
vn -0.260252 0.196072 0.945423
vn -0.260253 -0.196072 0.945423
vn 0.260253 -0.196072 0.945423
vn 0.096196 0.072473 0.992721
vn -0.096196 0.072473 0.992721
vn -0.096196 -0.072473 0.992720
vn 0.096196 -0.072473 0.992721
vn 0.000000 1.000000 0.000000
vn 0.000000 1.000000 0.000000
vn 0.000000 1.000000 0.000000
vn 0.000000 1.000000 0.000000
vn 0.000000 0.000000 -1.000000
vn 0.000000 0.000000 -1.000000
vn 0.000000 0.000000 -1.000000
vn 0.000000 0.000000 -1.000000
vn 0.000000 -1.000000 0.000000
vn 0.000000 -1.000000 0.000000
vn 0.000000 -1.000000 0.000000
vn 0.000000 -1.000000 0.000000
vn 1.000000 0.000000 0.000000
vn 1.000000 0.000000 0.000000
vn 1.000000 0.000000 0.000000
vn 1.000000 0.000000 0.000000
vn -1.000000 0.000000 0.000000
vn -1.000000 0.000000 0.000000
vn -1.000000 0.000000 0.000000
vn -1.000000 0.000000 0.000000
vn 0.260252 0.196071 0.945423
vn -0.260252 0.196071 0.945423
vn -0.260252 -0.196072 0.945423
vn 0.260252 -0.196071 0.945423
vn 0.096196 0.072473 0.992721
vn -0.096196 0.072473 0.992721
vn -0.096196 -0.072473 0.992721
vn 0.096196 -0.072473 0.992721
vn 0.000000 1.000000 0.000000
vn 0.000000 1.000000 0.000000
vn 0.000000 1.000000 0.000000
vn 0.000000 1.000000 0.000000
vn 0.000000 0.000000 -1.000000
vn 0.000000 0.000000 -1.000000
vn 0.000000 0.000000 -1.000000
vn 0.000000 0.000000 -1.000000
vn 0.000000 -1.000000 0.000000
vn 0.000000 -1.000000 0.000000
vn 0.000000 -1.000000 0.000000
vn 0.000000 -1.000000 0.000000
vn 1.000000 0.000000 0.000000
vn 1.000000 0.000000 0.000000
vn 1.000000 0.000000 0.000000
vn 1.000000 0.000000 0.000000
vn -1.000000 0.000000 0.000000
vn -1.000000 0.000000 0.000000
vn -1.000000 0.000000 0.000000
vn -1.000000 0.000000 0.000000
vn 0.260253 0.196072 0.945423
vn -0.260253 0.196072 0.945423
vn -0.260252 -0.196072 0.945423
vn 0.260252 -0.196072 0.945423
vn 0.096196 0.072473 0.992721
vn -0.096196 0.072473 0.992721
vn -0.096196 -0.072473 0.992721
vn 0.096196 -0.072473 0.992721
vn 0.000000 1.000000 0.000000
vn 0.000000 1.000000 0.000000
vn 0.000000 1.000000 0.000000
vn 0.000000 1.000000 0.000000
vn 0.000000 0.000000 -1.000000
vn 0.000000 0.000000 -1.000000
vn 0.000000 0.000000 -1.000000
vn 0.000000 0.000000 -1.000000
vn 0.000000 -1.000000 0.000000
vn 0.000000 -1.000000 0.000000
vn 0.000000 -1.000000 0.000000
vn 0.000000 -1.000000 0.000000
vn 1.000000 0.000000 0.000000
vn 1.000000 0.000000 0.000000
vn 1.000000 0.000000 0.000000
vn 1.000000 0.000000 0.000000
vn -1.000000 0.000000 0.000000
vn -1.000000 0.000000 0.000000
vn -1.000000 0.000000 0.000000
vn -1.000000 0.000000 0.000000
vn 0.260253 0.196072 0.945423
vn -0.260253 0.196072 0.945423
vn -0.260252 -0.196072 0.945423
vn 0.260253 -0.196072 0.945423
vn 0.096196 0.072473 0.992720
vn -0.096196 0.072473 0.992721
vn -0.096196 -0.072473 0.992721
vn 0.096196 -0.072473 0.992721
vn 0.000000 1.000000 0.000000
vn 0.000000 1.000000 0.000000
vn 0.000000 1.000000 0.000000
vn 0.000000 1.000000 0.000000
vn 0.000000 0.000000 -1.000000
vn 0.000000 0.000000 -1.000000
vn 0.000000 0.000000 -1.000000
vn 0.000000 0.000000 -1.000000
vn 0.000000 -1.000000 0.000000
vn 0.000000 -1.000000 0.000000
vn 0.000000 -1.000000 0.000000
vn 0.000000 -1.000000 0.000000
vn 1.000000 0.000000 0.000000
vn 1.000000 0.000000 0.000000
vn 1.000000 0.000000 0.000000
vn 1.000000 0.000000 0.000000
vn -1.000000 0.000000 0.000000
vn -1.000000 0.000000 0.000000
vn -1.000000 0.000000 0.000000
vn -1.000000 0.000000 0.000000
vn 0.260253 0.196071 0.945423
vn -0.260252 0.196072 0.945423
vn -0.260252 -0.196072 0.945423
vn 0.260253 -0.196071 0.945423
vn 0.096196 0.072473 0.992721
vn -0.096196 0.072473 0.992721
vn -0.096196 -0.072473 0.992721
vn 0.096196 -0.072473 0.992721
vn 0.000000 1.000000 0.000000
vn 0.000000 1.000000 0.000000
vn 0.000000 1.000000 0.000000
vn 0.000000 1.000000 0.000000
vn 0.000000 0.000000 -1.000000
vn 0.000000 0.000000 -1.000000
vn 0.000000 0.000000 -1.000000
vn 0.000000 0.000000 -1.000000
vn 0.000000 -1.000000 0.000000
vn 0.000000 -1.000000 0.000000
vn 0.000000 -1.000000 0.000000
vn 0.000000 -1.000000 0.000000
vn 1.000000 0.000000 0.000000
vn 1.000000 0.000000 0.000000
vn 1.000000 0.000000 0.000000
vn 1.000000 0.000000 0.000000
vn -1.000000 0.000000 0.000000
vn -1.000000 0.000000 0.000000
vn -1.000000 0.000000 0.000000
vn -1.000000 0.000000 0.000000
vn 0.260253 0.196072 0.945423
vn -0.260253 0.196072 0.945423
vn -0.260252 -0.196072 0.945423
vn 0.260253 -0.196072 0.945423
vn 0.096196 0.072473 0.992721
vn -0.096196 0.072473 0.992721
vn -0.096196 -0.072473 0.992721
vn 0.096196 -0.072473 0.992721
vn 0.000000 1.000000 0.000000
vn 0.000000 1.000000 0.000000
vn 0.000000 1.000000 0.000000
vn 0.000000 1.000000 0.000000
vn 0.000000 0.000000 -1.000000
vn 0.000000 0.000000 -1.000000
vn 0.000000 0.000000 -1.000000
vn 0.000000 0.000000 -1.000000
vn 0.000000 -1.000000 0.000000
vn 0.000000 -1.000000 0.000000
vn 0.000000 -1.000000 0.000000
vn 0.000000 -1.000000 0.000000
vn 1.000000 0.000000 0.000000
vn 1.000000 0.000000 0.000000
vn 1.000000 0.000000 0.000000
vn 1.000000 0.000000 0.000000
vn -1.000000 0.000000 0.000000
vn -1.000000 0.000000 0.000000
vn -1.000000 0.000000 0.000000
vn -1.000000 0.000000 0.000000
vn 0.260253 0.196071 0.945423
vn -0.260253 0.196072 0.945423
vn -0.260252 -0.196072 0.945423
vn 0.260253 -0.196071 0.945423
vn 0.096195 0.072473 0.992721
vn -0.096195 0.072473 0.992721
vn -0.096195 -0.072473 0.992721
vn 0.096195 -0.072473 0.992721
vn 0.000000 1.000000 0.000000
vn 0.000000 1.000000 0.000000
vn 0.000000 1.000000 0.000000
vn 0.000000 1.000000 0.000000
vn 0.000000 0.000000 -1.000000
vn 0.000000 0.000000 -1.000000
vn 0.000000 0.000000 -1.000000
vn 0.000000 0.000000 -1.000000
vn 0.000000 -1.000000 0.000000
vn 0.000000 -1.000000 0.000000
vn 0.000000 -1.000000 0.000000
vn 0.000000 -1.000000 0.000000
vn 1.000000 0.000000 0.000000
vn 1.000000 0.000000 0.000000
vn 1.000000 0.000000 0.000000
vn 1.000000 0.000000 0.000000
vn -1.000000 0.000000 0.000000
vn -1.000000 0.000000 0.000000
vn -1.000000 0.000000 0.000000
vn -1.000000 0.000000 0.000000
vn 0.260252 0.196072 0.945423
vn -0.260252 0.196072 0.945423
vn -0.260251 -0.196072 0.945423
vn 0.260251 -0.196072 0.945423
vn 0.096195 0.072473 0.992721
vn -0.096195 0.072473 0.992721
vn -0.096195 -0.072473 0.992721
vn 0.096195 -0.072473 0.992721
vn 0.000000 1.000000 0.000000
vn 0.000000 1.000000 0.000000
vn 0.000000 1.000000 0.000000
vn 0.000000 1.000000 0.000000
vn 0.000000 0.000000 -1.000000
vn 0.000000 0.000000 -1.000000
vn 0.000000 0.000000 -1.000000
vn 0.000000 0.000000 -1.000000
vn 0.000000 -1.000000 0.000000
vn 0.000000 -1.000000 0.000000
vn 0.000000 -1.000000 0.000000
vn 0.000000 -1.000000 0.000000
vn 1.000000 0.000000 0.000000
vn 1.000000 0.000000 0.000000
vn 1.000000 0.000000 0.000000
vn 1.000000 0.000000 0.000000
vn -1.000000 0.000000 0.000000
vn -1.000000 0.000000 0.000000
vn -1.000000 0.000000 0.000000
vn -1.000000 0.000000 0.000000
vn 0.260252 0.196071 0.945423
vn -0.260252 0.196072 0.945423
vn -0.260251 -0.196072 0.945423
vn 0.260251 -0.196071 0.945423
vn 0.096195 0.072473 0.992721
vn -0.096195 0.072473 0.992721
vn -0.096195 -0.072473 0.992721
vn 0.096195 -0.072473 0.992721
vn 0.000000 1.000000 0.000000
vn 0.000000 1.000000 0.000000
vn 0.000000 1.000000 0.000000
vn 0.000000 1.000000 0.000000
vn 0.000000 0.000000 -1.000000
vn 0.000000 0.000000 -1.000000
vn 0.000000 0.000000 -1.000000
vn 0.000000 0.000000 -1.000000
vn 0.000000 -1.000000 0.000000
vn 0.000000 -1.000000 0.000000
vn 0.000000 -1.000000 0.000000
vn 0.000000 -1.000000 0.000000
vn 1.000000 0.000000 0.000000
vn 1.000000 0.000000 0.000000
vn 1.000000 0.000000 0.000000
vn 1.000000 0.000000 0.000000
vn -1.000000 0.000000 0.000000
vn -1.000000 0.000000 0.000000
vn -1.000000 0.000000 0.000000
vn -1.000000 0.000000 0.000000
vn 0.260252 0.196071 0.945423
vn -0.260252 0.196072 0.945423
vn -0.260251 -0.196072 0.945423
vn 0.260251 -0.196071 0.945423
vn 0.096195 0.072473 0.992721
vn -0.096195 0.072473 0.992721
vn -0.096195 -0.072473 0.992721
vn 0.096195 -0.072473 0.992721
vn 0.000000 1.000000 0.000000
vn 0.000000 1.000000 0.000000
vn 0.000000 1.000000 0.000000
vn 0.000000 1.000000 0.000000
vn 0.000000 0.000000 -1.000000
vn 0.000000 0.000000 -1.000000
vn 0.000000 0.000000 -1.000000
vn 0.000000 0.000000 -1.000000
vn 0.000000 -1.000000 0.000000
vn 0.000000 -1.000000 0.000000
vn 0.000000 -1.000000 0.000000
vn 0.000000 -1.000000 0.000000
vn 1.000000 0.000000 0.000000
vn 1.000000 0.000000 0.000000
vn 1.000000 0.000000 0.000000
vn 1.000000 0.000000 0.000000
vn -1.000000 0.000000 0.000000
vn -1.000000 0.000000 0.000000
vn -1.000000 0.000000 0.000000
vn -1.000000 0.000000 0.000000
vn 0.260252 0.196072 0.945423
vn -0.260252 0.196072 0.945423
vn -0.260251 -0.196072 0.945423
vn 0.260251 -0.196072 0.945423
vn 0.096195 0.072473 0.992721
vn -0.096195 0.072473 0.992721
vn -0.096195 -0.072473 0.992721
vn 0.096195 -0.072473 0.992721
vn 0.000000 1.000000 0.000000
vn 0.000000 1.000000 0.000000
vn 0.000000 1.000000 0.000000
vn 0.000000 1.000000 0.000000
vn 0.000000 0.000000 -1.000000
vn 0.000000 0.000000 -1.000000
vn 0.000000 0.000000 -1.000000
vn 0.000000 0.000000 -1.000000
vn 0.000000 -1.000000 0.000000
vn 0.000000 -1.000000 0.000000
vn 0.000000 -1.000000 0.000000
vn 0.000000 -1.000000 0.000000
vn 1.000000 0.000000 0.000000
vn 1.000000 0.000000 0.000000
vn 1.000000 0.000000 0.000000
vn 1.000000 0.000000 0.000000
vn -1.000000 0.000000 0.000000
vn -1.000000 0.000000 0.000000
vn -1.000000 0.000000 0.000000
vn -1.000000 0.000000 0.000000
vn 0.260252 0.196071 0.945423
vn -0.260252 0.196072 0.945423
vn -0.260251 -0.196072 0.945423
vn 0.260251 -0.196071 0.945423
s 1
g Windows4
usemtl initialShadingGroup
f 9/1/1 10/1032/2 11/1031/3 12/1030/4
s off
f 3/5/5 4/6/6 6/7/7 5/8/8
f 5/8/9 6/7/10 8/9/11 7/10/12
f 7/10/13 8/9/14 2/11/15 1/12/16
f 2/11/17 8/9/18 6/7/19 4/6/20
f 7/10/21 1/12/22 3/5/23 5/8/24
s 1
f 1/12/25 2/11/26 10/2/2 9/1029/1
f 2/11/26 4/6/27 11/3/3 10/2/2
f 4/6/27 3/5/28 12/4/4 11/3/3
f 3/5/28 1/12/25 9/1029/1 12/4/4
s 2
f 21/13/29 22/1104/30 23/1103/31 24/1102/32
s off
f 15/17/33 16/18/34 18/19/35 17/20/36
f 17/20/37 18/19/38 20/21/39 19/22/40
f 19/22/41 20/21/42 14/23/43 13/24/44
f 14/23/45 20/21/46 18/19/47 16/18/48
f 19/22/49 13/24/50 15/17/51 17/20/52
s 2
f 13/24/53 14/23/54 22/14/30 21/1101/29
f 14/23/54 16/18/55 23/15/31 22/14/30
f 16/18/55 15/17/56 24/16/32 23/15/31
f 15/17/56 13/24/53 21/1101/29 24/16/32
s 3
f 33/25/57 34/1100/58 35/1099/59 36/1098/60
s off
f 27/29/61 28/30/62 30/31/63 29/32/64
f 29/32/65 30/31/66 32/33/67 31/34/68
f 31/34/69 32/33/70 26/35/71 25/36/72
f 26/35/73 32/33/74 30/31/75 28/30/76
f 31/34/77 25/36/78 27/29/79 29/32/80
s 3
f 25/36/81 26/35/82 34/26/58 33/1097/57
f 26/35/82 28/30/83 35/27/59 34/26/58
f 28/30/83 27/29/84 36/28/60 35/27/59
f 27/29/84 25/36/81 33/1097/57 36/28/60
s 4
f 45/37/85 46/1096/86 47/1095/87 48/1094/88
s off
f 39/41/89 40/42/90 42/43/91 41/44/92
f 41/44/93 42/43/94 44/45/95 43/46/96
f 43/46/97 44/45/98 38/47/99 37/48/100
f 38/47/101 44/45/102 42/43/103 40/42/104
f 43/46/105 37/48/106 39/41/107 41/44/108
s 4
f 37/48/109 38/47/110 46/38/86 45/1093/85
f 38/47/110 40/42/111 47/39/87 46/38/86
f 40/42/111 39/41/112 48/40/88 47/39/87
f 39/41/112 37/48/109 45/1093/85 48/40/88
s 5
f 57/49/113 58/1092/114 59/1091/115 60/1090/116
s off
f 51/53/117 52/54/118 54/55/119 53/56/120
f 53/56/121 54/55/122 56/57/123 55/58/124
f 55/58/125 56/57/126 50/59/127 49/60/128
f 50/59/129 56/57/130 54/55/131 52/54/132
f 55/58/133 49/60/134 51/53/135 53/56/136
s 5
f 49/60/137 50/59/138 58/50/114 57/1089/113
f 50/59/138 52/54/139 59/51/115 58/50/114
f 52/54/139 51/53/140 60/52/116 59/51/115
f 51/53/140 49/60/137 57/1089/113 60/52/116
s 6
f 69/61/141 70/1088/142 71/1087/143 72/1086/144
s off
f 63/65/145 64/66/146 66/67/147 65/68/148
f 65/68/149 66/67/150 68/69/151 67/70/152
f 67/70/153 68/69/154 62/71/155 61/72/156
f 62/71/157 68/69/158 66/67/159 64/66/160
f 67/70/161 61/72/162 63/65/163 65/68/164
s 6
f 61/72/165 62/71/166 70/62/142 69/1085/141
f 62/71/166 64/66/167 71/63/143 70/62/142
f 64/66/167 63/65/168 72/64/144 71/63/143
f 63/65/168 61/72/165 69/1085/141 72/64/144
s 7
f 81/73/169 82/1084/170 83/1083/171 84/1082/172
s off
f 75/77/173 76/78/174 78/79/175 77/80/176
f 77/80/177 78/79/178 80/81/179 79/82/180
f 79/82/181 80/81/182 74/83/183 73/84/184
f 74/83/185 80/81/186 78/79/187 76/78/188
f 79/82/189 73/84/190 75/77/191 77/80/192
s 7
f 73/84/193 74/83/194 82/74/170 81/1081/169
f 74/83/194 76/78/195 83/75/171 82/74/170
f 76/78/195 75/77/196 84/76/172 83/75/171
f 75/77/196 73/84/193 81/1081/169 84/76/172
s 8
f 93/85/197 94/1028/198 95/1027/199 96/1026/200
s off
f 87/89/201 88/90/202 90/91/203 89/92/204
f 89/92/205 90/91/206 92/93/207 91/94/208
f 91/94/209 92/93/210 86/95/211 85/96/212
f 86/95/213 92/93/214 90/91/215 88/90/216
f 91/94/217 85/96/218 87/89/219 89/92/220
s 8
f 85/96/221 86/95/222 94/86/198 93/1025/197
f 86/95/222 88/90/223 95/87/199 94/86/198
f 88/90/223 87/89/224 96/88/200 95/87/199
f 87/89/224 85/96/221 93/1025/197 96/88/200
s 9
f 105/97/225 106/1080/226 107/1079/227 108/1078/228
s off
f 99/101/229 100/102/230 102/103/231 101/104/232
f 101/104/233 102/103/234 104/105/235 103/106/236
f 103/106/237 104/105/238 98/107/239 97/108/240
f 98/107/241 104/105/242 102/103/243 100/102/244
f 103/106/245 97/108/246 99/101/247 101/104/248
s 9
f 97/108/249 98/107/250 106/98/226 105/1077/225
f 98/107/250 100/102/251 107/99/227 106/98/226
f 100/102/251 99/101/252 108/100/228 107/99/227
f 99/101/252 97/108/249 105/1077/225 108/100/228
s 10
f 117/109/253 118/1076/254 119/1075/255 120/1074/256
s off
f 111/113/257 112/114/258 114/115/259 113/116/260
f 113/116/261 114/115/262 116/117/263 115/118/264
f 115/118/265 116/117/266 110/119/267 109/120/268
f 110/119/269 116/117/270 114/115/271 112/114/272
f 115/118/273 109/120/274 111/113/275 113/116/276
s 10
f 109/120/277 110/119/278 118/110/254 117/1073/253
f 110/119/278 112/114/279 119/111/255 118/110/254
f 112/114/279 111/113/280 120/112/256 119/111/255
f 111/113/280 109/120/277 117/1073/253 120/112/256
s 11
f 129/121/281 130/1072/282 131/1071/283 132/1070/284
s off
f 123/125/285 124/126/286 126/127/287 125/128/288
f 125/128/289 126/127/290 128/129/291 127/130/292
f 127/130/293 128/129/294 122/131/295 121/132/296
f 122/131/297 128/129/298 126/127/299 124/126/300
f 127/130/301 121/132/302 123/125/303 125/128/304
s 11
f 121/132/305 122/131/306 130/122/282 129/1069/281
f 122/131/306 124/126/307 131/123/283 130/122/282
f 124/126/307 123/125/308 132/124/284 131/123/283
f 123/125/308 121/132/305 129/1069/281 132/124/284
s 12
f 141/133/309 142/1068/310 143/1067/311 144/1066/312
s off
f 135/137/313 136/138/314 138/139/315 137/140/316
f 137/140/317 138/139/318 140/141/319 139/142/320
f 139/142/321 140/141/322 134/143/323 133/144/324
f 134/143/325 140/141/326 138/139/327 136/138/328
f 139/142/329 133/144/330 135/137/331 137/140/332
s 12
f 133/144/333 134/143/334 142/134/310 141/1065/309
f 134/143/334 136/138/335 143/135/311 142/134/310
f 136/138/335 135/137/336 144/136/312 143/135/311
f 135/137/336 133/144/333 141/1065/309 144/136/312
s 13
f 153/145/337 154/1064/338 155/1063/339 156/1062/340
s off
f 147/149/341 148/150/342 150/151/343 149/152/344
f 149/152/345 150/151/346 152/153/347 151/154/348
f 151/154/349 152/153/350 146/155/351 145/156/352
f 146/155/353 152/153/354 150/151/355 148/150/356
f 151/154/357 145/156/358 147/149/359 149/152/360
s 13
f 145/156/361 146/155/362 154/146/338 153/1061/337
f 146/155/362 148/150/363 155/147/339 154/146/338
f 148/150/363 147/149/364 156/148/340 155/147/339
f 147/149/364 145/156/361 153/1061/337 156/148/340
s 14
f 165/157/365 166/1060/366 167/1059/367 168/1058/368
s off
f 159/161/369 160/162/370 162/163/371 161/164/372
f 161/164/373 162/163/374 164/165/375 163/166/376
f 163/166/377 164/165/378 158/167/379 157/168/380
f 158/167/381 164/165/382 162/163/383 160/162/384
f 163/166/385 157/168/386 159/161/387 161/164/388
s 14
f 157/168/389 158/167/390 166/158/366 165/1057/365
f 158/167/390 160/162/391 167/159/367 166/158/366
f 160/162/391 159/161/392 168/160/368 167/159/367
f 159/161/392 157/168/389 165/1057/365 168/160/368
s 15
f 177/169/393 178/1056/394 179/1055/395 180/1054/396
s off
f 171/173/397 172/174/398 174/175/399 173/176/400
f 173/176/401 174/175/402 176/177/403 175/178/404
f 175/178/405 176/177/406 170/179/407 169/180/408
f 170/179/409 176/177/410 174/175/411 172/174/412
f 175/178/413 169/180/414 171/173/415 173/176/416
s 15
f 169/180/417 170/179/418 178/170/394 177/1053/393
f 170/179/418 172/174/419 179/171/395 178/170/394
f 172/174/419 171/173/420 180/172/396 179/171/395
f 171/173/420 169/180/417 177/1053/393 180/172/396
s 16
f 189/181/421 190/1052/422 191/1051/423 192/1050/424
s off
f 183/185/425 184/186/426 186/187/427 185/188/428
f 185/188/429 186/187/430 188/189/431 187/190/432
f 187/190/433 188/189/434 182/191/435 181/192/436
f 182/191/437 188/189/438 186/187/439 184/186/440
f 187/190/441 181/192/442 183/185/443 185/188/444
s 16
f 181/192/445 182/191/446 190/182/422 189/1049/421
f 182/191/446 184/186/447 191/183/423 190/182/422
f 184/186/447 183/185/448 192/184/424 191/183/423
f 183/185/448 181/192/445 189/1049/421 192/184/424
s 17
f 201/193/449 202/1048/450 203/1047/451 204/1046/452
s off
f 195/197/453 196/198/454 198/199/455 197/200/456
f 197/200/457 198/199/458 200/201/459 199/202/460
f 199/202/461 200/201/462 194/203/463 193/204/464
f 194/203/465 200/201/466 198/199/467 196/198/468
f 199/202/469 193/204/470 195/197/471 197/200/472
s 17
f 193/204/473 194/203/474 202/194/450 201/1045/449
f 194/203/474 196/198/475 203/195/451 202/194/450
f 196/198/475 195/197/476 204/196/452 203/195/451
f 195/197/476 193/204/473 201/1045/449 204/196/452
s 18
f 213/205/477 214/1044/478 215/1043/479 216/1042/480
s off
f 207/209/481 208/210/482 210/211/483 209/212/484
f 209/212/485 210/211/486 212/213/487 211/214/488
f 211/214/489 212/213/490 206/215/491 205/216/492
f 206/215/493 212/213/494 210/211/495 208/210/496
f 211/214/497 205/216/498 207/209/499 209/212/500
s 18
f 205/216/501 206/215/502 214/206/478 213/1041/477
f 206/215/502 208/210/503 215/207/479 214/206/478
f 208/210/503 207/209/504 216/208/480 215/207/479
f 207/209/504 205/216/501 213/1041/477 216/208/480
s 19
f 225/217/505 226/1040/506 227/1039/507 228/1038/508
s off
f 219/221/509 220/222/510 222/223/511 221/224/512
f 221/224/513 222/223/514 224/225/515 223/226/516
f 223/226/517 224/225/518 218/227/519 217/228/520
f 218/227/521 224/225/522 222/223/523 220/222/524
f 223/226/525 217/228/526 219/221/527 221/224/528
s 19
f 217/228/529 218/227/530 226/218/506 225/1037/505
f 218/227/530 220/222/531 227/219/507 226/218/506
f 220/222/531 219/221/532 228/220/508 227/219/507
f 219/221/532 217/228/529 225/1037/505 228/220/508
s 20
f 237/229/533 238/1036/534 239/1035/535 240/1034/536
s off
f 231/233/537 232/234/538 234/235/539 233/236/540
f 233/236/541 234/235/542 236/237/543 235/238/544
f 235/238/545 236/237/546 230/239/547 229/240/548
f 230/239/549 236/237/550 234/235/551 232/234/552
f 235/238/553 229/240/554 231/233/555 233/236/556
s 20
f 229/240/557 230/239/558 238/230/534 237/1033/533
f 230/239/558 232/234/559 239/231/535 238/230/534
f 232/234/559 231/233/560 240/232/536 239/231/535
f 231/233/560 229/240/557 237/1033/533 240/232/536
s 21
f 249/241/561 250/1184/562 251/1183/563 252/1182/564
s off
f 243/245/565 244/246/566 246/247/567 245/248/568
f 245/248/569 246/247/570 248/249/571 247/250/572
f 247/250/573 248/249/574 242/251/575 241/252/576
f 242/251/577 248/249/578 246/247/579 244/246/580
f 247/250/581 241/252/582 243/245/583 245/248/584
s 21
f 241/252/585 242/251/586 250/242/562 249/1181/561
f 242/251/586 244/246/587 251/243/563 250/242/562
f 244/246/587 243/245/588 252/244/564 251/243/563
f 243/245/588 241/252/585 249/1181/561 252/244/564
s 22
f 261/253/589 262/1180/590 263/1179/591 264/1178/592
s off
f 255/257/593 256/258/594 258/259/595 257/260/596
f 257/260/597 258/259/598 260/261/599 259/262/600
f 259/262/601 260/261/602 254/263/603 253/264/604
f 254/263/605 260/261/606 258/259/607 256/258/608
f 259/262/609 253/264/610 255/257/611 257/260/612
s 22
f 253/264/613 254/263/614 262/254/590 261/1177/589
f 254/263/614 256/258/615 263/255/591 262/254/590
f 256/258/615 255/257/616 264/256/592 263/255/591
f 255/257/616 253/264/613 261/1177/589 264/256/592
s 23
f 273/265/617 274/1176/618 275/1175/619 276/1174/620
s off
f 267/269/621 268/270/622 270/271/623 269/272/624
f 269/272/625 270/271/626 272/273/627 271/274/628
f 271/274/629 272/273/630 266/275/631 265/276/632
f 266/275/633 272/273/634 270/271/635 268/270/636
f 271/274/637 265/276/638 267/269/639 269/272/640
s 23
f 265/276/641 266/275/642 274/266/618 273/1173/617
f 266/275/642 268/270/643 275/267/619 274/266/618
f 268/270/643 267/269/644 276/268/620 275/267/619
f 267/269/644 265/276/641 273/1173/617 276/268/620
s 24
f 285/277/645 286/1172/646 287/1171/647 288/1170/648
s off
f 279/281/649 280/282/650 282/283/651 281/284/652
f 281/284/653 282/283/654 284/285/655 283/286/656
f 283/286/657 284/285/658 278/287/659 277/288/660
f 278/287/661 284/285/662 282/283/663 280/282/664
f 283/286/665 277/288/666 279/281/667 281/284/668
s 24
f 277/288/669 278/287/670 286/278/646 285/1169/645
f 278/287/670 280/282/671 287/279/647 286/278/646
f 280/282/671 279/281/672 288/280/648 287/279/647
f 279/281/672 277/288/669 285/1169/645 288/280/648
s 25
f 297/289/673 298/1168/674 299/1167/675 300/1166/676
s off
f 291/293/677 292/294/678 294/295/679 293/296/680
f 293/296/681 294/295/682 296/297/683 295/298/684
f 295/298/685 296/297/686 290/299/687 289/300/688
f 290/299/689 296/297/690 294/295/691 292/294/692
f 295/298/693 289/300/694 291/293/695 293/296/696
s 25
f 289/300/697 290/299/698 298/290/674 297/1165/673
f 290/299/698 292/294/699 299/291/675 298/290/674
f 292/294/699 291/293/700 300/292/676 299/291/675
f 291/293/700 289/300/697 297/1165/673 300/292/676
s 26
f 309/301/701 310/1164/702 311/1163/703 312/1162/704
s off
f 303/305/705 304/306/706 306/307/707 305/308/708
f 305/308/709 306/307/710 308/309/711 307/310/712
f 307/310/713 308/309/714 302/311/715 301/312/716
f 302/311/717 308/309/718 306/307/719 304/306/720
f 307/310/721 301/312/722 303/305/723 305/308/724
s 26
f 301/312/725 302/311/726 310/302/702 309/1161/701
f 302/311/726 304/306/727 311/303/703 310/302/702
f 304/306/727 303/305/728 312/304/704 311/303/703
f 303/305/728 301/312/725 309/1161/701 312/304/704
s 27
f 321/313/729 322/1160/730 323/1159/731 324/1158/732
s off
f 315/317/733 316/318/734 318/319/735 317/320/736
f 317/320/737 318/319/738 320/321/739 319/322/740
f 319/322/741 320/321/742 314/323/743 313/324/744
f 314/323/745 320/321/746 318/319/747 316/318/748
f 319/322/749 313/324/750 315/317/751 317/320/752
s 27
f 313/324/753 314/323/754 322/314/730 321/1157/729
f 314/323/754 316/318/755 323/315/731 322/314/730
f 316/318/755 315/317/756 324/316/732 323/315/731
f 315/317/756 313/324/753 321/1157/729 324/316/732
s 28
f 333/325/757 334/1156/758 335/1155/759 336/1154/760
s off
f 327/329/761 328/330/762 330/331/763 329/332/764
f 329/332/765 330/331/766 332/333/767 331/334/768
f 331/334/769 332/333/770 326/335/771 325/336/772
f 326/335/773 332/333/774 330/331/775 328/330/776
f 331/334/777 325/336/778 327/329/779 329/332/780
s 28
f 325/336/781 326/335/782 334/326/758 333/1153/757
f 326/335/782 328/330/783 335/327/759 334/326/758
f 328/330/783 327/329/784 336/328/760 335/327/759
f 327/329/784 325/336/781 333/1153/757 336/328/760
s 29
f 345/337/785 346/1152/786 347/1151/787 348/1150/788
s off
f 339/341/789 340/342/790 342/343/791 341/344/792
f 341/344/793 342/343/794 344/345/795 343/346/796
f 343/346/797 344/345/798 338/347/799 337/348/800
f 338/347/801 344/345/802 342/343/803 340/342/804
f 343/346/805 337/348/806 339/341/807 341/344/808
s 29
f 337/348/809 338/347/810 346/338/786 345/1149/785
f 338/347/810 340/342/811 347/339/787 346/338/786
f 340/342/811 339/341/812 348/340/788 347/339/787
f 339/341/812 337/348/809 345/1149/785 348/340/788
s 30
f 357/349/813 358/1148/814 359/1147/815 360/1146/816
s off
f 351/353/817 352/354/818 354/355/819 353/356/820
f 353/356/821 354/355/822 356/357/823 355/358/824
f 355/358/825 356/357/826 350/359/827 349/360/828
f 350/359/829 356/357/830 354/355/831 352/354/832
f 355/358/833 349/360/834 351/353/835 353/356/836
s 30
f 349/360/837 350/359/838 358/350/814 357/1145/813
f 350/359/838 352/354/839 359/351/815 358/350/814
f 352/354/839 351/353/840 360/352/816 359/351/815
f 351/353/840 349/360/837 357/1145/813 360/352/816
s 31
f 369/361/841 370/1144/842 371/1143/843 372/1142/844
s off
f 363/365/845 364/366/846 366/367/847 365/368/848
f 365/368/849 366/367/850 368/369/851 367/370/852
f 367/370/853 368/369/854 362/371/855 361/372/856
f 362/371/857 368/369/858 366/367/859 364/366/860
f 367/370/861 361/372/862 363/365/863 365/368/864
s 31
f 361/372/865 362/371/866 370/362/842 369/1141/841
f 362/371/866 364/366/867 371/363/843 370/362/842
f 364/366/867 363/365/868 372/364/844 371/363/843
f 363/365/868 361/372/865 369/1141/841 372/364/844
s 32
f 381/373/869 382/1140/870 383/1139/871 384/1138/872
s off
f 375/377/873 376/378/874 378/379/875 377/380/876
f 377/380/877 378/379/878 380/381/879 379/382/880
f 379/382/881 380/381/882 374/383/883 373/384/884
f 374/383/885 380/381/886 378/379/887 376/378/888
f 379/382/889 373/384/890 375/377/891 377/380/892
s 32
f 373/384/893 374/383/894 382/374/870 381/1137/869
f 374/383/894 376/378/895 383/375/871 382/374/870
f 376/378/895 375/377/896 384/376/872 383/375/871
f 375/377/896 373/384/893 381/1137/869 384/376/872
s 33
f 393/385/897 394/1136/898 395/1135/899 396/1134/900
s off
f 387/389/901 388/390/902 390/391/903 389/392/904
f 389/392/905 390/391/906 392/393/907 391/394/908
f 391/394/909 392/393/910 386/395/911 385/396/912
f 386/395/913 392/393/914 390/391/915 388/390/916
f 391/394/917 385/396/918 387/389/919 389/392/920
s 33
f 385/396/921 386/395/922 394/386/898 393/1133/897
f 386/395/922 388/390/923 395/387/899 394/386/898
f 388/390/923 387/389/924 396/388/900 395/387/899
f 387/389/924 385/396/921 393/1133/897 396/388/900
s 34
f 405/397/925 406/1132/926 407/1131/927 408/1130/928
s off
f 399/401/929 400/402/930 402/403/931 401/404/932
f 401/404/933 402/403/934 404/405/935 403/406/936
f 403/406/937 404/405/938 398/407/939 397/408/940
f 398/407/941 404/405/942 402/403/943 400/402/944
f 403/406/945 397/408/946 399/401/947 401/404/948
s 34
f 397/408/949 398/407/950 406/398/926 405/1129/925
f 398/407/950 400/402/951 407/399/927 406/398/926
f 400/402/951 399/401/952 408/400/928 407/399/927
f 399/401/952 397/408/949 405/1129/925 408/400/928
s 35
f 417/409/953 418/1128/954 419/1127/955 420/1126/956
s off
f 411/413/957 412/414/958 414/415/959 413/416/960
f 413/416/961 414/415/962 416/417/963 415/418/964
f 415/418/965 416/417/966 410/419/967 409/420/968
f 410/419/969 416/417/970 414/415/971 412/414/972
f 415/418/973 409/420/974 411/413/975 413/416/976
s 35
f 409/420/977 410/419/978 418/410/954 417/1125/953
f 410/419/978 412/414/979 419/411/955 418/410/954
f 412/414/979 411/413/980 420/412/956 419/411/955
f 411/413/980 409/420/977 417/1125/953 420/412/956
s 36
f 429/421/981 430/1124/982 431/1123/983 432/1122/984
s off
f 423/425/985 424/426/986 426/427/987 425/428/988
f 425/428/989 426/427/990 428/429/991 427/430/992
f 427/430/993 428/429/994 422/431/995 421/432/996
f 422/431/997 428/429/998 426/427/999 424/426/1000
f 427/430/1001 421/432/1002 423/425/1003 425/428/1004
s 36
f 421/432/1005 422/431/1006 430/422/982 429/1121/981
f 422/431/1006 424/426/1007 431/423/983 430/422/982
f 424/426/1007 423/425/1008 432/424/984 431/423/983
f 423/425/1008 421/432/1005 429/1121/981 432/424/984
s 37
f 441/433/1009 442/1120/1010 443/1119/1011 444/1118/1012
s off
f 435/437/1013 436/438/1014 438/439/1015 437/440/1016
f 437/440/1017 438/439/1018 440/441/1019 439/442/1020
f 439/442/1021 440/441/1022 434/443/1023 433/444/1024
f 434/443/1025 440/441/1026 438/439/1027 436/438/1028
f 439/442/1029 433/444/1030 435/437/1031 437/440/1032
s 37
f 433/444/1033 434/443/1034 442/434/1010 441/1117/1009
f 434/443/1034 436/438/1035 443/435/1011 442/434/1010
f 436/438/1035 435/437/1036 444/436/1012 443/435/1011
f 435/437/1036 433/444/1033 441/1117/1009 444/436/1012
s 38
f 453/445/1037 454/1116/1038 455/1115/1039 456/1114/1040
s off
f 447/449/1041 448/450/1042 450/451/1043 449/452/1044
f 449/452/1045 450/451/1046 452/453/1047 451/454/1048
f 451/454/1049 452/453/1050 446/455/1051 445/456/1052
f 446/455/1053 452/453/1054 450/451/1055 448/450/1056
f 451/454/1057 445/456/1058 447/449/1059 449/452/1060
s 38
f 445/456/1061 446/455/1062 454/446/1038 453/1113/1037
f 446/455/1062 448/450/1063 455/447/1039 454/446/1038
f 448/450/1063 447/449/1064 456/448/1040 455/447/1039
f 447/449/1064 445/456/1061 453/1113/1037 456/448/1040
s 39
f 465/457/1065 466/1112/1066 467/1111/1067 468/1110/1068
s off
f 459/461/1069 460/462/1070 462/463/1071 461/464/1072
f 461/464/1073 462/463/1074 464/465/1075 463/466/1076
f 463/466/1077 464/465/1078 458/467/1079 457/468/1080
f 458/467/1081 464/465/1082 462/463/1083 460/462/1084
f 463/466/1085 457/468/1086 459/461/1087 461/464/1088
s 39
f 457/468/1089 458/467/1090 466/458/1066 465/1109/1065
f 458/467/1090 460/462/1091 467/459/1067 466/458/1066
f 460/462/1091 459/461/1092 468/460/1068 467/459/1067
f 459/461/1092 457/468/1089 465/1109/1065 468/460/1068
s 40
f 477/469/1093 478/1108/1094 479/1107/1095 480/1106/1096
s off
f 471/473/1097 472/474/1098 474/475/1099 473/476/1100
f 473/476/1101 474/475/1102 476/477/1103 475/478/1104
f 475/478/1105 476/477/1106 470/479/1107 469/480/1108
f 470/479/1109 476/477/1110 474/475/1111 472/474/1112
f 475/478/1113 469/480/1114 471/473/1115 473/476/1116
s 40
f 469/480/1117 470/479/1118 478/470/1094 477/1105/1093
f 470/479/1118 472/474/1119 479/471/1095 478/470/1094
f 472/474/1119 471/473/1120 480/472/1096 479/471/1095
f 471/473/1120 469/480/1117 477/1105/1093 480/472/1096
s 41
f 489/481/1121 490/1264/1122 491/1263/1123 492/1262/1124
s off
f 483/485/1125 484/486/1126 486/487/1127 485/488/1128
f 485/488/1129 486/487/1130 488/489/1131 487/490/1132
f 487/490/1133 488/489/1134 482/491/1135 481/492/1136
f 482/491/1137 488/489/1138 486/487/1139 484/486/1140
f 487/490/1141 481/492/1142 483/485/1143 485/488/1144
s 41
f 481/492/1145 482/491/1146 490/482/1122 489/1261/1121
f 482/491/1146 484/486/1147 491/483/1123 490/482/1122
f 484/486/1147 483/485/1148 492/484/1124 491/483/1123
f 483/485/1148 481/492/1145 489/1261/1121 492/484/1124
s 42
f 501/493/1149 502/1260/1150 503/1259/1151 504/1258/1152
s off
f 495/497/1153 496/498/1154 498/499/1155 497/500/1156
f 497/500/1157 498/499/1158 500/501/1159 499/502/1160
f 499/502/1161 500/501/1162 494/503/1163 493/504/1164
f 494/503/1165 500/501/1166 498/499/1167 496/498/1168
f 499/502/1169 493/504/1170 495/497/1171 497/500/1172
s 42
f 493/504/1173 494/503/1174 502/494/1150 501/1257/1149
f 494/503/1174 496/498/1175 503/495/1151 502/494/1150
f 496/498/1175 495/497/1176 504/496/1152 503/495/1151
f 495/497/1176 493/504/1173 501/1257/1149 504/496/1152
s 43
f 513/505/1177 514/1256/1178 515/1255/1179 516/1254/1180
s off
f 507/509/1181 508/510/1182 510/511/1183 509/512/1184
f 509/512/1185 510/511/1186 512/513/1187 511/514/1188
f 511/514/1189 512/513/1190 506/515/1191 505/516/1192
f 506/515/1193 512/513/1194 510/511/1195 508/510/1196
f 511/514/1197 505/516/1198 507/509/1199 509/512/1200
s 43
f 505/516/1201 506/515/1202 514/506/1178 513/1253/1177
f 506/515/1202 508/510/1203 515/507/1179 514/506/1178
f 508/510/1203 507/509/1204 516/508/1180 515/507/1179
f 507/509/1204 505/516/1201 513/1253/1177 516/508/1180
s 44
f 525/517/1205 526/1252/1206 527/1251/1207 528/1250/1208
s off
f 519/521/1209 520/522/1210 522/523/1211 521/524/1212
f 521/524/1213 522/523/1214 524/525/1215 523/526/1216
f 523/526/1217 524/525/1218 518/527/1219 517/528/1220
f 518/527/1221 524/525/1222 522/523/1223 520/522/1224
f 523/526/1225 517/528/1226 519/521/1227 521/524/1228
s 44
f 517/528/1229 518/527/1230 526/518/1206 525/1249/1205
f 518/527/1230 520/522/1231 527/519/1207 526/518/1206
f 520/522/1231 519/521/1232 528/520/1208 527/519/1207
f 519/521/1232 517/528/1229 525/1249/1205 528/520/1208
s 45
f 537/529/1233 538/1248/1234 539/1247/1235 540/1246/1236
s off
f 531/533/1237 532/534/1238 534/535/1239 533/536/1240
f 533/536/1241 534/535/1242 536/537/1243 535/538/1244
f 535/538/1245 536/537/1246 530/539/1247 529/540/1248
f 530/539/1249 536/537/1250 534/535/1251 532/534/1252
f 535/538/1253 529/540/1254 531/533/1255 533/536/1256
s 45
f 529/540/1257 530/539/1258 538/530/1234 537/1245/1233
f 530/539/1258 532/534/1259 539/531/1235 538/530/1234
f 532/534/1259 531/533/1260 540/532/1236 539/531/1235
f 531/533/1260 529/540/1257 537/1245/1233 540/532/1236
s 46
f 549/541/1261 550/1244/1262 551/1243/1263 552/1242/1264
s off
f 543/545/1265 544/546/1266 546/547/1267 545/548/1268
f 545/548/1269 546/547/1270 548/549/1271 547/550/1272
f 547/550/1273 548/549/1274 542/551/1275 541/552/1276
f 542/551/1277 548/549/1278 546/547/1279 544/546/1280
f 547/550/1281 541/552/1282 543/545/1283 545/548/1284
s 46
f 541/552/1285 542/551/1286 550/542/1262 549/1241/1261
f 542/551/1286 544/546/1287 551/543/1263 550/542/1262
f 544/546/1287 543/545/1288 552/544/1264 551/543/1263
f 543/545/1288 541/552/1285 549/1241/1261 552/544/1264
s 47
f 561/553/1289 562/1240/1290 563/1239/1291 564/1238/1292
s off
f 555/557/1293 556/558/1294 558/559/1295 557/560/1296
f 557/560/1297 558/559/1298 560/561/1299 559/562/1300
f 559/562/1301 560/561/1302 554/563/1303 553/564/1304
f 554/563/1305 560/561/1306 558/559/1307 556/558/1308
f 559/562/1309 553/564/1310 555/557/1311 557/560/1312
s 47
f 553/564/1313 554/563/1314 562/554/1290 561/1237/1289
f 554/563/1314 556/558/1315 563/555/1291 562/554/1290
f 556/558/1315 555/557/1316 564/556/1292 563/555/1291
f 555/557/1316 553/564/1313 561/1237/1289 564/556/1292
s 48
f 573/565/1317 574/1236/1318 575/1235/1319 576/1234/1320
s off
f 567/569/1321 568/570/1322 570/571/1323 569/572/1324
f 569/572/1325 570/571/1326 572/573/1327 571/574/1328
f 571/574/1329 572/573/1330 566/575/1331 565/576/1332
f 566/575/1333 572/573/1334 570/571/1335 568/570/1336
f 571/574/1337 565/576/1338 567/569/1339 569/572/1340
s 48
f 565/576/1341 566/575/1342 574/566/1318 573/1233/1317
f 566/575/1342 568/570/1343 575/567/1319 574/566/1318
f 568/570/1343 567/569/1344 576/568/1320 575/567/1319
f 567/569/1344 565/576/1341 573/1233/1317 576/568/1320
s 49
f 585/577/1345 586/1232/1346 587/1231/1347 588/1230/1348
s off
f 579/581/1349 580/582/1350 582/583/1351 581/584/1352
f 581/584/1353 582/583/1354 584/585/1355 583/586/1356
f 583/586/1357 584/585/1358 578/587/1359 577/588/1360
f 578/587/1361 584/585/1362 582/583/1363 580/582/1364
f 583/586/1365 577/588/1366 579/581/1367 581/584/1368
s 49
f 577/588/1369 578/587/1370 586/578/1346 585/1229/1345
f 578/587/1370 580/582/1371 587/579/1347 586/578/1346
f 580/582/1371 579/581/1372 588/580/1348 587/579/1347
f 579/581/1372 577/588/1369 585/1229/1345 588/580/1348
s 50
f 597/589/1373 598/1228/1374 599/1227/1375 600/1226/1376
s off
f 591/593/1377 592/594/1378 594/595/1379 593/596/1380
f 593/596/1381 594/595/1382 596/597/1383 595/598/1384
f 595/598/1385 596/597/1386 590/599/1387 589/600/1388
f 590/599/1389 596/597/1390 594/595/1391 592/594/1392
f 595/598/1393 589/600/1394 591/593/1395 593/596/1396
s 50
f 589/600/1397 590/599/1398 598/590/1374 597/1225/1373
f 590/599/1398 592/594/1399 599/591/1375 598/590/1374
f 592/594/1399 591/593/1400 600/592/1376 599/591/1375
f 591/593/1400 589/600/1397 597/1225/1373 600/592/1376
s 51
f 609/601/1401 610/1224/1402 611/1223/1403 612/1222/1404
s off
f 603/605/1405 604/606/1406 606/607/1407 605/608/1408
f 605/608/1409 606/607/1410 608/609/1411 607/610/1412
f 607/610/1413 608/609/1414 602/611/1415 601/612/1416
f 602/611/1417 608/609/1418 606/607/1419 604/606/1420
f 607/610/1421 601/612/1422 603/605/1423 605/608/1424
s 51
f 601/612/1425 602/611/1426 610/602/1402 609/1221/1401
f 602/611/1426 604/606/1427 611/603/1403 610/602/1402
f 604/606/1427 603/605/1428 612/604/1404 611/603/1403
f 603/605/1428 601/612/1425 609/1221/1401 612/604/1404
s 52
f 621/613/1429 622/1220/1430 623/1219/1431 624/1218/1432
s off
f 615/617/1433 616/618/1434 618/619/1435 617/620/1436
f 617/620/1437 618/619/1438 620/621/1439 619/622/1440
f 619/622/1441 620/621/1442 614/623/1443 613/624/1444
f 614/623/1445 620/621/1446 618/619/1447 616/618/1448
f 619/622/1449 613/624/1450 615/617/1451 617/620/1452
s 52
f 613/624/1453 614/623/1454 622/614/1430 621/1217/1429
f 614/623/1454 616/618/1455 623/615/1431 622/614/1430
f 616/618/1455 615/617/1456 624/616/1432 623/615/1431
f 615/617/1456 613/624/1453 621/1217/1429 624/616/1432
s 53
f 633/625/1457 634/1216/1458 635/1215/1459 636/1214/1460
s off
f 627/629/1461 628/630/1462 630/631/1463 629/632/1464
f 629/632/1465 630/631/1466 632/633/1467 631/634/1468
f 631/634/1469 632/633/1470 626/635/1471 625/636/1472
f 626/635/1473 632/633/1474 630/631/1475 628/630/1476
f 631/634/1477 625/636/1478 627/629/1479 629/632/1480
s 53
f 625/636/1481 626/635/1482 634/626/1458 633/1213/1457
f 626/635/1482 628/630/1483 635/627/1459 634/626/1458
f 628/630/1483 627/629/1484 636/628/1460 635/627/1459
f 627/629/1484 625/636/1481 633/1213/1457 636/628/1460
s 54
f 645/637/1485 646/1212/1486 647/1211/1487 648/1210/1488
s off
f 639/641/1489 640/642/1490 642/643/1491 641/644/1492
f 641/644/1493 642/643/1494 644/645/1495 643/646/1496
f 643/646/1497 644/645/1498 638/647/1499 637/648/1500
f 638/647/1501 644/645/1502 642/643/1503 640/642/1504
f 643/646/1505 637/648/1506 639/641/1507 641/644/1508
s 54
f 637/648/1509 638/647/1510 646/638/1486 645/1209/1485
f 638/647/1510 640/642/1511 647/639/1487 646/638/1486
f 640/642/1511 639/641/1512 648/640/1488 647/639/1487
f 639/641/1512 637/648/1509 645/1209/1485 648/640/1488
s 55
f 657/649/1513 658/1208/1514 659/1207/1515 660/1206/1516
s off
f 651/653/1517 652/654/1518 654/655/1519 653/656/1520
f 653/656/1521 654/655/1522 656/657/1523 655/658/1524
f 655/658/1525 656/657/1526 650/659/1527 649/660/1528
f 650/659/1529 656/657/1530 654/655/1531 652/654/1532
f 655/658/1533 649/660/1534 651/653/1535 653/656/1536
s 55
f 649/660/1537 650/659/1538 658/650/1514 657/1205/1513
f 650/659/1538 652/654/1539 659/651/1515 658/650/1514
f 652/654/1539 651/653/1540 660/652/1516 659/651/1515
f 651/653/1540 649/660/1537 657/1205/1513 660/652/1516
s 56
f 669/661/1541 670/1204/1542 671/1203/1543 672/1202/1544
s off
f 663/665/1545 664/666/1546 666/667/1547 665/668/1548
f 665/668/1549 666/667/1550 668/669/1551 667/670/1552
f 667/670/1553 668/669/1554 662/671/1555 661/672/1556
f 662/671/1557 668/669/1558 666/667/1559 664/666/1560
f 667/670/1561 661/672/1562 663/665/1563 665/668/1564
s 56
f 661/672/1565 662/671/1566 670/662/1542 669/1201/1541
f 662/671/1566 664/666/1567 671/663/1543 670/662/1542
f 664/666/1567 663/665/1568 672/664/1544 671/663/1543
f 663/665/1568 661/672/1565 669/1201/1541 672/664/1544
s 57
f 681/673/1569 682/1200/1570 683/1199/1571 684/1198/1572
s off
f 675/677/1573 676/678/1574 678/679/1575 677/680/1576
f 677/680/1577 678/679/1578 680/681/1579 679/682/1580
f 679/682/1581 680/681/1582 674/683/1583 673/684/1584
f 674/683/1585 680/681/1586 678/679/1587 676/678/1588
f 679/682/1589 673/684/1590 675/677/1591 677/680/1592
s 57
f 673/684/1593 674/683/1594 682/674/1570 681/1197/1569
f 674/683/1594 676/678/1595 683/675/1571 682/674/1570
f 676/678/1595 675/677/1596 684/676/1572 683/675/1571
f 675/677/1596 673/684/1593 681/1197/1569 684/676/1572
s 58
f 693/685/1597 694/1196/1598 695/1195/1599 696/1194/1600
s off
f 687/689/1601 688/690/1602 690/691/1603 689/692/1604
f 689/692/1605 690/691/1606 692/693/1607 691/694/1608
f 691/694/1609 692/693/1610 686/695/1611 685/696/1612
f 686/695/1613 692/693/1614 690/691/1615 688/690/1616
f 691/694/1617 685/696/1618 687/689/1619 689/692/1620
s 58
f 685/696/1621 686/695/1622 694/686/1598 693/1193/1597
f 686/695/1622 688/690/1623 695/687/1599 694/686/1598
f 688/690/1623 687/689/1624 696/688/1600 695/687/1599
f 687/689/1624 685/696/1621 693/1193/1597 696/688/1600
s 59
f 705/697/1625 706/1192/1626 707/1191/1627 708/1190/1628
s off
f 699/701/1629 700/702/1630 702/703/1631 701/704/1632
f 701/704/1633 702/703/1634 704/705/1635 703/706/1636
f 703/706/1637 704/705/1638 698/707/1639 697/708/1640
f 698/707/1641 704/705/1642 702/703/1643 700/702/1644
f 703/706/1645 697/708/1646 699/701/1647 701/704/1648
s 59
f 697/708/1649 698/707/1650 706/698/1626 705/1189/1625
f 698/707/1650 700/702/1651 707/699/1627 706/698/1626
f 700/702/1651 699/701/1652 708/700/1628 707/699/1627
f 699/701/1652 697/708/1649 705/1189/1625 708/700/1628
s 60
f 717/709/1653 718/1188/1654 719/1187/1655 720/1186/1656
s off
f 711/713/1657 712/714/1658 714/715/1659 713/716/1660
f 713/716/1661 714/715/1662 716/717/1663 715/718/1664
f 715/718/1665 716/717/1666 710/719/1667 709/720/1668
f 710/719/1669 716/717/1670 714/715/1671 712/714/1672
f 715/718/1673 709/720/1674 711/713/1675 713/716/1676
s 60
f 709/720/1677 710/719/1678 718/710/1654 717/1185/1653
f 710/719/1678 712/714/1679 719/711/1655 718/710/1654
f 712/714/1679 711/713/1680 720/712/1656 719/711/1655
f 711/713/1680 709/720/1677 717/1185/1653 720/712/1656
s 61
f 729/721/1681 730/992/1682 731/991/1683 732/990/1684
s off
f 723/725/1685 724/726/1686 726/727/1687 725/728/1688
f 725/728/1689 726/727/1690 728/729/1691 727/730/1692
f 727/730/1693 728/729/1694 722/731/1695 721/732/1696
f 722/731/1697 728/729/1698 726/727/1699 724/726/1700
f 727/730/1701 721/732/1702 723/725/1703 725/728/1704
s 61
f 721/732/1705 722/731/1706 730/722/1682 729/989/1681
f 722/731/1706 724/726/1707 731/723/1683 730/722/1682
f 724/726/1707 723/725/1708 732/724/1684 731/723/1683
f 723/725/1708 721/732/1705 729/989/1681 732/724/1684
s 62
f 741/733/1709 742/988/1710 743/987/1711 744/986/1712
s off
f 735/737/1713 736/738/1714 738/739/1715 737/740/1716
f 737/740/1717 738/739/1718 740/741/1719 739/742/1720
f 739/742/1721 740/741/1722 734/743/1723 733/744/1724
f 734/743/1725 740/741/1726 738/739/1727 736/738/1728
f 739/742/1729 733/744/1730 735/737/1731 737/740/1732
s 62
f 733/744/1733 734/743/1734 742/734/1710 741/985/1709
f 734/743/1734 736/738/1735 743/735/1711 742/734/1710
f 736/738/1735 735/737/1736 744/736/1712 743/735/1711
f 735/737/1736 733/744/1733 741/985/1709 744/736/1712
s 63
f 753/745/1737 754/1024/1738 755/1023/1739 756/1022/1740
s off
f 747/749/1741 748/750/1742 750/751/1743 749/752/1744
f 749/752/1745 750/751/1746 752/753/1747 751/754/1748
f 751/754/1749 752/753/1750 746/755/1751 745/756/1752
f 746/755/1753 752/753/1754 750/751/1755 748/750/1756
f 751/754/1757 745/756/1758 747/749/1759 749/752/1760
s 63
f 745/756/1761 746/755/1762 754/746/1738 753/1021/1737
f 746/755/1762 748/750/1763 755/747/1739 754/746/1738
f 748/750/1763 747/749/1764 756/748/1740 755/747/1739
f 747/749/1764 745/756/1761 753/1021/1737 756/748/1740
s 64
f 765/757/1765 766/984/1766 767/983/1767 768/982/1768
s off
f 759/761/1769 760/762/1770 762/763/1771 761/764/1772
f 761/764/1773 762/763/1774 764/765/1775 763/766/1776
f 763/766/1777 764/765/1778 758/767/1779 757/768/1780
f 758/767/1781 764/765/1782 762/763/1783 760/762/1784
f 763/766/1785 757/768/1786 759/761/1787 761/764/1788
s 64
f 757/768/1789 758/767/1790 766/758/1766 765/981/1765
f 758/767/1790 760/762/1791 767/759/1767 766/758/1766
f 760/762/1791 759/761/1792 768/760/1768 767/759/1767
f 759/761/1792 757/768/1789 765/981/1765 768/760/1768
s 65
f 777/769/1793 778/1020/1794 779/1019/1795 780/1018/1796
s off
f 771/773/1797 772/774/1798 774/775/1799 773/776/1800
f 773/776/1801 774/775/1802 776/777/1803 775/778/1804
f 775/778/1805 776/777/1806 770/779/1807 769/780/1808
f 770/779/1809 776/777/1810 774/775/1811 772/774/1812
f 775/778/1813 769/780/1814 771/773/1815 773/776/1816
s 65
f 769/780/1817 770/779/1818 778/770/1794 777/1017/1793
f 770/779/1818 772/774/1819 779/771/1795 778/770/1794
f 772/774/1819 771/773/1820 780/772/1796 779/771/1795
f 771/773/1820 769/780/1817 777/1017/1793 780/772/1796
s 66
f 789/781/1821 790/980/1822 791/979/1823 792/978/1824
s off
f 783/785/1825 784/786/1826 786/787/1827 785/788/1828
f 785/788/1829 786/787/1830 788/789/1831 787/790/1832
f 787/790/1833 788/789/1834 782/791/1835 781/792/1836
f 782/791/1837 788/789/1838 786/787/1839 784/786/1840
f 787/790/1841 781/792/1842 783/785/1843 785/788/1844
s 66
f 781/792/1845 782/791/1846 790/782/1822 789/977/1821
f 782/791/1846 784/786/1847 791/783/1823 790/782/1822
f 784/786/1847 783/785/1848 792/784/1824 791/783/1823
f 783/785/1848 781/792/1845 789/977/1821 792/784/1824
s 67
f 801/793/1849 802/976/1850 803/975/1851 804/974/1852
s off
f 795/797/1853 796/798/1854 798/799/1855 797/800/1856
f 797/800/1857 798/799/1858 800/801/1859 799/802/1860
f 799/802/1861 800/801/1862 794/803/1863 793/804/1864
f 794/803/1865 800/801/1866 798/799/1867 796/798/1868
f 799/802/1869 793/804/1870 795/797/1871 797/800/1872
s 67
f 793/804/1873 794/803/1874 802/794/1850 801/973/1849
f 794/803/1874 796/798/1875 803/795/1851 802/794/1850
f 796/798/1875 795/797/1876 804/796/1852 803/795/1851
f 795/797/1876 793/804/1873 801/973/1849 804/796/1852
s 68
f 813/805/1877 814/1016/1878 815/1015/1879 816/1014/1880
s off
f 807/809/1881 808/810/1882 810/811/1883 809/812/1884
f 809/812/1885 810/811/1886 812/813/1887 811/814/1888
f 811/814/1889 812/813/1890 806/815/1891 805/816/1892
f 806/815/1893 812/813/1894 810/811/1895 808/810/1896
f 811/814/1897 805/816/1898 807/809/1899 809/812/1900
s 68
f 805/816/1901 806/815/1902 814/806/1878 813/1013/1877
f 806/815/1902 808/810/1903 815/807/1879 814/806/1878
f 808/810/1903 807/809/1904 816/808/1880 815/807/1879
f 807/809/1904 805/816/1901 813/1013/1877 816/808/1880
s 69
f 825/817/1905 826/972/1906 827/971/1907 828/970/1908
s off
f 819/821/1909 820/822/1910 822/823/1911 821/824/1912
f 821/824/1913 822/823/1914 824/825/1915 823/826/1916
f 823/826/1917 824/825/1918 818/827/1919 817/828/1920
f 818/827/1921 824/825/1922 822/823/1923 820/822/1924
f 823/826/1925 817/828/1926 819/821/1927 821/824/1928
s 69
f 817/828/1929 818/827/1930 826/818/1906 825/969/1905
f 818/827/1930 820/822/1931 827/819/1907 826/818/1906
f 820/822/1931 819/821/1932 828/820/1908 827/819/1907
f 819/821/1932 817/828/1929 825/969/1905 828/820/1908
s 70
f 837/829/1933 838/1012/1934 839/1011/1935 840/1010/1936
s off
f 831/833/1937 832/834/1938 834/835/1939 833/836/1940
f 833/836/1941 834/835/1942 836/837/1943 835/838/1944
f 835/838/1945 836/837/1946 830/839/1947 829/840/1948
f 830/839/1949 836/837/1950 834/835/1951 832/834/1952
f 835/838/1953 829/840/1954 831/833/1955 833/836/1956
s 70
f 829/840/1957 830/839/1958 838/830/1934 837/1009/1933
f 830/839/1958 832/834/1959 839/831/1935 838/830/1934
f 832/834/1959 831/833/1960 840/832/1936 839/831/1935
f 831/833/1960 829/840/1957 837/1009/1933 840/832/1936
s 71
f 849/841/1961 850/1008/1962 851/1007/1963 852/1006/1964
s off
f 843/845/1965 844/846/1966 846/847/1967 845/848/1968
f 845/848/1969 846/847/1970 848/849/1971 847/850/1972
f 847/850/1973 848/849/1974 842/851/1975 841/852/1976
f 842/851/1977 848/849/1978 846/847/1979 844/846/1980
f 847/850/1981 841/852/1982 843/845/1983 845/848/1984
s 71
f 841/852/1985 842/851/1986 850/842/1962 849/1005/1961
f 842/851/1986 844/846/1987 851/843/1963 850/842/1962
f 844/846/1987 843/845/1988 852/844/1964 851/843/1963
f 843/845/1988 841/852/1985 849/1005/1961 852/844/1964
s 72
f 861/853/1989 862/1004/1990 863/1003/1991 864/1002/1992
s off
f 855/857/1993 856/858/1994 858/859/1995 857/860/1996
f 857/860/1997 858/859/1998 860/861/1999 859/862/2000
f 859/862/2001 860/861/2002 854/863/2003 853/864/2004
f 854/863/2005 860/861/2006 858/859/2007 856/858/2008
f 859/862/2009 853/864/2010 855/857/2011 857/860/2012
s 72
f 853/864/2013 854/863/2014 862/854/1990 861/1001/1989
f 854/863/2014 856/858/2015 863/855/1991 862/854/1990
f 856/858/2015 855/857/2016 864/856/1992 863/855/1991
f 855/857/2016 853/864/2013 861/1001/1989 864/856/1992
s 73
f 873/865/2017 874/968/2018 875/967/2019 876/966/2020
s off
f 867/869/2021 868/870/2022 870/871/2023 869/872/2024
f 869/872/2025 870/871/2026 872/873/2027 871/874/2028
f 871/874/2029 872/873/2030 866/875/2031 865/876/2032
f 866/875/2033 872/873/2034 870/871/2035 868/870/2036
f 871/874/2037 865/876/2038 867/869/2039 869/872/2040
s 73
f 865/876/2041 866/875/2042 874/866/2018 873/965/2017
f 866/875/2042 868/870/2043 875/867/2019 874/866/2018
f 868/870/2043 867/869/2044 876/868/2020 875/867/2019
f 867/869/2044 865/876/2041 873/965/2017 876/868/2020
s 74
f 885/877/2045 886/964/2046 887/963/2047 888/962/2048
s off
f 879/881/2049 880/882/2050 882/883/2051 881/884/2052
f 881/884/2053 882/883/2054 884/885/2055 883/886/2056
f 883/886/2057 884/885/2058 878/887/2059 877/888/2060
f 878/887/2061 884/885/2062 882/883/2063 880/882/2064
f 883/886/2065 877/888/2066 879/881/2067 881/884/2068
s 74
f 877/888/2069 878/887/2070 886/878/2046 885/961/2045
f 878/887/2070 880/882/2071 887/879/2047 886/878/2046
f 880/882/2071 879/881/2072 888/880/2048 887/879/2047
f 879/881/2072 877/888/2069 885/961/2045 888/880/2048
s 75
f 897/889/2073 898/1000/2074 899/999/2075 900/998/2076
s off
f 891/893/2077 892/894/2078 894/895/2079 893/896/2080
f 893/896/2081 894/895/2082 896/897/2083 895/898/2084
f 895/898/2085 896/897/2086 890/899/2087 889/900/2088
f 890/899/2089 896/897/2090 894/895/2091 892/894/2092
f 895/898/2093 889/900/2094 891/893/2095 893/896/2096
s 75
f 889/900/2097 890/899/2098 898/890/2074 897/997/2073
f 890/899/2098 892/894/2099 899/891/2075 898/890/2074
f 892/894/2099 891/893/2100 900/892/2076 899/891/2075
f 891/893/2100 889/900/2097 897/997/2073 900/892/2076
s 76
f 909/901/2101 910/960/2102 911/959/2103 912/958/2104
s off
f 903/905/2105 904/906/2106 906/907/2107 905/908/2108
f 905/908/2109 906/907/2110 908/909/2111 907/910/2112
f 907/910/2113 908/909/2114 902/911/2115 901/912/2116
f 902/911/2117 908/909/2118 906/907/2119 904/906/2120
f 907/910/2121 901/912/2122 903/905/2123 905/908/2124
s 76
f 901/912/2125 902/911/2126 910/902/2102 909/957/2101
f 902/911/2126 904/906/2127 911/903/2103 910/902/2102
f 904/906/2127 903/905/2128 912/904/2104 911/903/2103
f 903/905/2128 901/912/2125 909/957/2101 912/904/2104
s 77
f 921/913/2129 922/996/2130 923/995/2131 924/994/2132
s off
f 915/917/2133 916/918/2134 918/919/2135 917/920/2136
f 917/920/2137 918/919/2138 920/921/2139 919/922/2140
f 919/922/2141 920/921/2142 914/923/2143 913/924/2144
f 914/923/2145 920/921/2146 918/919/2147 916/918/2148
f 919/922/2149 913/924/2150 915/917/2151 917/920/2152
s 77
f 913/924/2153 914/923/2154 922/914/2130 921/993/2129
f 914/923/2154 916/918/2155 923/915/2131 922/914/2130
f 916/918/2155 915/917/2156 924/916/2132 923/915/2131
f 915/917/2156 913/924/2153 921/993/2129 924/916/2132
s 78
f 933/925/2157 934/956/2158 935/955/2159 936/954/2160
s off
f 927/929/2161 928/930/2162 930/931/2163 929/932/2164
f 929/932/2165 930/931/2166 932/933/2167 931/934/2168
f 931/934/2169 932/933/2170 926/935/2171 925/936/2172
f 926/935/2173 932/933/2174 930/931/2175 928/930/2176
f 931/934/2177 925/936/2178 927/929/2179 929/932/2180
s 78
f 925/936/2181 926/935/2182 934/926/2158 933/953/2157
f 926/935/2182 928/930/2183 935/927/2159 934/926/2158
f 928/930/2183 927/929/2184 936/928/2160 935/927/2159
f 927/929/2184 925/936/2181 933/953/2157 936/928/2160
s 79
f 945/937/2185 946/952/2186 947/951/2187 948/950/2188
s off
f 939/941/2189 940/942/2190 942/943/2191 941/944/2192
f 941/944/2193 942/943/2194 944/945/2195 943/946/2196
f 943/946/2197 944/945/2198 938/947/2199 937/948/2200
f 938/947/2201 944/945/2202 942/943/2203 940/942/2204
f 943/946/2205 937/948/2206 939/941/2207 941/944/2208
s 79
f 937/948/2209 938/947/2210 946/938/2186 945/949/2185
f 938/947/2210 940/942/2211 947/939/2187 946/938/2186
f 940/942/2211 939/941/2212 948/940/2188 947/939/2187
f 939/941/2212 937/948/2209 945/949/2185 948/940/2188
