# This file uses centimeters as units for non-parametric coordinates.

mtllib building1_windows.mtl
g default
v 0.711390 16.728853 6.009578
v 0.711390 16.728853 6.112097
v 0.711390 18.084887 6.009578
v 0.711390 18.084887 6.112097
v 1.696881 18.084887 6.009578
v 1.696881 18.084887 6.112097
v 1.696881 16.728853 6.009578
v 1.696881 16.728853 6.112097
v 1.582309 16.886505 6.014533
v 0.825962 16.886505 6.014533
v 1.582309 17.927235 6.014533
v 0.825962 17.927235 6.014533
v -1.688496 16.728853 6.009578
v -1.688496 16.728853 6.112097
v -1.688496 18.084887 6.009578
v -1.688496 18.084887 6.112097
v -0.703005 18.084887 6.009578
v -0.703005 18.084887 6.112097
v -0.703005 16.728853 6.009578
v -0.703005 16.728853 6.112097
v -0.817577 16.886505 6.014533
v -1.573924 16.886505 6.014533
v -0.817577 17.927235 6.014533
v -1.573924 17.927235 6.014533
v 0.711390 9.698991 6.009578
v 0.711390 9.698991 6.112097
v 0.711390 11.055024 6.009578
v 0.711390 11.055024 6.112097
v 1.696881 11.055024 6.009578
v 1.696881 11.055024 6.112097
v 1.696881 9.698991 6.009578
v 1.696881 9.698991 6.112097
v 1.582309 9.856642 6.014533
v 0.825962 9.856642 6.014533
v 1.582309 10.897373 6.014533
v 0.825962 10.897373 6.014533
v -1.688496 9.698991 6.009578
v -1.688496 9.698991 6.112097
v -1.688496 11.055024 6.009578
v -1.688496 11.055024 6.112097
v -0.703005 11.055024 6.009578
v -0.703005 11.055024 6.112097
v -0.703005 9.698991 6.009578
v -0.703005 9.698991 6.112097
v -0.817577 9.856642 6.014533
v -1.573924 9.856642 6.014533
v -0.817577 10.897373 6.014533
v -1.573924 10.897373 6.014533
v 0.711390 12.099111 6.009578
v 0.711390 12.099111 6.112097
v 0.711390 13.455144 6.009578
v 0.711390 13.455144 6.112097
v 1.696881 13.455144 6.009578
v 1.696881 13.455144 6.112097
v 1.696881 12.099111 6.009578
v 1.696881 12.099111 6.112097
v 1.582309 12.256762 6.014533
v 0.825962 12.256762 6.014533
v 1.582309 13.297493 6.014533
v 0.825962 13.297493 6.014533
v -1.688496 12.099111 6.009578
v -1.688496 12.099111 6.112097
v -1.688496 13.455144 6.009578
v -1.688496 13.455144 6.112097
v -0.703005 13.455144 6.009578
v -0.703005 13.455144 6.112097
v -0.703005 12.099111 6.009578
v -0.703005 12.099111 6.112097
v -0.817577 12.256762 6.014533
v -1.573924 12.256762 6.014533
v -0.817577 13.297493 6.014533
v -1.573924 13.297493 6.014533
v 0.711390 12.099111 6.009578
v 0.711390 12.099111 6.112097
v 0.711390 13.455144 6.009578
v 0.711390 13.455144 6.112097
v 1.696881 13.455144 6.009578
v 1.696881 13.455144 6.112097
v 1.696881 12.099111 6.009578
v 1.696881 12.099111 6.112097
v 1.582309 12.256762 6.014533
v 0.825962 12.256762 6.014533
v 1.582309 13.297493 6.014533
v 0.825962 13.297493 6.014533
v -1.688496 12.099111 6.009578
v -1.688496 12.099111 6.112097
v -1.688496 13.455144 6.009578
v -1.688496 13.455144 6.112097
v -0.703005 13.455144 6.009578
v -0.703005 13.455144 6.112097
v -0.703005 12.099111 6.009578
v -0.703005 12.099111 6.112097
v -0.817577 12.256762 6.014533
v -1.573924 12.256762 6.014533
v -0.817577 13.297493 6.014533
v -1.573924 13.297493 6.014533
v 0.711390 9.698991 6.009578
v 0.711390 9.698991 6.112097
v 0.711390 11.055024 6.009578
v 0.711390 11.055024 6.112097
v 1.696881 11.055024 6.009578
v 1.696881 11.055024 6.112097
v 1.696881 9.698991 6.009578
v 1.696881 9.698991 6.112097
v 1.582309 9.856642 6.014533
v 0.825962 9.856642 6.014533
v 1.582309 10.897373 6.014533
v 0.825962 10.897373 6.014533
v -1.688496 9.698991 6.009578
v -1.688496 9.698991 6.112097
v -1.688496 11.055024 6.009578
v -1.688496 11.055024 6.112097
v -0.703005 11.055024 6.009578
v -0.703005 11.055024 6.112097
v -0.703005 9.698991 6.009578
v -0.703005 9.698991 6.112097
v -0.817577 9.856642 6.014533
v -1.573924 9.856642 6.014533
v -0.817577 10.897373 6.014533
v -1.573924 10.897373 6.014533
v 2.672199 1.585415 1.009990
v 2.760120 1.585415 1.009990
v 2.672199 3.451260 1.009990
v 2.760120 3.451260 1.009990
v 2.672199 3.451260 -2.585086
v 2.760120 3.451260 -2.585086
v 2.672199 1.585415 -2.585086
v 2.760120 1.585415 -2.585086
v 2.676448 1.802336 -2.167127
v 2.676448 1.802336 0.592031
v 2.676448 3.234339 -2.167127
v 2.676448 3.234339 0.592031
v 2.690551 12.139480 -2.169287
v 2.778472 12.139480 -2.169287
v 2.690551 13.495513 -2.169287
v 2.778472 13.495513 -2.169287
v 2.690551 13.495513 -3.154778
v 2.778472 13.495513 -3.154778
v 2.690551 12.139480 -3.154778
v 2.778472 12.139480 -3.154778
v 2.694800 12.297131 -3.040206
v 2.694800 12.297131 -2.283859
v 2.694800 13.337862 -3.040206
v 2.694800 13.337862 -2.283859
v 2.690551 12.139480 0.065356
v 2.778472 12.139480 0.065356
v 2.690551 13.495513 0.065356
v 2.778472 13.495513 0.065356
v 2.690551 13.495513 -0.920135
v 2.778472 13.495513 -0.920135
v 2.690551 12.139480 -0.920135
v 2.778472 12.139480 -0.920135
v 2.694800 12.297131 -0.805563
v 2.694800 12.297131 -0.049216
v 2.694800 13.337862 -0.805563
v 2.694800 13.337862 -0.049216
v 2.690551 12.139480 2.252934
v 2.778472 12.139480 2.252934
v 2.690551 13.495513 2.252934
v 2.778472 13.495513 2.252934
v 2.690551 13.495513 1.267443
v 2.778472 13.495513 1.267443
v 2.690551 12.139480 1.267443
v 2.778472 12.139480 1.267443
v 2.694800 12.297131 1.382015
v 2.694800 12.297131 2.138362
v 2.694800 13.337862 1.382015
v 2.694800 13.337862 2.138362
v 2.690551 12.139480 4.230040
v 2.778472 12.139480 4.230040
v 2.690551 13.495513 4.230040
v 2.778472 13.495513 4.230040
v 2.690551 13.495513 3.244548
v 2.778472 13.495513 3.244548
v 2.690551 12.139480 3.244548
v 2.778472 12.139480 3.244548
v 2.694800 12.297131 3.359120
v 2.694800 12.297131 4.115468
v 2.694800 13.337862 3.359120
v 2.694800 13.337862 4.115468
v 2.690551 16.665398 -2.169287
v 2.778472 16.665398 -2.169287
v 2.690551 18.021431 -2.169287
v 2.778472 18.021431 -2.169287
v 2.690551 18.021431 -3.154778
v 2.778472 18.021431 -3.154778
v 2.690551 16.665398 -3.154778
v 2.778472 16.665398 -3.154778
v 2.694800 16.823050 -3.040206
v 2.694800 16.823050 -2.283859
v 2.694800 17.863779 -3.040206
v 2.694800 17.863779 -2.283859
v 2.690551 16.665398 0.065356
v 2.778472 16.665398 0.065356
v 2.690551 18.021431 0.065356
v 2.778472 18.021431 0.065356
v 2.690551 18.021431 -0.920135
v 2.778472 18.021431 -0.920135
v 2.690551 16.665398 -0.920135
v 2.778472 16.665398 -0.920135
v 2.694800 16.823050 -0.805563
v 2.694800 16.823050 -0.049216
v 2.694800 17.863779 -0.805563
v 2.694800 17.863779 -0.049216
v 2.690551 16.665398 2.252934
v 2.778472 16.665398 2.252934
v 2.690551 18.021431 2.252934
v 2.778472 18.021431 2.252934
v 2.690551 18.021431 1.267443
v 2.778472 18.021431 1.267443
v 2.690551 16.665398 1.267443
v 2.778472 16.665398 1.267443
v 2.694800 16.823050 1.382015
v 2.694800 16.823050 2.138362
v 2.694800 17.863779 1.382015
v 2.694800 17.863779 2.138362
v 2.690551 16.665398 4.230040
v 2.778472 16.665398 4.230040
v 2.690551 18.021431 4.230040
v 2.778472 18.021431 4.230040
v 2.690551 18.021431 3.244548
v 2.778472 18.021431 3.244548
v 2.690551 16.665398 3.244548
v 2.778472 16.665398 3.244548
v 2.694800 16.823050 3.359120
v 2.694800 16.823050 4.115468
v 2.694800 17.863779 3.359120
v 2.694800 17.863779 4.115468
v 2.690551 9.720868 -2.169287
v 2.778472 9.720868 -2.169287
v 2.690551 11.076901 -2.169287
v 2.778472 11.076901 -2.169287
v 2.690551 11.076901 -3.154778
v 2.778472 11.076901 -3.154778
v 2.690551 9.720868 -3.154778
v 2.778472 9.720868 -3.154778
v 2.694800 9.878519 -3.040206
v 2.694800 9.878519 -2.283859
v 2.694800 10.919250 -3.040206
v 2.694800 10.919250 -2.283859
v 2.690551 9.720868 0.065356
v 2.778472 9.720868 0.065356
v 2.690551 11.076901 0.065356
v 2.778472 11.076901 0.065356
v 2.690551 11.076901 -0.920135
v 2.778472 11.076901 -0.920135
v 2.690551 9.720868 -0.920135
v 2.778472 9.720868 -0.920135
v 2.694800 9.878519 -0.805563
v 2.694800 9.878519 -0.049216
v 2.694800 10.919250 -0.805563
v 2.694800 10.919250 -0.049216
v 2.690551 9.720868 2.252934
v 2.778472 9.720868 2.252934
v 2.690551 11.076901 2.252934
v 2.778472 11.076901 2.252934
v 2.690551 11.076901 1.267443
v 2.778472 11.076901 1.267443
v 2.690551 9.720868 1.267443
v 2.778472 9.720868 1.267443
v 2.694800 9.878519 1.382015
v 2.694800 9.878519 2.138362
v 2.694800 10.919250 1.382015
v 2.694800 10.919250 2.138362
v 2.690551 9.720868 4.230040
v 2.778472 9.720868 4.230040
v 2.690551 11.076901 4.230040
v 2.778472 11.076901 4.230040
v 2.690551 11.076901 3.244548
v 2.778472 11.076901 3.244548
v 2.690551 9.720868 3.244548
v 2.778472 9.720868 3.244548
v 2.694800 9.878519 3.359120
v 2.694800 9.878519 4.115468
v 2.694800 10.919250 3.359120
v 2.694800 10.919250 4.115468
v 2.690551 5.789573 4.230040
v 2.778472 5.789573 4.230040
v 2.690551 7.145605 4.230040
v 2.778472 7.145605 4.230040
v 2.690551 7.145605 3.244548
v 2.778472 7.145605 3.244548
v 2.690551 5.789573 3.244548
v 2.778472 5.789573 3.244548
v 2.694800 5.947223 3.359120
v 2.694800 5.947223 4.115468
v 2.694800 6.987955 3.359120
v 2.694800 6.987955 4.115468
v 2.690551 5.789573 2.252934
v 2.778472 5.789573 2.252934
v 2.690551 7.145605 2.252934
v 2.778472 7.145605 2.252934
v 2.690551 7.145605 1.267443
v 2.778472 7.145605 1.267443
v 2.690551 5.789573 1.267443
v 2.778472 5.789573 1.267443
v 2.694800 5.947223 1.382015
v 2.694800 5.947223 2.138362
v 2.694800 6.987955 1.382015
v 2.694800 6.987955 2.138362
v 2.690551 5.789573 0.065356
v 2.778472 5.789573 0.065356
v 2.690551 7.145605 0.065356
v 2.778472 7.145605 0.065356
v 2.690551 7.145605 -0.920135
v 2.778472 7.145605 -0.920135
v 2.690551 5.789573 -0.920135
v 2.778472 5.789573 -0.920135
v 2.694800 5.947223 -0.805563
v 2.694800 5.947223 -0.049216
v 2.694800 6.987955 -0.805563
v 2.694800 6.987955 -0.049216
v 2.672199 5.789573 -2.169287
v 2.760120 5.789573 -2.169287
v 2.672199 7.145605 -2.169287
v 2.760120 7.145605 -2.169287
v 2.672199 7.145605 -3.154778
v 2.760120 7.145605 -3.154778
v 2.672199 5.789573 -3.154778
v 2.760120 5.789573 -3.154778
v 2.676448 5.947223 -3.040206
v 2.676448 5.947223 -2.283859
v 2.676448 6.987955 -3.040206
v 2.676448 6.987955 -2.283859
v 0.711390 5.805998 6.009578
v 0.711390 5.805998 6.112097
v 0.711390 7.162030 6.009578
v 0.711390 7.162030 6.112097
v 1.696881 7.162030 6.009578
v 1.696881 7.162030 6.112097
v 1.696881 5.805998 6.009578
v 1.696881 5.805998 6.112097
v 1.582309 5.963648 6.014533
v 0.825962 5.963648 6.014533
v 1.582309 7.004380 6.014533
v 0.825962 7.004380 6.014533
v -1.688496 5.805998 6.009578
v -1.688496 5.805998 6.112097
v -1.688496 7.162030 6.009578
v -1.688496 7.162030 6.112097
v -0.703005 7.162030 6.009578
v -0.703005 7.162030 6.112097
v -0.703005 5.805998 6.009578
v -0.703005 5.805998 6.112097
v -0.817577 5.963648 6.014533
v -1.573924 5.963648 6.014533
v -0.817577 7.004380 6.014533
v -1.573924 7.004380 6.014533
v -0.703005 9.698991 -4.769229
v -0.703005 9.698991 -4.871748
v -0.703005 11.055024 -4.769229
v -0.703005 11.055024 -4.871748
v -1.688496 11.055024 -4.769229
v -1.688496 11.055024 -4.871748
v -1.688496 9.698991 -4.769229
v -1.688496 9.698991 -4.871748
v -1.573924 9.856642 -4.774183
v -0.817577 9.856642 -4.774183
v -1.573924 10.897373 -4.774183
v -0.817577 10.897373 -4.774183
v 1.696881 9.698991 -4.769229
v 1.696881 9.698991 -4.871748
v 1.696881 11.055024 -4.769229
v 1.696881 11.055024 -4.871748
v 0.711390 11.055024 -4.769229
v 0.711390 11.055024 -4.871748
v 0.711390 9.698991 -4.769229
v 0.711390 9.698991 -4.871748
v 0.825962 9.856642 -4.774183
v 1.582309 9.856642 -4.774183
v 0.825962 10.897373 -4.774183
v 1.582309 10.897373 -4.774183
v -0.703005 12.099111 -4.769229
v -0.703005 12.099111 -4.871748
v -0.703005 13.455144 -4.769229
v -0.703005 13.455144 -4.871748
v -1.688496 13.455144 -4.769229
v -1.688496 13.455144 -4.871748
v -1.688496 12.099111 -4.769229
v -1.688496 12.099111 -4.871748
v -1.573924 12.256762 -4.774183
v -0.817577 12.256762 -4.774183
v -1.573924 13.297493 -4.774183
v -0.817577 13.297493 -4.774183
v 1.696881 12.099111 -4.769229
v 1.696881 12.099111 -4.871748
v 1.696881 13.455144 -4.769229
v 1.696881 13.455144 -4.871748
v 0.711390 13.455144 -4.769229
v 0.711390 13.455144 -4.871748
v 0.711390 12.099111 -4.769229
v 0.711390 12.099111 -4.871748
v 0.825962 12.256762 -4.774183
v 1.582309 12.256762 -4.774183
v 0.825962 13.297493 -4.774183
v 1.582309 13.297493 -4.774183
v -0.703005 9.698991 -4.769229
v -0.703005 9.698991 -4.871748
v -0.703005 11.055024 -4.769229
v -0.703005 11.055024 -4.871748
v -1.688496 11.055024 -4.769229
v -1.688496 11.055024 -4.871748
v -1.688496 9.698991 -4.769229
v -1.688496 9.698991 -4.871748
v -1.573924 9.856642 -4.774183
v -0.817577 9.856642 -4.774183
v -1.573924 10.897373 -4.774183
v -0.817577 10.897373 -4.774183
v 1.696881 9.698991 -4.769229
v 1.696881 9.698991 -4.871748
v 1.696881 11.055024 -4.769229
v 1.696881 11.055024 -4.871748
v 0.711390 11.055024 -4.769229
v 0.711390 11.055024 -4.871748
v 0.711390 9.698991 -4.769229
v 0.711390 9.698991 -4.871748
v 0.825962 9.856642 -4.774183
v 1.582309 9.856642 -4.774183
v 0.825962 10.897373 -4.774183
v 1.582309 10.897373 -4.774183
v -0.703005 12.099111 -4.769229
v -0.703005 12.099111 -4.871748
v -0.703005 13.455144 -4.769229
v -0.703005 13.455144 -4.871748
v -1.688496 13.455144 -4.769229
v -1.688496 13.455144 -4.871748
v -1.688496 12.099111 -4.769229
v -1.688496 12.099111 -4.871748
v -1.573924 12.256762 -4.774183
v -0.817577 12.256762 -4.774183
v -1.573924 13.297493 -4.774183
v -0.817577 13.297493 -4.774183
v 1.696881 12.099111 -4.769229
v 1.696881 12.099111 -4.871748
v 1.696881 13.455144 -4.769229
v 1.696881 13.455144 -4.871748
v 0.711390 13.455144 -4.769229
v 0.711390 13.455144 -4.871748
v 0.711390 12.099111 -4.769229
v 0.711390 12.099111 -4.871748
v 0.825962 12.256762 -4.774183
v 1.582309 12.256762 -4.774183
v 0.825962 13.297493 -4.774183
v 1.582309 13.297493 -4.774183
v -0.703005 16.728853 -4.769229
v -0.703005 16.728853 -4.871748
v -0.703005 18.084887 -4.769229
v -0.703005 18.084887 -4.871748
v -1.688496 18.084887 -4.769229
v -1.688496 18.084887 -4.871748
v -1.688496 16.728853 -4.769229
v -1.688496 16.728853 -4.871748
v -1.573924 16.886505 -4.774183
v -0.817577 16.886505 -4.774183
v -1.573924 17.927235 -4.774183
v -0.817577 17.927235 -4.774183
v 1.696881 16.728853 -4.769229
v 1.696881 16.728853 -4.871748
v 1.696881 18.084887 -4.769229
v 1.696881 18.084887 -4.871748
v 0.711390 18.084887 -4.769229
v 0.711390 18.084887 -4.871748
v 0.711390 16.728853 -4.769229
v 0.711390 16.728853 -4.871748
v 0.825962 16.886505 -4.774183
v 1.582309 16.886505 -4.774183
v 0.825962 17.927235 -4.774183
v 1.582309 17.927235 -4.774183
v -0.703005 5.805998 -4.769229
v -0.703005 5.805998 -4.871748
v -0.703005 7.162030 -4.769229
v -0.703005 7.162030 -4.871748
v -1.688496 7.162030 -4.769229
v -1.688496 7.162030 -4.871748
v -1.688496 5.805998 -4.769229
v -1.688496 5.805998 -4.871748
v -1.573924 5.963648 -4.774183
v -0.817577 5.963648 -4.774183
v -1.573924 7.004380 -4.774183
v -0.817577 7.004380 -4.774183
v 1.696881 5.805998 -4.769229
v 1.696881 5.805998 -4.871748
v 1.696881 7.162030 -4.769229
v 1.696881 7.162030 -4.871748
v 0.711390 7.162030 -4.769229
v 0.711390 7.162030 -4.871748
v 0.711390 5.805998 -4.769229
v 0.711390 5.805998 -4.871748
v 0.825962 5.963648 -4.774183
v 1.582309 5.963648 -4.774183
v 0.825962 7.004380 -4.774183
v 1.582309 7.004380 -4.774183
v -0.800515 0.285639 6.133625
v 0.800515 0.285639 6.133625
v -0.800515 3.085084 6.133625
v 0.800515 3.085084 6.133625
v -0.800515 3.085084 5.929235
v 0.800515 3.085084 5.929235
v -0.800515 0.285639 5.929235
v 0.800515 0.285639 5.929235
vt 0.470834 0.198853
vt 0.464906 0.205232
vt 0.472327 0.076448
vt 0.477267 0.083147
vt 0.568398 0.080892
vt 0.561613 0.086134
vt 0.564785 0.206404
vt 0.558587 0.200472
vt 0.413900 0.692463
vt 0.572467 0.206408
vt 0.572359 0.078907
vt 0.463334 0.076137
vt 0.470750 0.198632
vt 0.464946 0.205113
vt 0.469726 0.076259
vt 0.474846 0.082850
vt 0.566378 0.079053
vt 0.559668 0.084419
vt 0.564765 0.204623
vt 0.558477 0.198797
vt 0.413930 0.692441
vt 0.572390 0.204563
vt 0.570321 0.077013
vt 0.461101 0.076177
vt 0.470859 0.198934
vt 0.464822 0.205194
vt 0.472411 0.076426
vt 0.477304 0.083169
vt 0.568479 0.081002
vt 0.561637 0.086184
vt 0.564706 0.206301
vt 0.558536 0.200358
vt 0.413925 0.692444
vt 0.572522 0.206356
vt 0.572458 0.079003
vt 0.463379 0.076160
vt 0.636422 0.097531
vt 0.631500 0.090535
vt 0.759185 0.093986
vt 0.753013 0.099761
vt 0.757863 0.191813
vt 0.753038 0.184776
vt 0.631164 0.189241
vt 0.637451 0.183555
vt 0.413937 0.692436
vt 0.631224 0.196996
vt 0.759184 0.196490
vt 0.759246 0.085981
vt 0.470685 0.198697
vt 0.464824 0.205134
vt 0.469834 0.076234
vt 0.474860 0.082876
vt 0.565995 0.078884
vt 0.559273 0.084226
vt 0.564661 0.204264
vt 0.558377 0.198443
vt 0.413941 0.692433
vt 0.572472 0.204186
vt 0.569903 0.076791
vt 0.460813 0.076125
vt 0.470795 0.198763
vt 0.464885 0.205136
vt 0.469643 0.076300
vt 0.474762 0.082878
vt 0.565971 0.078796
vt 0.559264 0.084138
vt 0.564886 0.204413
vt 0.558574 0.198599
vt 0.413931 0.692441
vt 0.572466 0.204270
vt 0.569928 0.076767
vt 0.460847 0.076166
vt 0.660043 0.283422
vt 0.655494 0.282747
vt 0.655195 0.400039
vt 0.659766 0.400372
vt 0.729886 0.397925
vt 0.734300 0.398269
vt 0.729858 0.278959
vt 0.734252 0.279655
vt 0.668317 0.296525
vt 0.725304 0.293781
vt 0.725310 0.384677
vt 0.668131 0.386441
vt 0.661166 0.282800
vt 0.656041 0.282174
vt 0.655701 0.401021
vt 0.660849 0.401312
vt 0.728775 0.398504
vt 0.733784 0.398806
vt 0.728807 0.278019
vt 0.733794 0.278666
vt 0.669229 0.296045
vt 0.725001 0.293016
vt 0.724964 0.385087
vt 0.669011 0.387157
vt 0.660015 0.285601
vt 0.655463 0.284324
vt 0.655167 0.400800
vt 0.659740 0.401743
vt 0.729912 0.395701
vt 0.734328 0.396672
vt 0.729883 0.277588
vt 0.734280 0.278903
vt 0.668296 0.298245
vt 0.725326 0.293247
vt 0.725333 0.383498
vt 0.668112 0.387537
vt 0.661141 0.284939
vt 0.656014 0.283722
vt 0.655676 0.401761
vt 0.660826 0.402649
vt 0.728797 0.396322
vt 0.733809 0.397238
vt 0.728828 0.276682
vt 0.733819 0.277934
vt 0.669211 0.297733
vt 0.725020 0.292497
vt 0.724984 0.383928
vt 0.668995 0.388226
vt 0.079873 0.661519
vt 0.074986 0.657352
vt 0.236175 0.628340
vt 0.231258 0.634708
vt 0.184291 0.920303
vt 0.180399 0.915059
vt 0.028365 0.955553
vt 0.032698 0.948571
vt 0.134673 0.410844
vt 0.026435 0.956456
vt 0.231504 0.912863
vt 0.238761 0.627328
vt 0.469212 0.195732
vt 0.463488 0.200595
vt 0.469224 0.077886
vt 0.473902 0.083482
vt 0.569344 0.082431
vt 0.563322 0.086928
vt 0.564431 0.204225
vt 0.559417 0.198834
vt 0.413917 0.692451
vt 0.570721 0.204207
vt 0.570319 0.077802
vt 0.463033 0.077786
vt 0.563971 0.088027
vt 0.569333 0.082757
vt 0.565682 0.203497
vt 0.561428 0.197561
vt 0.464861 0.202462
vt 0.470399 0.197217
vt 0.468590 0.079035
vt 0.472877 0.085147
vt 0.413929 0.692442
vt 0.462435 0.078981
vt 0.461687 0.204216
vt 0.571592 0.203460
vt 0.468834 0.195152
vt 0.463691 0.200593
vt 0.468962 0.077864
vt 0.473547 0.083527
vt 0.568810 0.082669
vt 0.562922 0.087321
vt 0.564679 0.203521
vt 0.559436 0.198283
vt 0.413937 0.692436
vt 0.571003 0.203464
vt 0.570284 0.077874
vt 0.462819 0.077814
vt 0.559428 0.083766
vt 0.565272 0.079211
vt 0.564707 0.203263
vt 0.559393 0.198235
vt 0.466416 0.204764
vt 0.471912 0.199788
vt 0.468085 0.077236
vt 0.472821 0.082853
vt 0.413947 0.692428
vt 0.462429 0.077180
vt 0.462404 0.205663
vt 0.570875 0.203165
vt 0.635933 0.095430
vt 0.631215 0.089720
vt 0.758400 0.091137
vt 0.751969 0.094846
vt 0.757504 0.188248
vt 0.752016 0.182940
vt 0.635398 0.188741
vt 0.640480 0.183586
vt 0.412711 0.693338
vt 0.635762 0.196551
vt 0.759006 0.192636
vt 0.759256 0.086319
vt 0.559492 0.084148
vt 0.565329 0.079632
vt 0.565327 0.202892
vt 0.559884 0.197991
vt 0.466157 0.204413
vt 0.471728 0.199539
vt 0.467742 0.077790
vt 0.472627 0.083255
vt 0.413519 0.692741
vt 0.462154 0.077717
vt 0.461830 0.205126
vt 0.571449 0.202787
vt 0.468822 0.194999
vt 0.463648 0.200424
vt 0.469155 0.077934
vt 0.473765 0.083581
vt 0.569253 0.082842
vt 0.563348 0.087479
vt 0.564590 0.203743
vt 0.559393 0.198464
vt 0.413931 0.692441
vt 0.570920 0.203718
vt 0.570643 0.078019
vt 0.462971 0.077890
vt 0.471676 0.195684
vt 0.467764 0.202428
vt 0.470287 0.079228
vt 0.475160 0.084542
vt 0.569144 0.079970
vt 0.563023 0.084158
vt 0.564577 0.203965
vt 0.560979 0.197461
vt 0.413916 0.692451
vt 0.570903 0.203947
vt 0.572013 0.078323
vt 0.461266 0.078139
vt 0.640053 0.094943
vt 0.633652 0.090544
vt 0.758118 0.092641
vt 0.751749 0.096508
vt 0.756347 0.192872
vt 0.750623 0.187703
vt 0.632782 0.189704
vt 0.639329 0.186189
vt 0.413916 0.692451
vt 0.632594 0.195735
vt 0.758114 0.196023
vt 0.758126 0.086820
vt 0.750792 0.187366
vt 0.755372 0.193246
vt 0.632412 0.189957
vt 0.637645 0.184844
vt 0.634142 0.089614
vt 0.638616 0.095571
vt 0.756590 0.092850
vt 0.751352 0.097951
vt 0.413924 0.692446
vt 0.756583 0.086570
vt 0.632239 0.086560
vt 0.632422 0.196185
vt 0.561140 0.084183
vt 0.566811 0.079406
vt 0.565414 0.204292
vt 0.560477 0.198860
vt 0.466386 0.203109
vt 0.472339 0.198708
vt 0.468639 0.078620
vt 0.473512 0.084082
vt 0.413941 0.692433
vt 0.462675 0.078591
vt 0.462086 0.203998
vt 0.571193 0.204309
vt 0.470810 0.197364
vt 0.465008 0.202597
vt 0.468544 0.078848
vt 0.471489 0.085868
vt 0.567320 0.079760
vt 0.562200 0.085665
vt 0.565664 0.203554
vt 0.562248 0.196719
vt 0.413921 0.692448
vt 0.570830 0.204436
vt 0.570870 0.078186
vt 0.462425 0.078886
vt 0.752396 0.185873
vt 0.757547 0.191309
vt 0.630739 0.188892
vt 0.636484 0.184338
vt 0.632180 0.091784
vt 0.637172 0.097347
vt 0.758286 0.093904
vt 0.752543 0.098485
vt 0.828610 0.717499
vt 0.758257 0.087831
vt 0.630877 0.088093
vt 0.630718 0.194875
vt 0.560447 0.084020
vt 0.565880 0.078867
vt 0.563752 0.204974
vt 0.559332 0.199127
vt 0.467053 0.204884
vt 0.472065 0.199269
vt 0.469159 0.076863
vt 0.473823 0.082519
vt 0.413867 0.692487
vt 0.463354 0.076801
vt 0.463326 0.206042
vt 0.569954 0.204909
vt 0.750644 0.187597
vt 0.755243 0.193492
vt 0.632535 0.189911
vt 0.637829 0.184877
vt 0.634290 0.089352
vt 0.638775 0.095327
vt 0.756374 0.092788
vt 0.751085 0.097825
vt 0.413926 0.692444
vt 0.756368 0.086468
vt 0.632245 0.086453
vt 0.632518 0.196157
vt 0.470918 0.197541
vt 0.465174 0.202729
vt 0.468464 0.078865
vt 0.471616 0.085729
vt 0.567250 0.079668
vt 0.562167 0.085519
vt 0.565735 0.203542
vt 0.562145 0.196876
vt 0.829668 0.718934
vt 0.570868 0.204395
vt 0.570868 0.078191
vt 0.462425 0.078877
vt 0.750485 0.590404
vt 0.757210 0.596363
vt 0.631502 0.596790
vt 0.640122 0.593903
vt 0.631452 0.503784
vt 0.639181 0.508266
vt 0.758238 0.499908
vt 0.749760 0.503432
vt 0.413927 0.692443
vt 0.759603 0.492871
vt 0.629596 0.493822
vt 0.631636 0.605098
vt 0.752277 0.185672
vt 0.757770 0.192374
vt 0.630374 0.188586
vt 0.637089 0.183470
vt 0.632060 0.090592
vt 0.637358 0.097407
vt 0.759203 0.093580
vt 0.752496 0.098849
vt 0.413932 0.692440
vt 0.759212 0.086054
vt 0.630498 0.086250
vt 0.630248 0.196522
vt 0.556916 0.088755
vt 0.560764 0.080709
vt 0.563396 0.202878
vt 0.557169 0.197151
vt 0.461672 0.203726
vt 0.469006 0.199142
vt 0.466954 0.079409
vt 0.470547 0.087145
vt 0.829657 0.718919
vt 0.459821 0.079451
vt 0.456051 0.204224
vt 0.577228 0.204248
vt 0.561584 0.082947
vt 0.567936 0.077140
vt 0.562469 0.206676
vt 0.557071 0.200331
vt 0.467399 0.203904
vt 0.474123 0.198766
vt 0.468939 0.078374
vt 0.475287 0.083959
vt 0.829669 0.718936
vt 0.460702 0.078449
vt 0.462793 0.205393
vt 0.571923 0.206804
vt 0.560864 0.083840
vt 0.567467 0.078231
vt 0.564046 0.205895
vt 0.559006 0.199113
vt 0.466132 0.204092
vt 0.472918 0.198746
vt 0.468873 0.077032
vt 0.474091 0.083775
vt 0.829671 0.718939
vt 0.461270 0.077037
vt 0.461587 0.205533
vt 0.571936 0.205984
vt 0.561184 0.087234
vt 0.568151 0.082104
vt 0.564164 0.206081
vt 0.558124 0.200139
vt 0.464593 0.205800
vt 0.470783 0.199812
vt 0.471747 0.076497
vt 0.476280 0.083600
vt 0.829672 0.718940
vt 0.464062 0.076141
vt 0.459948 0.206702
vt 0.573331 0.206100
vt 0.731192 0.279467
vt 0.734898 0.280454
vt 0.734914 0.396664
vt 0.731196 0.395930
vt 0.658427 0.399863
vt 0.654582 0.399144
vt 0.658657 0.284855
vt 0.654825 0.283888
vt 0.722408 0.293517
vt 0.663781 0.296802
vt 0.663616 0.385356
vt 0.722389 0.382781
vt 0.732200 0.280295
vt 0.735444 0.281321
vt 0.735200 0.396380
vt 0.731944 0.395610
vt 0.657445 0.399035
vt 0.654051 0.398280
vt 0.657944 0.285199
vt 0.654562 0.284193
vt 0.723212 0.294151
vt 0.663610 0.297033
vt 0.663241 0.384692
vt 0.722993 0.382533
vt 0.731170 0.280475
vt 0.734873 0.281009
vt 0.734889 0.397827
vt 0.731174 0.397550
vt 0.658450 0.398855
vt 0.654606 0.398584
vt 0.658681 0.283260
vt 0.654850 0.282736
vt 0.722391 0.294320
vt 0.663800 0.295946
vt 0.663635 0.384955
vt 0.722372 0.384052
vt 0.732028 0.281236
vt 0.735272 0.281795
vt 0.735292 0.397466
vt 0.732038 0.397169
vt 0.657597 0.398095
vt 0.654203 0.397801
vt 0.657835 0.283666
vt 0.654452 0.283117
vt 0.723078 0.294904
vt 0.663523 0.296236
vt 0.663354 0.384355
vt 0.723062 0.383758
vt 0.564073 0.082434
vt 0.571505 0.077972
vt 0.563112 0.204148
vt 0.559629 0.196373
vt 0.468805 0.199451
vt 0.474361 0.192750
vt 0.468306 0.078228
vt 0.474708 0.083833
vt 0.829668 0.718935
vt 0.455925 0.078140
vt 0.462614 0.200869
vt 0.569287 0.204895
vt 0.750304 0.182522
vt 0.757732 0.187317
vt 0.630847 0.189863
vt 0.639279 0.186282
vt 0.633142 0.093057
vt 0.639396 0.099391
vt 0.758906 0.094341
vt 0.750286 0.097164
vt 0.829683 0.718956
vt 0.758838 0.086120
vt 0.630996 0.086846
vt 0.629458 0.196723
vt 0.475509 0.196987
vt 0.470683 0.204391
vt 0.468257 0.077516
vt 0.471835 0.085948
vt 0.565062 0.079901
vt 0.558706 0.086129
vt 0.563675 0.205655
vt 0.560853 0.197034
vt 0.829667 0.718933
vt 0.571903 0.205586
vt 0.571285 0.077767
vt 0.461391 0.076131
vt 0.560863 0.083870
vt 0.567471 0.078258
vt 0.563858 0.205935
vt 0.558912 0.199086
vt 0.466099 0.204012
vt 0.472910 0.198682
vt 0.469161 0.077044
vt 0.474281 0.083849
vt 0.829695 0.718972
vt 0.461288 0.077027
vt 0.461570 0.205486
vt 0.571977 0.205990
vt 0.175234 0.041036
vt 0.025607 0.042267
vt 0.028065 0.281324
vt 0.177693 0.280092
vt 0.040133 0.270424
vt 0.166246 0.270524
vt 0.037054 0.051836
vt 0.163167 0.051935
vt 0.307258 0.051715
vt 0.307287 0.262985
vt 0.186430 0.051732
vt 0.186459 0.263002
vt 0.759247 0.196789
vt 0.413933 0.912698
vt 0.574005 0.912697
vt 0.574003 0.692439
vt 0.759899 0.602091
vt 0.413937 0.912701
vt 0.574009 0.912694
vt 0.573999 0.692436
vt 0.569571 0.078174
vt 0.413917 0.912686
vt 0.573989 0.912708
vt 0.574019 0.692450
vt 0.460813 0.206677
vt 0.413934 0.912699
vt 0.574005 0.912696
vt 0.574002 0.692438
vt 0.460807 0.206718
vt 0.413924 0.912691
vt 0.573995 0.912704
vt 0.574012 0.692446
vt 0.630249 0.085847
vt 0.413928 0.912694
vt 0.573999 0.912701
vt 0.574009 0.692443
vt 0.460757 0.206684
vt 0.413939 0.912703
vt 0.574011 0.912693
vt 0.573997 0.692434
vt 0.460889 0.206666
vt 0.413935 0.912699
vt 0.574006 0.912696
vt 0.574001 0.692438
vt 0.460812 0.206706
vt 0.413964 0.912720
vt 0.574036 0.912674
vt 0.573972 0.692416
vt 0.462411 0.204652
vt 0.609410 0.718970
vt 0.609436 0.879041
vt 0.829693 0.879006
vt 0.757250 0.196390
vt 0.413938 0.912702
vt 0.574010 0.912693
vt 0.573998 0.692435
vt 0.569942 0.077816
vt 0.413997 0.912745
vt 0.574069 0.912650
vt 0.573939 0.692392
vt 0.758777 0.195012
vt 0.608371 0.720419
vt 0.610493 0.880476
vt 0.830732 0.877557
vt 0.462410 0.204657
vt 0.413944 0.912705
vt 0.574015 0.912689
vt 0.573993 0.692431
vt 0.571158 0.078534
vt 0.413924 0.912692
vt 0.573996 0.912704
vt 0.574012 0.692446
vt 0.757256 0.196284
vt 0.413941 0.912703
vt 0.574012 0.912691
vt 0.573995 0.692433
vt 0.631369 0.088299
vt 0.413949 0.912709
vt 0.574020 0.912685
vt 0.573987 0.692428
vt 0.462276 0.205029
vt 0.413927 0.912694
vt 0.573999 0.912701
vt 0.574009 0.692443
vt 0.571090 0.078627
vt 0.413936 0.912700
vt 0.574008 0.912694
vt 0.574000 0.692437
vt 0.026394 0.664747
vt 0.026603 0.411500
vt 0.027867 0.619726
vt 0.135936 0.619070
vt 0.464936 0.204704
vt 0.413948 0.912709
vt 0.574020 0.912686
vt 0.573988 0.692428
vt 0.462360 0.204953
vt 0.413934 0.912698
vt 0.574005 0.912696
vt 0.574003 0.692439
vt 0.569896 0.078756
vt 0.414347 0.912997
vt 0.574417 0.912396
vt 0.573589 0.692140
vt 0.630239 0.086292
vt 0.415163 0.913581
vt 0.575225 0.911799
vt 0.572773 0.691555
vt 0.462558 0.205057
vt 0.413948 0.912709
vt 0.574019 0.912686
vt 0.573988 0.692428
vt 0.760037 0.196647
vt 0.609426 0.718948
vt 0.609420 0.879019
vt 0.829677 0.879028
vt 0.577354 0.077948
vt 0.609410 0.718969
vt 0.609435 0.879040
vt 0.829693 0.879006
vt 0.572917 0.080435
vt 0.609414 0.718964
vt 0.609431 0.879035
vt 0.829689 0.879012
vt 0.572009 0.076859
vt 0.609413 0.718965
vt 0.609432 0.879037
vt 0.829690 0.879010
vt 0.571991 0.076853
vt 0.609437 0.718932
vt 0.609408 0.879003
vt 0.829666 0.879044
vt 0.461376 0.206712
vt 0.609409 0.718971
vt 0.609436 0.879043
vt 0.829694 0.879004
vt 0.572577 0.076039
vt 0.609411 0.718968
vt 0.609434 0.879040
vt 0.829692 0.879008
vt 0.566059 0.078595
vt 0.609399 0.718985
vt 0.609447 0.879057
vt 0.829705 0.878990
vn -1.000000 0.000000 0.000000
vn -1.000000 0.000000 0.000000
vn -1.000000 0.000000 0.000000
vn -1.000000 0.000000 0.000000
vn 0.000000 1.000000 0.000000
vn 0.000000 1.000000 0.000000
vn 0.000000 1.000000 0.000000
vn 0.000000 1.000000 0.000000
vn 1.000000 0.000000 0.000000
vn 1.000000 0.000000 0.000000
vn 1.000000 0.000000 0.000000
vn 1.000000 0.000000 0.000000
vn 0.000000 -1.000000 0.000000
vn 0.000000 -1.000000 0.000000
vn 0.000000 -1.000000 0.000000
vn 0.000000 -1.000000 0.000000
vn 0.000000 0.000000 1.000000
vn 0.000000 0.000000 1.000000
vn 0.000000 0.000000 1.000000
vn 0.000000 0.000000 1.000000
vn 0.000000 0.000000 -1.000000
vn 0.000000 0.000000 -1.000000
vn 0.000000 0.000000 -1.000000
vn 0.000000 0.000000 -1.000000
vn 0.000000 0.526243 0.850334
vn 0.000000 0.526243 0.850334
vn 0.000000 0.526243 0.850334
vn 0.000000 0.526243 0.850334
vn -0.648338 0.000000 0.761352
vn -0.648338 0.000000 0.761352
vn -0.648338 0.000000 0.761352
vn -0.648338 0.000000 0.761352
vn 0.000000 -0.526240 0.850336
vn 0.000000 -0.526240 0.850336
vn 0.000000 -0.526240 0.850336
vn 0.000000 -0.526240 0.850336
vn 0.648338 0.000000 0.761352
vn 0.648338 0.000000 0.761352
vn 0.648338 0.000000 0.761352
vn 0.648338 0.000000 0.761352
vn -1.000000 0.000000 0.000000
vn -1.000000 0.000000 0.000000
vn -1.000000 0.000000 0.000000
vn -1.000000 0.000000 0.000000
vn 0.000000 1.000000 0.000000
vn 0.000000 1.000000 0.000000
vn 0.000000 1.000000 0.000000
vn 0.000000 1.000000 0.000000
vn 1.000000 0.000000 0.000000
vn 1.000000 0.000000 0.000000
vn 1.000000 0.000000 0.000000
vn 1.000000 0.000000 0.000000
vn 0.000000 -1.000000 0.000000
vn 0.000000 -1.000000 0.000000
vn 0.000000 -1.000000 0.000000
vn 0.000000 -1.000000 0.000000
vn 0.000000 0.000000 1.000000
vn 0.000000 0.000000 1.000000
vn 0.000000 0.000000 1.000000
vn 0.000000 0.000000 1.000000
vn 0.000000 0.000000 -1.000000
vn 0.000000 0.000000 -1.000000
vn 0.000000 0.000000 -1.000000
vn 0.000000 0.000000 -1.000000
vn 0.000000 0.526243 0.850334
vn 0.000000 0.526243 0.850334
vn 0.000000 0.526243 0.850334
vn 0.000000 0.526243 0.850334
vn -0.648338 0.000000 0.761352
vn -0.648338 0.000000 0.761352
vn -0.648338 0.000000 0.761352
vn -0.648338 0.000000 0.761352
vn 0.000000 -0.526240 0.850336
vn 0.000000 -0.526240 0.850336
vn 0.000000 -0.526240 0.850336
vn 0.000000 -0.526240 0.850336
vn 0.648338 0.000000 0.761352
vn 0.648338 0.000000 0.761352
vn 0.648338 0.000000 0.761352
vn 0.648338 0.000000 0.761352
vn -1.000000 0.000000 0.000000
vn -1.000000 0.000000 0.000000
vn -1.000000 0.000000 0.000000
vn -1.000000 0.000000 0.000000
vn 0.000000 1.000000 0.000000
vn 0.000000 1.000000 0.000000
vn 0.000000 1.000000 0.000000
vn 0.000000 1.000000 0.000000
vn 1.000000 0.000000 0.000000
vn 1.000000 0.000000 0.000000
vn 1.000000 0.000000 0.000000
vn 1.000000 0.000000 0.000000
vn 0.000000 -1.000000 0.000000
vn 0.000000 -1.000000 0.000000
vn 0.000000 -1.000000 0.000000
vn 0.000000 -1.000000 0.000000
vn 0.000000 0.000000 1.000000
vn 0.000000 0.000000 1.000000
vn 0.000000 0.000000 1.000000
vn 0.000000 0.000000 1.000000
vn 0.000000 0.000000 -1.000000
vn 0.000000 0.000000 -1.000000
vn 0.000000 0.000000 -1.000000
vn 0.000000 0.000000 -1.000000
vn 0.000000 0.526239 0.850337
vn 0.000000 0.526239 0.850337
vn 0.000000 0.526239 0.850336
vn 0.000000 0.526239 0.850336
vn -0.648339 0.000000 0.761352
vn -0.648339 0.000000 0.761352
vn -0.648339 0.000000 0.761352
vn -0.648339 0.000000 0.761352
vn 0.000000 -0.526242 0.850335
vn 0.000000 -0.526242 0.850335
vn 0.000000 -0.526242 0.850335
vn 0.000000 -0.526242 0.850335
vn 0.648339 0.000000 0.761352
vn 0.648339 0.000000 0.761352
vn 0.648339 0.000000 0.761352
vn 0.648339 0.000000 0.761352
vn -1.000000 0.000000 0.000000
vn -1.000000 0.000000 0.000000
vn -1.000000 0.000000 0.000000
vn -1.000000 0.000000 0.000000
vn 0.000000 1.000000 0.000000
vn 0.000000 1.000000 0.000000
vn 0.000000 1.000000 0.000000
vn 0.000000 1.000000 0.000000
vn 1.000000 0.000000 0.000000
vn 1.000000 0.000000 0.000000
vn 1.000000 0.000000 0.000000
vn 1.000000 0.000000 0.000000
vn 0.000000 -1.000000 0.000000
vn 0.000000 -1.000000 0.000000
vn 0.000000 -1.000000 0.000000
vn 0.000000 -1.000000 0.000000
vn 0.000000 0.000000 1.000000
vn 0.000000 0.000000 1.000000
vn 0.000000 0.000000 1.000000
vn 0.000000 0.000000 1.000000
vn 0.000000 0.000000 -1.000000
vn 0.000000 0.000000 -1.000000
vn 0.000000 0.000000 -1.000000
vn 0.000000 0.000000 -1.000000
vn 0.000000 0.526239 0.850337
vn 0.000000 0.526239 0.850337
vn 0.000000 0.526239 0.850336
vn 0.000000 0.526239 0.850336
vn -0.648339 0.000000 0.761352
vn -0.648339 0.000000 0.761352
vn -0.648339 0.000000 0.761352
vn -0.648339 0.000000 0.761352
vn 0.000000 -0.526242 0.850335
vn 0.000000 -0.526242 0.850335
vn 0.000000 -0.526242 0.850335
vn 0.000000 -0.526242 0.850335
vn 0.648339 0.000000 0.761352
vn 0.648339 0.000000 0.761352
vn 0.648339 0.000000 0.761352
vn 0.648339 0.000000 0.761352
vn -1.000000 0.000000 0.000000
vn -1.000000 0.000000 0.000000
vn -1.000000 0.000000 0.000000
vn -1.000000 0.000000 0.000000
vn 0.000000 1.000000 0.000000
vn 0.000000 1.000000 0.000000
vn 0.000000 1.000000 0.000000
vn 0.000000 1.000000 0.000000
vn 1.000000 0.000000 0.000000
vn 1.000000 0.000000 0.000000
vn 1.000000 0.000000 0.000000
vn 1.000000 0.000000 0.000000
vn 0.000000 -1.000000 0.000000
vn 0.000000 -1.000000 0.000000
vn 0.000000 -1.000000 0.000000
vn 0.000000 -1.000000 0.000000
vn 0.000000 0.000000 1.000000
vn 0.000000 0.000000 1.000000
vn 0.000000 0.000000 1.000000
vn 0.000000 0.000000 1.000000
vn 0.000000 0.000000 -1.000000
vn 0.000000 0.000000 -1.000000
vn 0.000000 0.000000 -1.000000
vn 0.000000 0.000000 -1.000000
vn 0.000000 0.526242 0.850335
vn 0.000000 0.526242 0.850335
vn 0.000000 0.526242 0.850335
vn 0.000000 0.526242 0.850335
vn -0.648339 0.000000 0.761352
vn -0.648339 0.000000 0.761352
vn -0.648339 0.000000 0.761352
vn -0.648339 0.000000 0.761352
vn 0.000000 -0.526240 0.850336
vn 0.000000 -0.526240 0.850336
vn 0.000000 -0.526240 0.850336
vn 0.000000 -0.526240 0.850336
vn 0.648339 0.000000 0.761352
vn 0.648339 0.000000 0.761352
vn 0.648339 0.000000 0.761352
vn 0.648339 0.000000 0.761352
vn -1.000000 0.000000 0.000000
vn -1.000000 0.000000 0.000000
vn -1.000000 0.000000 0.000000
vn -1.000000 0.000000 0.000000
vn 0.000000 1.000000 0.000000
vn 0.000000 1.000000 0.000000
vn 0.000000 1.000000 0.000000
vn 0.000000 1.000000 0.000000
vn 1.000000 0.000000 0.000000
vn 1.000000 0.000000 0.000000
vn 1.000000 0.000000 0.000000
vn 1.000000 0.000000 0.000000
vn 0.000000 -1.000000 0.000000
vn 0.000000 -1.000000 0.000000
vn 0.000000 -1.000000 0.000000
vn 0.000000 -1.000000 0.000000
vn 0.000000 0.000000 1.000000
vn 0.000000 0.000000 1.000000
vn 0.000000 0.000000 1.000000
vn 0.000000 0.000000 1.000000
vn 0.000000 0.000000 -1.000000
vn 0.000000 0.000000 -1.000000
vn 0.000000 0.000000 -1.000000
vn 0.000000 0.000000 -1.000000
vn 0.000000 0.526242 0.850335
vn 0.000000 0.526242 0.850335
vn 0.000000 0.526242 0.850335
vn 0.000000 0.526242 0.850335
vn -0.648339 0.000000 0.761352
vn -0.648339 0.000000 0.761352
vn -0.648339 0.000000 0.761352
vn -0.648339 0.000000 0.761352
vn 0.000000 -0.526240 0.850336
vn 0.000000 -0.526240 0.850336
vn 0.000000 -0.526240 0.850336
vn 0.000000 -0.526240 0.850336
vn 0.648339 0.000000 0.761352
vn 0.648339 0.000000 0.761352
vn 0.648339 0.000000 0.761352
vn 0.648339 0.000000 0.761352
vn -1.000000 0.000000 0.000000
vn -1.000000 0.000000 0.000000
vn -1.000000 0.000000 0.000000
vn -1.000000 0.000000 0.000000
vn 0.000000 1.000000 0.000000
vn 0.000000 1.000000 0.000000
vn 0.000000 1.000000 0.000000
vn 0.000000 1.000000 0.000000
vn 1.000000 0.000000 0.000000
vn 1.000000 0.000000 0.000000
vn 1.000000 0.000000 0.000000
vn 1.000000 0.000000 0.000000
vn 0.000000 -1.000000 0.000000
vn 0.000000 -1.000000 0.000000
vn 0.000000 -1.000000 0.000000
vn 0.000000 -1.000000 0.000000
vn 0.000000 0.000000 1.000000
vn 0.000000 0.000000 1.000000
vn 0.000000 0.000000 1.000000
vn 0.000000 0.000000 1.000000
vn 0.000000 0.000000 -1.000000
vn 0.000000 0.000000 -1.000000
vn 0.000000 0.000000 -1.000000
vn 0.000000 0.000000 -1.000000
vn 0.000000 0.526242 0.850335
vn 0.000000 0.526242 0.850335
vn 0.000000 0.526242 0.850335
vn 0.000000 0.526242 0.850335
vn -0.648339 0.000000 0.761352
vn -0.648339 0.000000 0.761352
vn -0.648339 0.000000 0.761352
vn -0.648339 0.000000 0.761352
vn 0.000000 -0.526240 0.850336
vn 0.000000 -0.526240 0.850336
vn 0.000000 -0.526240 0.850336
vn 0.000000 -0.526240 0.850336
vn 0.648339 0.000000 0.761352
vn 0.648339 0.000000 0.761352
vn 0.648339 0.000000 0.761352
vn 0.648339 0.000000 0.761352
vn -1.000000 0.000000 0.000000
vn -1.000000 0.000000 0.000000
vn -1.000000 0.000000 0.000000
vn -1.000000 0.000000 0.000000
vn 0.000000 1.000000 0.000000
vn 0.000000 1.000000 0.000000
vn 0.000000 1.000000 0.000000
vn 0.000000 1.000000 0.000000
vn 1.000000 0.000000 0.000000
vn 1.000000 0.000000 0.000000
vn 1.000000 0.000000 0.000000
vn 1.000000 0.000000 0.000000
vn 0.000000 -1.000000 0.000000
vn 0.000000 -1.000000 0.000000
vn 0.000000 -1.000000 0.000000
vn 0.000000 -1.000000 0.000000
vn 0.000000 0.000000 1.000000
vn 0.000000 0.000000 1.000000
vn 0.000000 0.000000 1.000000
vn 0.000000 0.000000 1.000000
vn 0.000000 0.000000 -1.000000
vn 0.000000 0.000000 -1.000000
vn 0.000000 0.000000 -1.000000
vn 0.000000 0.000000 -1.000000
vn 0.000000 0.526242 0.850335
vn 0.000000 0.526242 0.850335
vn 0.000000 0.526242 0.850335
vn 0.000000 0.526242 0.850335
vn -0.648339 0.000000 0.761352
vn -0.648339 0.000000 0.761352
vn -0.648339 0.000000 0.761352
vn -0.648339 0.000000 0.761352
vn 0.000000 -0.526240 0.850336
vn 0.000000 -0.526240 0.850336
vn 0.000000 -0.526240 0.850336
vn 0.000000 -0.526240 0.850336
vn 0.648339 0.000000 0.761352
vn 0.648339 0.000000 0.761352
vn 0.648339 0.000000 0.761352
vn 0.648339 0.000000 0.761352
vn -1.000000 0.000000 0.000000
vn -1.000000 0.000000 0.000000
vn -1.000000 0.000000 0.000000
vn -1.000000 0.000000 0.000000
vn 0.000000 1.000000 0.000000
vn 0.000000 1.000000 0.000000
vn 0.000000 1.000000 0.000000
vn 0.000000 1.000000 0.000000
vn 1.000000 0.000000 0.000000
vn 1.000000 0.000000 0.000000
vn 1.000000 0.000000 0.000000
vn 1.000000 0.000000 0.000000
vn 0.000000 -1.000000 0.000000
vn 0.000000 -1.000000 0.000000
vn 0.000000 -1.000000 0.000000
vn 0.000000 -1.000000 0.000000
vn 0.000000 0.000000 1.000000
vn 0.000000 0.000000 1.000000
vn 0.000000 0.000000 1.000000
vn 0.000000 0.000000 1.000000
vn 0.000000 0.000000 -1.000000
vn 0.000000 0.000000 -1.000000
vn 0.000000 0.000000 -1.000000
vn 0.000000 0.000000 -1.000000
vn 0.000000 0.526239 0.850337
vn 0.000000 0.526239 0.850337
vn 0.000000 0.526239 0.850336
vn 0.000000 0.526239 0.850336
vn -0.648339 0.000000 0.761352
vn -0.648339 0.000000 0.761352
vn -0.648339 0.000000 0.761352
vn -0.648339 0.000000 0.761352
vn 0.000000 -0.526242 0.850335
vn 0.000000 -0.526242 0.850335
vn 0.000000 -0.526242 0.850335
vn 0.000000 -0.526242 0.850335
vn 0.648339 0.000000 0.761352
vn 0.648339 0.000000 0.761352
vn 0.648339 0.000000 0.761352
vn 0.648339 0.000000 0.761352
vn -1.000000 0.000000 0.000000
vn -1.000000 0.000000 0.000000
vn -1.000000 0.000000 0.000000
vn -1.000000 0.000000 0.000000
vn 0.000000 1.000000 0.000000
vn 0.000000 1.000000 0.000000
vn 0.000000 1.000000 0.000000
vn 0.000000 1.000000 0.000000
vn 1.000000 0.000000 0.000000
vn 1.000000 0.000000 0.000000
vn 1.000000 0.000000 0.000000
vn 1.000000 0.000000 0.000000
vn 0.000000 -1.000000 0.000000
vn 0.000000 -1.000000 0.000000
vn 0.000000 -1.000000 0.000000
vn 0.000000 -1.000000 0.000000
vn 0.000000 0.000000 1.000000
vn 0.000000 0.000000 1.000000
vn 0.000000 0.000000 1.000000
vn 0.000000 0.000000 1.000000
vn 0.000000 0.000000 -1.000000
vn 0.000000 0.000000 -1.000000
vn 0.000000 0.000000 -1.000000
vn 0.000000 0.000000 -1.000000
vn 0.000000 0.526239 0.850337
vn 0.000000 0.526239 0.850337
vn 0.000000 0.526239 0.850336
vn 0.000000 0.526239 0.850336
vn -0.648339 0.000000 0.761352
vn -0.648339 0.000000 0.761352
vn -0.648339 0.000000 0.761352
vn -0.648339 0.000000 0.761352
vn 0.000000 -0.526242 0.850335
vn 0.000000 -0.526242 0.850335
vn 0.000000 -0.526242 0.850335
vn 0.000000 -0.526242 0.850335
vn 0.648339 0.000000 0.761352
vn 0.648339 0.000000 0.761352
vn 0.648339 0.000000 0.761352
vn 0.648339 0.000000 0.761352
vn 0.000000 0.000000 1.000000
vn 0.000000 0.000000 1.000000
vn 0.000000 0.000000 1.000000
vn 0.000000 0.000000 1.000000
vn 0.000000 1.000000 0.000000
vn 0.000000 1.000000 0.000000
vn 0.000000 1.000000 0.000000
vn 0.000000 1.000000 0.000000
vn 0.000000 0.000000 -1.000000
vn 0.000000 0.000000 -1.000000
vn 0.000000 0.000000 -1.000000
vn 0.000000 0.000000 -1.000000
vn 0.000000 -1.000000 0.000000
vn 0.000000 -1.000000 0.000000
vn 0.000000 -1.000000 0.000000
vn 0.000000 -1.000000 0.000000
vn 1.000000 0.000000 0.000000
vn 1.000000 0.000000 0.000000
vn 1.000000 0.000000 0.000000
vn 1.000000 0.000000 0.000000
vn -1.000000 0.000000 0.000000
vn -1.000000 0.000000 0.000000
vn -1.000000 0.000000 0.000000
vn -1.000000 0.000000 0.000000
vn 0.932997 0.359884 0.000000
vn 0.932997 0.359884 0.000000
vn 0.932997 0.359884 0.000000
vn 0.932997 0.359884 0.000000
vn 0.980544 0.000000 0.196298
vn 0.980544 0.000000 0.196298
vn 0.980544 0.000000 0.196298
vn 0.980544 0.000000 0.196298
vn 0.932997 -0.359884 0.000000
vn 0.932997 -0.359884 0.000000
vn 0.932997 -0.359884 0.000000
vn 0.932997 -0.359884 0.000000
vn 0.980544 0.000000 -0.196298
vn 0.980544 0.000000 -0.196298
vn 0.980544 0.000000 -0.196298
vn 0.980544 0.000000 -0.196298
vn 0.000000 0.000000 1.000000
vn 0.000000 0.000000 1.000000
vn 0.000000 0.000000 1.000000
vn 0.000000 0.000000 1.000000
vn 0.000000 1.000000 0.000000
vn 0.000000 1.000000 0.000000
vn 0.000000 1.000000 0.000000
vn 0.000000 1.000000 0.000000
vn 0.000000 0.000000 -1.000000
vn 0.000000 0.000000 -1.000000
vn 0.000000 0.000000 -1.000000
vn 0.000000 0.000000 -1.000000
vn 0.000000 -1.000000 0.000000
vn 0.000000 -1.000000 0.000000
vn 0.000000 -1.000000 0.000000
vn 0.000000 -1.000000 0.000000
vn 1.000000 0.000000 0.000000
vn 1.000000 0.000000 0.000000
vn 1.000000 0.000000 0.000000
vn 1.000000 0.000000 0.000000
vn -1.000000 0.000000 0.000000
vn -1.000000 0.000000 0.000000
vn -1.000000 0.000000 0.000000
vn -1.000000 0.000000 0.000000
vn 0.883300 0.468808 0.000000
vn 0.883300 0.468808 0.000000
vn 0.883300 0.468808 0.000000
vn 0.883300 0.468808 0.000000
vn 0.807569 0.000000 0.589773
vn 0.807569 0.000000 0.589773
vn 0.807570 0.000000 0.589773
vn 0.807570 0.000000 0.589773
vn 0.883300 -0.468808 0.000000
vn 0.883300 -0.468808 0.000000
vn 0.883300 -0.468808 0.000000
vn 0.883300 -0.468808 0.000000
vn 0.807570 0.000000 -0.589772
vn 0.807570 0.000000 -0.589772
vn 0.807570 0.000000 -0.589772
vn 0.807570 0.000000 -0.589772
vn 0.000000 0.000000 1.000000
vn 0.000000 0.000000 1.000000
vn 0.000000 0.000000 1.000000
vn 0.000000 0.000000 1.000000
vn 0.000000 1.000000 0.000000
vn 0.000000 1.000000 0.000000
vn 0.000000 1.000000 0.000000
vn 0.000000 1.000000 0.000000
vn 0.000000 0.000000 -1.000000
vn 0.000000 0.000000 -1.000000
vn 0.000000 0.000000 -1.000000
vn 0.000000 0.000000 -1.000000
vn 0.000000 -1.000000 0.000000
vn 0.000000 -1.000000 0.000000
vn 0.000000 -1.000000 0.000000
vn 0.000000 -1.000000 0.000000
vn 1.000000 0.000000 0.000000
vn 1.000000 0.000000 0.000000
vn 1.000000 0.000000 0.000000
vn 1.000000 0.000000 0.000000
vn -1.000000 0.000000 0.000000
vn -1.000000 0.000000 0.000000
vn -1.000000 0.000000 0.000000
vn -1.000000 0.000000 0.000000
vn 0.883300 0.468809 0.000000
vn 0.883300 0.468809 0.000000
vn 0.883300 0.468809 0.000000
vn 0.883300 0.468809 0.000000
vn 0.807570 0.000000 0.589772
vn 0.807570 0.000000 0.589772
vn 0.807570 0.000000 0.589772
vn 0.807570 0.000000 0.589772
vn 0.883300 -0.468808 0.000000
vn 0.883300 -0.468808 0.000000
vn 0.883300 -0.468808 0.000000
vn 0.883300 -0.468808 0.000000
vn 0.807570 0.000000 -0.589772
vn 0.807570 0.000000 -0.589772
vn 0.807570 0.000000 -0.589772
vn 0.807570 0.000000 -0.589772
vn 0.000000 0.000000 1.000000
vn 0.000000 0.000000 1.000000
vn 0.000000 0.000000 1.000000
vn 0.000000 0.000000 1.000000
vn 0.000000 1.000000 0.000000
vn 0.000000 1.000000 0.000000
vn 0.000000 1.000000 0.000000
vn 0.000000 1.000000 0.000000
vn 0.000000 0.000000 -1.000000
vn 0.000000 0.000000 -1.000000
vn 0.000000 0.000000 -1.000000
vn 0.000000 0.000000 -1.000000
vn 0.000000 -1.000000 0.000000
vn 0.000000 -1.000000 0.000000
vn 0.000000 -1.000000 0.000000
vn 0.000000 -1.000000 0.000000
vn 1.000000 0.000000 0.000000
vn 1.000000 0.000000 0.000000
vn 1.000000 0.000000 0.000000
vn 1.000000 0.000000 0.000000
vn -1.000000 0.000000 0.000000
vn -1.000000 0.000000 0.000000
vn -1.000000 0.000000 0.000000
vn -1.000000 0.000000 0.000000
vn 0.883300 0.468808 0.000000
vn 0.883300 0.468808 0.000000
vn 0.883300 0.468808 0.000000
vn 0.883300 0.468808 0.000000
vn 0.807570 0.000000 0.589772
vn 0.807570 0.000000 0.589772
vn 0.807570 0.000000 0.589772
vn 0.807570 0.000000 0.589772
vn 0.883300 -0.468808 0.000000
vn 0.883300 -0.468808 0.000000
vn 0.883300 -0.468808 0.000000
vn 0.883300 -0.468808 0.000000
vn 0.807570 0.000000 -0.589772
vn 0.807570 0.000000 -0.589772
vn 0.807570 0.000000 -0.589772
vn 0.807570 0.000000 -0.589772
vn 0.000000 0.000000 1.000000
vn 0.000000 0.000000 1.000000
vn 0.000000 0.000000 1.000000
vn 0.000000 0.000000 1.000000
vn 0.000000 1.000000 0.000000
vn 0.000000 1.000000 0.000000
vn 0.000000 1.000000 0.000000
vn 0.000000 1.000000 0.000000
vn 0.000000 0.000000 -1.000000
vn 0.000000 0.000000 -1.000000
vn 0.000000 0.000000 -1.000000
vn 0.000000 0.000000 -1.000000
vn 0.000000 -1.000000 0.000000
vn 0.000000 -1.000000 0.000000
vn 0.000000 -1.000000 0.000000
vn 0.000000 -1.000000 0.000000
vn 1.000000 0.000000 0.000000
vn 1.000000 0.000000 0.000000
vn 1.000000 0.000000 0.000000
vn 1.000000 0.000000 0.000000
vn -1.000000 0.000000 0.000000
vn -1.000000 0.000000 0.000000
vn -1.000000 0.000000 0.000000
vn -1.000000 0.000000 0.000000
vn 0.883300 0.468808 0.000000
vn 0.883300 0.468808 0.000000
vn 0.883300 0.468808 0.000000
vn 0.883300 0.468808 0.000000
vn 0.807571 0.000000 0.589771
vn 0.807571 0.000000 0.589771
vn 0.807571 0.000000 0.589771
vn 0.807571 0.000000 0.589771
vn 0.883300 -0.468808 0.000000
vn 0.883300 -0.468808 0.000000
vn 0.883300 -0.468808 0.000000
vn 0.883300 -0.468808 0.000000
vn 0.807570 0.000000 -0.589771
vn 0.807570 0.000000 -0.589771
vn 0.807570 0.000000 -0.589771
vn 0.807570 0.000000 -0.589771
vn 0.000000 0.000000 1.000000
vn 0.000000 0.000000 1.000000
vn 0.000000 0.000000 1.000000
vn 0.000000 0.000000 1.000000
vn 0.000000 1.000000 0.000000
vn 0.000000 1.000000 0.000000
vn 0.000000 1.000000 0.000000
vn 0.000000 1.000000 0.000000
vn 0.000000 0.000000 -1.000000
vn 0.000000 0.000000 -1.000000
vn 0.000000 0.000000 -1.000000
vn 0.000000 0.000000 -1.000000
vn 0.000000 -1.000000 0.000000
vn 0.000000 -1.000000 0.000000
vn 0.000000 -1.000000 0.000000
vn 0.000000 -1.000000 0.000000
vn 1.000000 0.000000 0.000000
vn 1.000000 0.000000 0.000000
vn 1.000000 0.000000 0.000000
vn 1.000000 0.000000 0.000000
vn -1.000000 0.000000 0.000000
vn -1.000000 0.000000 0.000000
vn -1.000000 0.000000 0.000000
vn -1.000000 0.000000 0.000000
vn 0.883301 0.468806 0.000000
vn 0.883301 0.468806 0.000000
vn 0.883301 0.468806 0.000000
vn 0.883301 0.468806 0.000000
vn 0.807570 0.000000 0.589772
vn 0.807570 0.000000 0.589772
vn 0.807570 0.000000 0.589772
vn 0.807570 0.000000 0.589772
vn 0.883301 -0.468806 0.000000
vn 0.883301 -0.468806 0.000000
vn 0.883301 -0.468806 0.000000
vn 0.883301 -0.468806 0.000000
vn 0.807570 0.000000 -0.589772
vn 0.807570 0.000000 -0.589772
vn 0.807570 0.000000 -0.589772
vn 0.807570 0.000000 -0.589772
vn 0.000000 0.000000 1.000000
vn 0.000000 0.000000 1.000000
vn 0.000000 0.000000 1.000000
vn 0.000000 0.000000 1.000000
vn 0.000000 1.000000 0.000000
vn 0.000000 1.000000 0.000000
vn 0.000000 1.000000 0.000000
vn 0.000000 1.000000 0.000000
vn 0.000000 0.000000 -1.000000
vn 0.000000 0.000000 -1.000000
vn 0.000000 0.000000 -1.000000
vn 0.000000 0.000000 -1.000000
vn 0.000000 -1.000000 0.000000
vn 0.000000 -1.000000 0.000000
vn 0.000000 -1.000000 0.000000
vn 0.000000 -1.000000 0.000000
vn 1.000000 0.000000 0.000000
vn 1.000000 0.000000 0.000000
vn 1.000000 0.000000 0.000000
vn 1.000000 0.000000 0.000000
vn -1.000000 0.000000 0.000000
vn -1.000000 0.000000 0.000000
vn -1.000000 0.000000 0.000000
vn -1.000000 0.000000 0.000000
vn 0.883301 0.468806 0.000000
vn 0.883301 0.468806 0.000000
vn 0.883301 0.468806 0.000000
vn 0.883301 0.468806 0.000000
vn 0.807570 0.000000 0.589771
vn 0.807570 0.000000 0.589771
vn 0.807570 0.000000 0.589771
vn 0.807570 0.000000 0.589771
vn 0.883301 -0.468806 0.000000
vn 0.883301 -0.468806 0.000000
vn 0.883301 -0.468806 0.000000
vn 0.883301 -0.468806 0.000000
vn 0.807570 0.000000 -0.589772
vn 0.807570 0.000000 -0.589772
vn 0.807570 0.000000 -0.589772
vn 0.807570 0.000000 -0.589772
vn 0.000000 0.000000 1.000000
vn 0.000000 0.000000 1.000000
vn 0.000000 0.000000 1.000000
vn 0.000000 0.000000 1.000000
vn 0.000000 1.000000 0.000000
vn 0.000000 1.000000 0.000000
vn 0.000000 1.000000 0.000000
vn 0.000000 1.000000 0.000000
vn 0.000000 0.000000 -1.000000
vn 0.000000 0.000000 -1.000000
vn 0.000000 0.000000 -1.000000
vn 0.000000 0.000000 -1.000000
vn 0.000000 -1.000000 0.000000
vn 0.000000 -1.000000 0.000000
vn 0.000000 -1.000000 0.000000
vn 0.000000 -1.000000 0.000000
vn 1.000000 0.000000 0.000000
vn 1.000000 0.000000 0.000000
vn 1.000000 0.000000 0.000000
vn 1.000000 0.000000 0.000000
vn -1.000000 0.000000 0.000000
vn -1.000000 0.000000 0.000000
vn -1.000000 0.000000 0.000000
vn -1.000000 0.000000 0.000000
vn 0.883301 0.468806 0.000000
vn 0.883301 0.468806 0.000000
vn 0.883301 0.468806 0.000000
vn 0.883301 0.468806 0.000000
vn 0.807570 0.000000 0.589772
vn 0.807570 0.000000 0.589772
vn 0.807570 0.000000 0.589772
vn 0.807570 0.000000 0.589772
vn 0.883301 -0.468806 0.000000
vn 0.883301 -0.468806 0.000000
vn 0.883301 -0.468806 0.000000
vn 0.883301 -0.468806 0.000000
vn 0.807570 0.000000 -0.589771
vn 0.807570 0.000000 -0.589771
vn 0.807570 0.000000 -0.589771
vn 0.807570 0.000000 -0.589771
vn 0.000000 0.000000 1.000000
vn 0.000000 0.000000 1.000000
vn 0.000000 0.000000 1.000000
vn 0.000000 0.000000 1.000000
vn 0.000000 1.000000 0.000000
vn 0.000000 1.000000 0.000000
vn 0.000000 1.000000 0.000000
vn 0.000000 1.000000 0.000000
vn 0.000000 0.000000 -1.000000
vn 0.000000 0.000000 -1.000000
vn 0.000000 0.000000 -1.000000
vn 0.000000 0.000000 -1.000000
vn 0.000000 -1.000000 0.000000
vn 0.000000 -1.000000 0.000000
vn 0.000000 -1.000000 0.000000
vn 0.000000 -1.000000 0.000000
vn 1.000000 0.000000 0.000000
vn 1.000000 0.000000 0.000000
vn 1.000000 0.000000 0.000000
vn 1.000000 0.000000 0.000000
vn -1.000000 0.000000 0.000000
vn -1.000000 0.000000 0.000000
vn -1.000000 0.000000 0.000000
vn -1.000000 0.000000 0.000000
vn 0.883301 0.468806 0.000000
vn 0.883301 0.468806 0.000000
vn 0.883301 0.468806 0.000000
vn 0.883301 0.468806 0.000000
vn 0.807571 0.000000 0.589771
vn 0.807571 0.000000 0.589771
vn 0.807571 0.000000 0.589771
vn 0.807571 0.000000 0.589771
vn 0.883301 -0.468806 0.000000
vn 0.883301 -0.468806 0.000000
vn 0.883301 -0.468806 0.000000
vn 0.883301 -0.468806 0.000000
vn 0.807569 0.000000 -0.589773
vn 0.807569 0.000000 -0.589773
vn 0.807569 0.000000 -0.589773
vn 0.807569 0.000000 -0.589773
vn 0.000000 0.000000 1.000000
vn 0.000000 0.000000 1.000000
vn 0.000000 0.000000 1.000000
vn 0.000000 0.000000 1.000000
vn 0.000000 1.000000 0.000000
vn 0.000000 1.000000 0.000000
vn 0.000000 1.000000 0.000000
vn 0.000000 1.000000 0.000000
vn 0.000000 0.000000 -1.000000
vn 0.000000 0.000000 -1.000000
vn 0.000000 0.000000 -1.000000
vn 0.000000 0.000000 -1.000000
vn 0.000000 -1.000000 0.000000
vn 0.000000 -1.000000 0.000000
vn 0.000000 -1.000000 0.000000
vn 0.000000 -1.000000 0.000000
vn 1.000000 0.000000 0.000000
vn 1.000000 0.000000 0.000000
vn 1.000000 0.000000 0.000000
vn 1.000000 0.000000 0.000000
vn -1.000000 0.000000 0.000000
vn -1.000000 0.000000 0.000000
vn -1.000000 0.000000 0.000000
vn -1.000000 0.000000 0.000000
vn 0.883300 0.468808 0.000000
vn 0.883300 0.468808 0.000000
vn 0.883300 0.468808 0.000000
vn 0.883300 0.468808 0.000000
vn 0.807569 0.000000 0.589773
vn 0.807569 0.000000 0.589773
vn 0.807570 0.000000 0.589773
vn 0.807570 0.000000 0.589773
vn 0.883300 -0.468808 0.000000
vn 0.883300 -0.468808 0.000000
vn 0.883300 -0.468808 0.000000
vn 0.883300 -0.468808 0.000000
vn 0.807570 0.000000 -0.589772
vn 0.807570 0.000000 -0.589772
vn 0.807570 0.000000 -0.589772
vn 0.807570 0.000000 -0.589772
vn 0.000000 0.000000 1.000000
vn 0.000000 0.000000 1.000000
vn 0.000000 0.000000 1.000000
vn 0.000000 0.000000 1.000000
vn 0.000000 1.000000 0.000000
vn 0.000000 1.000000 0.000000
vn 0.000000 1.000000 0.000000
vn 0.000000 1.000000 0.000000
vn 0.000000 0.000000 -1.000000
vn 0.000000 0.000000 -1.000000
vn 0.000000 0.000000 -1.000000
vn 0.000000 0.000000 -1.000000
vn 0.000000 -1.000000 0.000000
vn 0.000000 -1.000000 0.000000
vn 0.000000 -1.000000 0.000000
vn 0.000000 -1.000000 0.000000
vn 1.000000 0.000000 0.000000
vn 1.000000 0.000000 0.000000
vn 1.000000 0.000000 0.000000
vn 1.000000 0.000000 0.000000
vn -1.000000 0.000000 0.000000
vn -1.000000 0.000000 0.000000
vn -1.000000 0.000000 0.000000
vn -1.000000 0.000000 0.000000
vn 0.883300 0.468809 0.000000
vn 0.883300 0.468809 0.000000
vn 0.883300 0.468809 0.000000
vn 0.883300 0.468809 0.000000
vn 0.807570 0.000000 0.589772
vn 0.807570 0.000000 0.589772
vn 0.807570 0.000000 0.589772
vn 0.807570 0.000000 0.589772
vn 0.883300 -0.468808 0.000000
vn 0.883300 -0.468808 0.000000
vn 0.883300 -0.468808 0.000000
vn 0.883300 -0.468808 0.000000
vn 0.807570 0.000000 -0.589772
vn 0.807570 0.000000 -0.589772
vn 0.807570 0.000000 -0.589772
vn 0.807570 0.000000 -0.589772
vn 0.000000 0.000000 1.000000
vn 0.000000 0.000000 1.000000
vn 0.000000 0.000000 1.000000
vn 0.000000 0.000000 1.000000
vn 0.000000 1.000000 0.000000
vn 0.000000 1.000000 0.000000
vn 0.000000 1.000000 0.000000
vn 0.000000 1.000000 0.000000
vn 0.000000 0.000000 -1.000000
vn 0.000000 0.000000 -1.000000
vn 0.000000 0.000000 -1.000000
vn 0.000000 0.000000 -1.000000
vn 0.000000 -1.000000 0.000000
vn 0.000000 -1.000000 0.000000
vn 0.000000 -1.000000 0.000000
vn 0.000000 -1.000000 0.000000
vn 1.000000 0.000000 0.000000
vn 1.000000 0.000000 0.000000
vn 1.000000 0.000000 0.000000
vn 1.000000 0.000000 0.000000
vn -1.000000 0.000000 0.000000
vn -1.000000 0.000000 0.000000
vn -1.000000 0.000000 0.000000
vn -1.000000 0.000000 0.000000
vn 0.883300 0.468808 0.000000
vn 0.883300 0.468808 0.000000
vn 0.883300 0.468808 0.000000
vn 0.883300 0.468808 0.000000
vn 0.807570 0.000000 0.589772
vn 0.807570 0.000000 0.589772
vn 0.807570 0.000000 0.589772
vn 0.807570 0.000000 0.589772
vn 0.883300 -0.468808 0.000000
vn 0.883300 -0.468808 0.000000
vn 0.883300 -0.468808 0.000000
vn 0.883300 -0.468808 0.000000
vn 0.807570 0.000000 -0.589772
vn 0.807570 0.000000 -0.589772
vn 0.807570 0.000000 -0.589772
vn 0.807570 0.000000 -0.589772
vn 0.000000 0.000000 1.000000
vn 0.000000 0.000000 1.000000
vn 0.000000 0.000000 1.000000
vn 0.000000 0.000000 1.000000
vn 0.000000 1.000000 0.000000
vn 0.000000 1.000000 0.000000
vn 0.000000 1.000000 0.000000
vn 0.000000 1.000000 0.000000
vn 0.000000 0.000000 -1.000000
vn 0.000000 0.000000 -1.000000
vn 0.000000 0.000000 -1.000000
vn 0.000000 0.000000 -1.000000
vn 0.000000 -1.000000 0.000000
vn 0.000000 -1.000000 0.000000
vn 0.000000 -1.000000 0.000000
vn 0.000000 -1.000000 0.000000
vn 1.000000 0.000000 0.000000
vn 1.000000 0.000000 0.000000
vn 1.000000 0.000000 0.000000
vn 1.000000 0.000000 0.000000
vn -1.000000 0.000000 0.000000
vn -1.000000 0.000000 0.000000
vn -1.000000 0.000000 0.000000
vn -1.000000 0.000000 0.000000
vn 0.883300 0.468808 0.000000
vn 0.883300 0.468808 0.000000
vn 0.883300 0.468808 0.000000
vn 0.883300 0.468808 0.000000
vn 0.807571 0.000000 0.589771
vn 0.807571 0.000000 0.589771
vn 0.807571 0.000000 0.589771
vn 0.807571 0.000000 0.589771
vn 0.883300 -0.468808 0.000000
vn 0.883300 -0.468808 0.000000
vn 0.883300 -0.468808 0.000000
vn 0.883300 -0.468808 0.000000
vn 0.807570 0.000000 -0.589771
vn 0.807570 0.000000 -0.589771
vn 0.807570 0.000000 -0.589771
vn 0.807570 0.000000 -0.589771
vn 0.000000 0.000000 1.000000
vn 0.000000 0.000000 1.000000
vn 0.000000 0.000000 1.000000
vn 0.000000 0.000000 1.000000
vn 0.000000 1.000000 0.000000
vn 0.000000 1.000000 0.000000
vn 0.000000 1.000000 0.000000
vn 0.000000 1.000000 0.000000
vn 0.000000 0.000000 -1.000000
vn 0.000000 0.000000 -1.000000
vn 0.000000 0.000000 -1.000000
vn 0.000000 0.000000 -1.000000
vn 0.000000 -1.000000 0.000000
vn 0.000000 -1.000000 0.000000
vn 0.000000 -1.000000 0.000000
vn 0.000000 -1.000000 0.000000
vn 1.000000 0.000000 0.000000
vn 1.000000 0.000000 0.000000
vn 1.000000 0.000000 0.000000
vn 1.000000 0.000000 0.000000
vn -1.000000 0.000000 0.000000
vn -1.000000 0.000000 0.000000
vn -1.000000 0.000000 0.000000
vn -1.000000 0.000000 0.000000
vn 0.883300 0.468809 0.000000
vn 0.883300 0.468809 0.000000
vn 0.883300 0.468809 0.000000
vn 0.883300 0.468809 0.000000
vn 0.807570 0.000000 0.589772
vn 0.807570 0.000000 0.589772
vn 0.807570 0.000000 0.589772
vn 0.807570 0.000000 0.589772
vn 0.883300 -0.468809 0.000000
vn 0.883300 -0.468809 0.000000
vn 0.883300 -0.468809 0.000000
vn 0.883300 -0.468809 0.000000
vn 0.807570 0.000000 -0.589771
vn 0.807570 0.000000 -0.589771
vn 0.807570 0.000000 -0.589771
vn 0.807570 0.000000 -0.589771
vn 0.000000 0.000000 1.000000
vn 0.000000 0.000000 1.000000
vn 0.000000 0.000000 1.000000
vn 0.000000 0.000000 1.000000
vn 0.000000 1.000000 0.000000
vn 0.000000 1.000000 0.000000
vn 0.000000 1.000000 0.000000
vn 0.000000 1.000000 0.000000
vn 0.000000 0.000000 -1.000000
vn 0.000000 0.000000 -1.000000
vn 0.000000 0.000000 -1.000000
vn 0.000000 0.000000 -1.000000
vn 0.000000 -1.000000 0.000000
vn 0.000000 -1.000000 0.000000
vn 0.000000 -1.000000 0.000000
vn 0.000000 -1.000000 0.000000
vn 1.000000 0.000000 0.000000
vn 1.000000 0.000000 0.000000
vn 1.000000 0.000000 0.000000
vn 1.000000 0.000000 0.000000
vn -1.000000 0.000000 0.000000
vn -1.000000 0.000000 0.000000
vn -1.000000 0.000000 0.000000
vn -1.000000 0.000000 0.000000
vn 0.883300 0.468809 0.000000
vn 0.883300 0.468809 0.000000
vn 0.883300 0.468809 0.000000
vn 0.883300 0.468809 0.000000
vn 0.807570 0.000000 0.589772
vn 0.807570 0.000000 0.589772
vn 0.807570 0.000000 0.589772
vn 0.807570 0.000000 0.589772
vn 0.883300 -0.468809 0.000000
vn 0.883300 -0.468809 0.000000
vn 0.883300 -0.468809 0.000000
vn 0.883300 -0.468809 0.000000
vn 0.807570 0.000000 -0.589772
vn 0.807570 0.000000 -0.589772
vn 0.807570 0.000000 -0.589772
vn 0.807570 0.000000 -0.589772
vn 0.000000 0.000000 1.000000
vn 0.000000 0.000000 1.000000
vn 0.000000 0.000000 1.000000
vn 0.000000 0.000000 1.000000
vn 0.000000 1.000000 0.000000
vn 0.000000 1.000000 0.000000
vn 0.000000 1.000000 0.000000
vn 0.000000 1.000000 0.000000
vn 0.000000 0.000000 -1.000000
vn 0.000000 0.000000 -1.000000
vn 0.000000 0.000000 -1.000000
vn 0.000000 0.000000 -1.000000
vn 0.000000 -1.000000 0.000000
vn 0.000000 -1.000000 0.000000
vn 0.000000 -1.000000 0.000000
vn 0.000000 -1.000000 0.000000
vn 1.000000 0.000000 0.000000
vn 1.000000 0.000000 0.000000
vn 1.000000 0.000000 0.000000
vn 1.000000 0.000000 0.000000
vn -1.000000 0.000000 0.000000
vn -1.000000 0.000000 0.000000
vn -1.000000 0.000000 0.000000
vn -1.000000 0.000000 0.000000
vn 0.883299 0.468810 0.000000
vn 0.883299 0.468810 0.000000
vn 0.883299 0.468810 0.000000
vn 0.883299 0.468810 0.000000
vn 0.807570 0.000000 0.589772
vn 0.807570 0.000000 0.589772
vn 0.807570 0.000000 0.589772
vn 0.807570 0.000000 0.589772
vn 0.883299 -0.468809 0.000000
vn 0.883299 -0.468809 0.000000
vn 0.883300 -0.468809 0.000000
vn 0.883300 -0.468809 0.000000
vn 0.807570 0.000000 -0.589772
vn 0.807570 0.000000 -0.589772
vn 0.807570 0.000000 -0.589772
vn 0.807570 0.000000 -0.589772
vn 0.000000 0.000000 1.000000
vn 0.000000 0.000000 1.000000
vn 0.000000 0.000000 1.000000
vn 0.000000 0.000000 1.000000
vn 0.000000 1.000000 0.000000
vn 0.000000 1.000000 0.000000
vn 0.000000 1.000000 0.000000
vn 0.000000 1.000000 0.000000
vn 0.000000 0.000000 -1.000000
vn 0.000000 0.000000 -1.000000
vn 0.000000 0.000000 -1.000000
vn 0.000000 0.000000 -1.000000
vn 0.000000 -1.000000 0.000000
vn 0.000000 -1.000000 0.000000
vn 0.000000 -1.000000 0.000000
vn 0.000000 -1.000000 0.000000
vn 1.000000 0.000000 0.000000
vn 1.000000 0.000000 0.000000
vn 1.000000 0.000000 0.000000
vn 1.000000 0.000000 0.000000
vn -1.000000 0.000000 0.000000
vn -1.000000 0.000000 0.000000
vn -1.000000 0.000000 0.000000
vn -1.000000 0.000000 0.000000
vn 0.883300 0.468809 0.000000
vn 0.883300 0.468809 0.000000
vn 0.883300 0.468809 0.000000
vn 0.883300 0.468809 0.000000
vn 0.807570 0.000000 0.589772
vn 0.807570 0.000000 0.589772
vn 0.807570 0.000000 0.589772
vn 0.807570 0.000000 0.589772
vn 0.883300 -0.468809 0.000000
vn 0.883300 -0.468809 0.000000
vn 0.883300 -0.468809 0.000000
vn 0.883300 -0.468809 0.000000
vn 0.807570 0.000000 -0.589772
vn 0.807570 0.000000 -0.589772
vn 0.807570 0.000000 -0.589772
vn 0.807570 0.000000 -0.589772
vn -1.000000 0.000000 0.000000
vn -1.000000 0.000000 0.000000
vn -1.000000 0.000000 0.000000
vn -1.000000 0.000000 0.000000
vn 0.000000 1.000000 0.000000
vn 0.000000 1.000000 0.000000
vn 0.000000 1.000000 0.000000
vn 0.000000 1.000000 0.000000
vn 1.000000 0.000000 0.000000
vn 1.000000 0.000000 0.000000
vn 1.000000 0.000000 0.000000
vn 1.000000 0.000000 0.000000
vn 0.000000 -1.000000 0.000000
vn 0.000000 -1.000000 0.000000
vn 0.000000 -1.000000 0.000000
vn 0.000000 -1.000000 0.000000
vn 0.000000 0.000000 1.000000
vn 0.000000 0.000000 1.000000
vn 0.000000 0.000000 1.000000
vn 0.000000 0.000000 1.000000
vn 0.000000 0.000000 -1.000000
vn 0.000000 0.000000 -1.000000
vn 0.000000 0.000000 -1.000000
vn 0.000000 0.000000 -1.000000
vn 0.000000 0.526244 0.850334
vn 0.000000 0.526244 0.850334
vn 0.000000 0.526244 0.850334
vn 0.000000 0.526244 0.850334
vn -0.648336 0.000000 0.761355
vn -0.648336 0.000000 0.761355
vn -0.648336 0.000000 0.761355
vn -0.648336 0.000000 0.761355
vn 0.000000 -0.526243 0.850334
vn 0.000000 -0.526243 0.850334
vn 0.000000 -0.526243 0.850334
vn 0.000000 -0.526243 0.850334
vn 0.648336 0.000000 0.761355
vn 0.648336 0.000000 0.761355
vn 0.648336 0.000000 0.761355
vn 0.648336 0.000000 0.761355
vn -1.000000 0.000000 0.000000
vn -1.000000 0.000000 0.000000
vn -1.000000 0.000000 0.000000
vn -1.000000 0.000000 0.000000
vn 0.000000 1.000000 0.000000
vn 0.000000 1.000000 0.000000
vn 0.000000 1.000000 0.000000
vn 0.000000 1.000000 0.000000
vn 1.000000 0.000000 0.000000
vn 1.000000 0.000000 0.000000
vn 1.000000 0.000000 0.000000
vn 1.000000 0.000000 0.000000
vn 0.000000 -1.000000 0.000000
vn 0.000000 -1.000000 0.000000
vn 0.000000 -1.000000 0.000000
vn 0.000000 -1.000000 0.000000
vn 0.000000 0.000000 1.000000
vn 0.000000 0.000000 1.000000
vn 0.000000 0.000000 1.000000
vn 0.000000 0.000000 1.000000
vn 0.000000 0.000000 -1.000000
vn 0.000000 0.000000 -1.000000
vn 0.000000 0.000000 -1.000000
vn 0.000000 0.000000 -1.000000
vn 0.000000 0.526244 0.850334
vn 0.000000 0.526244 0.850334
vn 0.000000 0.526244 0.850334
vn 0.000000 0.526244 0.850334
vn -0.648336 0.000000 0.761355
vn -0.648336 0.000000 0.761355
vn -0.648336 0.000000 0.761355
vn -0.648336 0.000000 0.761355
vn 0.000000 -0.526243 0.850334
vn 0.000000 -0.526243 0.850334
vn 0.000000 -0.526243 0.850334
vn 0.000000 -0.526243 0.850334
vn 0.648336 0.000000 0.761355
vn 0.648336 0.000000 0.761355
vn 0.648336 0.000000 0.761355
vn 0.648336 0.000000 0.761355
vn 1.000000 0.000000 0.000000
vn 1.000000 0.000000 0.000000
vn 1.000000 0.000000 0.000000
vn 1.000000 0.000000 0.000000
vn 0.000000 1.000000 0.000000
vn 0.000000 1.000000 0.000000
vn 0.000000 1.000000 0.000000
vn 0.000000 1.000000 0.000000
vn -1.000000 0.000000 0.000000
vn -1.000000 0.000000 0.000000
vn -1.000000 0.000000 0.000000
vn -1.000000 0.000000 0.000000
vn 0.000000 -1.000000 0.000000
vn 0.000000 -1.000000 0.000000
vn 0.000000 -1.000000 0.000000
vn 0.000000 -1.000000 0.000000
vn 0.000000 0.000000 -1.000000
vn 0.000000 0.000000 -1.000000
vn 0.000000 0.000000 -1.000000
vn 0.000000 0.000000 -1.000000
vn 0.000000 0.000000 1.000000
vn 0.000000 0.000000 1.000000
vn 0.000000 0.000000 1.000000
vn 0.000000 0.000000 1.000000
vn 0.000000 0.526239 -0.850337
vn 0.000000 0.526239 -0.850337
vn 0.000000 0.526239 -0.850336
vn 0.000000 0.526239 -0.850336
vn 0.648337 0.000000 -0.761353
vn 0.648337 0.000000 -0.761353
vn 0.648337 0.000000 -0.761353
vn 0.648337 0.000000 -0.761353
vn 0.000000 -0.526242 -0.850335
vn 0.000000 -0.526242 -0.850335
vn 0.000000 -0.526242 -0.850335
vn 0.000000 -0.526242 -0.850335
vn -0.648337 0.000000 -0.761353
vn -0.648337 0.000000 -0.761353
vn -0.648337 0.000000 -0.761353
vn -0.648337 0.000000 -0.761353
vn 1.000000 0.000000 0.000000
vn 1.000000 0.000000 0.000000
vn 1.000000 0.000000 0.000000
vn 1.000000 0.000000 0.000000
vn 0.000000 1.000000 0.000000
vn 0.000000 1.000000 0.000000
vn 0.000000 1.000000 0.000000
vn 0.000000 1.000000 0.000000
vn -1.000000 0.000000 0.000000
vn -1.000000 0.000000 0.000000
vn -1.000000 0.000000 0.000000
vn -1.000000 0.000000 0.000000
vn 0.000000 -1.000000 0.000000
vn 0.000000 -1.000000 0.000000
vn 0.000000 -1.000000 0.000000
vn 0.000000 -1.000000 0.000000
vn 0.000000 0.000000 -1.000000
vn 0.000000 0.000000 -1.000000
vn 0.000000 0.000000 -1.000000
vn 0.000000 0.000000 -1.000000
vn 0.000000 0.000000 1.000000
vn 0.000000 0.000000 1.000000
vn 0.000000 0.000000 1.000000
vn 0.000000 0.000000 1.000000
vn 0.000000 0.526239 -0.850337
vn 0.000000 0.526239 -0.850337
vn 0.000000 0.526239 -0.850336
vn 0.000000 0.526239 -0.850336
vn 0.648337 0.000000 -0.761353
vn 0.648337 0.000000 -0.761353
vn 0.648337 0.000000 -0.761353
vn 0.648337 0.000000 -0.761353
vn 0.000000 -0.526242 -0.850335
vn 0.000000 -0.526242 -0.850335
vn 0.000000 -0.526242 -0.850335
vn 0.000000 -0.526242 -0.850335
vn -0.648337 0.000000 -0.761353
vn -0.648337 0.000000 -0.761353
vn -0.648337 0.000000 -0.761353
vn -0.648337 0.000000 -0.761353
vn 1.000000 0.000000 0.000000
vn 1.000000 0.000000 0.000000
vn 1.000000 0.000000 0.000000
vn 1.000000 0.000000 0.000000
vn 0.000000 1.000000 0.000000
vn 0.000000 1.000000 0.000000
vn 0.000000 1.000000 0.000000
vn 0.000000 1.000000 0.000000
vn -1.000000 0.000000 0.000000
vn -1.000000 0.000000 0.000000
vn -1.000000 0.000000 0.000000
vn -1.000000 0.000000 0.000000
vn 0.000000 -1.000000 0.000000
vn 0.000000 -1.000000 0.000000
vn 0.000000 -1.000000 0.000000
vn 0.000000 -1.000000 0.000000
vn 0.000000 0.000000 -1.000000
vn 0.000000 0.000000 -1.000000
vn 0.000000 0.000000 -1.000000
vn 0.000000 0.000000 -1.000000
vn 0.000000 0.000000 1.000000
vn 0.000000 0.000000 1.000000
vn 0.000000 0.000000 1.000000
vn 0.000000 0.000000 1.000000
vn 0.000000 0.526242 -0.850335
vn 0.000000 0.526242 -0.850335
vn 0.000000 0.526242 -0.850335
vn 0.000000 0.526242 -0.850335
vn 0.648337 0.000000 -0.761353
vn 0.648337 0.000000 -0.761353
vn 0.648337 0.000000 -0.761353
vn 0.648337 0.000000 -0.761353
vn 0.000000 -0.526240 -0.850336
vn 0.000000 -0.526240 -0.850336
vn 0.000000 -0.526240 -0.850336
vn 0.000000 -0.526240 -0.850336
vn -0.648337 0.000000 -0.761353
vn -0.648337 0.000000 -0.761353
vn -0.648337 0.000000 -0.761353
vn -0.648337 0.000000 -0.761353
vn 1.000000 0.000000 0.000000
vn 1.000000 0.000000 0.000000
vn 1.000000 0.000000 0.000000
vn 1.000000 0.000000 0.000000
vn 0.000000 1.000000 0.000000
vn 0.000000 1.000000 0.000000
vn 0.000000 1.000000 0.000000
vn 0.000000 1.000000 0.000000
vn -1.000000 0.000000 0.000000
vn -1.000000 0.000000 0.000000
vn -1.000000 0.000000 0.000000
vn -1.000000 0.000000 0.000000
vn 0.000000 -1.000000 0.000000
vn 0.000000 -1.000000 0.000000
vn 0.000000 -1.000000 0.000000
vn 0.000000 -1.000000 0.000000
vn 0.000000 0.000000 -1.000000
vn 0.000000 0.000000 -1.000000
vn 0.000000 0.000000 -1.000000
vn 0.000000 0.000000 -1.000000
vn 0.000000 0.000000 1.000000
vn 0.000000 0.000000 1.000000
vn 0.000000 0.000000 1.000000
vn 0.000000 0.000000 1.000000
vn 0.000000 0.526242 -0.850335
vn 0.000000 0.526242 -0.850335
vn 0.000000 0.526242 -0.850335
vn 0.000000 0.526242 -0.850335
vn 0.648337 0.000000 -0.761353
vn 0.648337 0.000000 -0.761353
vn 0.648337 0.000000 -0.761353
vn 0.648337 0.000000 -0.761353
vn 0.000000 -0.526240 -0.850336
vn 0.000000 -0.526240 -0.850336
vn 0.000000 -0.526240 -0.850336
vn 0.000000 -0.526240 -0.850336
vn -0.648337 0.000000 -0.761353
vn -0.648337 0.000000 -0.761353
vn -0.648337 0.000000 -0.761353
vn -0.648337 0.000000 -0.761353
vn 1.000000 0.000000 0.000000
vn 1.000000 0.000000 0.000000
vn 1.000000 0.000000 0.000000
vn 1.000000 0.000000 0.000000
vn 0.000000 1.000000 0.000000
vn 0.000000 1.000000 0.000000
vn 0.000000 1.000000 0.000000
vn 0.000000 1.000000 0.000000
vn -1.000000 0.000000 0.000000
vn -1.000000 0.000000 0.000000
vn -1.000000 0.000000 0.000000
vn -1.000000 0.000000 0.000000
vn 0.000000 -1.000000 0.000000
vn 0.000000 -1.000000 0.000000
vn 0.000000 -1.000000 0.000000
vn 0.000000 -1.000000 0.000000
vn 0.000000 0.000000 -1.000000
vn 0.000000 0.000000 -1.000000
vn 0.000000 0.000000 -1.000000
vn 0.000000 0.000000 -1.000000
vn 0.000000 0.000000 1.000000
vn 0.000000 0.000000 1.000000
vn 0.000000 0.000000 1.000000
vn 0.000000 0.000000 1.000000
vn 0.000000 0.526239 -0.850337
vn 0.000000 0.526239 -0.850337
vn 0.000000 0.526239 -0.850336
vn 0.000000 0.526239 -0.850336
vn 0.648337 0.000000 -0.761353
vn 0.648337 0.000000 -0.761353
vn 0.648337 0.000000 -0.761353
vn 0.648337 0.000000 -0.761353
vn 0.000000 -0.526242 -0.850335
vn 0.000000 -0.526242 -0.850335
vn 0.000000 -0.526242 -0.850335
vn 0.000000 -0.526242 -0.850335
vn -0.648337 0.000000 -0.761353
vn -0.648337 0.000000 -0.761353
vn -0.648337 0.000000 -0.761353
vn -0.648337 0.000000 -0.761353
vn 1.000000 0.000000 0.000000
vn 1.000000 0.000000 0.000000
vn 1.000000 0.000000 0.000000
vn 1.000000 0.000000 0.000000
vn 0.000000 1.000000 0.000000
vn 0.000000 1.000000 0.000000
vn 0.000000 1.000000 0.000000
vn 0.000000 1.000000 0.000000
vn -1.000000 0.000000 0.000000
vn -1.000000 0.000000 0.000000
vn -1.000000 0.000000 0.000000
vn -1.000000 0.000000 0.000000
vn 0.000000 -1.000000 0.000000
vn 0.000000 -1.000000 0.000000
vn 0.000000 -1.000000 0.000000
vn 0.000000 -1.000000 0.000000
vn 0.000000 0.000000 -1.000000
vn 0.000000 0.000000 -1.000000
vn 0.000000 0.000000 -1.000000
vn 0.000000 0.000000 -1.000000
vn 0.000000 0.000000 1.000000
vn 0.000000 0.000000 1.000000
vn 0.000000 0.000000 1.000000
vn 0.000000 0.000000 1.000000
vn 0.000000 0.526239 -0.850337
vn 0.000000 0.526239 -0.850337
vn 0.000000 0.526239 -0.850336
vn 0.000000 0.526239 -0.850336
vn 0.648337 0.000000 -0.761353
vn 0.648337 0.000000 -0.761353
vn 0.648337 0.000000 -0.761353
vn 0.648337 0.000000 -0.761353
vn 0.000000 -0.526242 -0.850335
vn 0.000000 -0.526242 -0.850335
vn 0.000000 -0.526242 -0.850335
vn 0.000000 -0.526242 -0.850335
vn -0.648337 0.000000 -0.761353
vn -0.648337 0.000000 -0.761353
vn -0.648337 0.000000 -0.761353
vn -0.648337 0.000000 -0.761353
vn 1.000000 0.000000 0.000000
vn 1.000000 0.000000 0.000000
vn 1.000000 0.000000 0.000000
vn 1.000000 0.000000 0.000000
vn 0.000000 1.000000 0.000000
vn 0.000000 1.000000 0.000000
vn 0.000000 1.000000 0.000000
vn 0.000000 1.000000 0.000000
vn -1.000000 0.000000 0.000000
vn -1.000000 0.000000 0.000000
vn -1.000000 0.000000 0.000000
vn -1.000000 0.000000 0.000000
vn 0.000000 -1.000000 0.000000
vn 0.000000 -1.000000 0.000000
vn 0.000000 -1.000000 0.000000
vn 0.000000 -1.000000 0.000000
vn 0.000000 0.000000 -1.000000
vn 0.000000 0.000000 -1.000000
vn 0.000000 0.000000 -1.000000
vn 0.000000 0.000000 -1.000000
vn 0.000000 0.000000 1.000000
vn 0.000000 0.000000 1.000000
vn 0.000000 0.000000 1.000000
vn 0.000000 0.000000 1.000000
vn 0.000000 0.526242 -0.850335
vn 0.000000 0.526242 -0.850335
vn 0.000000 0.526242 -0.850335
vn 0.000000 0.526242 -0.850335
vn 0.648337 0.000000 -0.761353
vn 0.648337 0.000000 -0.761353
vn 0.648337 0.000000 -0.761353
vn 0.648337 0.000000 -0.761353
vn 0.000000 -0.526240 -0.850336
vn 0.000000 -0.526240 -0.850336
vn 0.000000 -0.526240 -0.850336
vn 0.000000 -0.526240 -0.850336
vn -0.648337 0.000000 -0.761353
vn -0.648337 0.000000 -0.761353
vn -0.648337 0.000000 -0.761353
vn -0.648337 0.000000 -0.761353
vn 1.000000 0.000000 0.000000
vn 1.000000 0.000000 0.000000
vn 1.000000 0.000000 0.000000
vn 1.000000 0.000000 0.000000
vn 0.000000 1.000000 0.000000
vn 0.000000 1.000000 0.000000
vn 0.000000 1.000000 0.000000
vn 0.000000 1.000000 0.000000
vn -1.000000 0.000000 0.000000
vn -1.000000 0.000000 0.000000
vn -1.000000 0.000000 0.000000
vn -1.000000 0.000000 0.000000
vn 0.000000 -1.000000 0.000000
vn 0.000000 -1.000000 0.000000
vn 0.000000 -1.000000 0.000000
vn 0.000000 -1.000000 0.000000
vn 0.000000 0.000000 -1.000000
vn 0.000000 0.000000 -1.000000
vn 0.000000 0.000000 -1.000000
vn 0.000000 0.000000 -1.000000
vn 0.000000 0.000000 1.000000
vn 0.000000 0.000000 1.000000
vn 0.000000 0.000000 1.000000
vn 0.000000 0.000000 1.000000
vn 0.000000 0.526242 -0.850335
vn 0.000000 0.526242 -0.850335
vn 0.000000 0.526242 -0.850335
vn 0.000000 0.526242 -0.850335
vn 0.648337 0.000000 -0.761353
vn 0.648337 0.000000 -0.761353
vn 0.648337 0.000000 -0.761353
vn 0.648337 0.000000 -0.761353
vn 0.000000 -0.526240 -0.850336
vn 0.000000 -0.526240 -0.850336
vn 0.000000 -0.526240 -0.850336
vn 0.000000 -0.526240 -0.850336
vn -0.648337 0.000000 -0.761353
vn -0.648337 0.000000 -0.761353
vn -0.648337 0.000000 -0.761353
vn -0.648337 0.000000 -0.761353
vn 1.000000 0.000000 0.000000
vn 1.000000 0.000000 0.000000
vn 1.000000 0.000000 0.000000
vn 1.000000 0.000000 0.000000
vn 0.000000 1.000000 0.000000
vn 0.000000 1.000000 0.000000
vn 0.000000 1.000000 0.000000
vn 0.000000 1.000000 0.000000
vn -1.000000 0.000000 0.000000
vn -1.000000 0.000000 0.000000
vn -1.000000 0.000000 0.000000
vn -1.000000 0.000000 0.000000
vn 0.000000 -1.000000 0.000000
vn 0.000000 -1.000000 0.000000
vn 0.000000 -1.000000 0.000000
vn 0.000000 -1.000000 0.000000
vn 0.000000 0.000000 -1.000000
vn 0.000000 0.000000 -1.000000
vn 0.000000 0.000000 -1.000000
vn 0.000000 0.000000 -1.000000
vn 0.000000 0.000000 1.000000
vn 0.000000 0.000000 1.000000
vn 0.000000 0.000000 1.000000
vn 0.000000 0.000000 1.000000
vn 0.000000 0.526243 -0.850334
vn 0.000000 0.526243 -0.850334
vn 0.000000 0.526243 -0.850334
vn 0.000000 0.526243 -0.850334
vn 0.648336 0.000000 -0.761355
vn 0.648336 0.000000 -0.761355
vn 0.648336 0.000000 -0.761355
vn 0.648336 0.000000 -0.761355
vn 0.000000 -0.526240 -0.850336
vn 0.000000 -0.526240 -0.850336
vn 0.000000 -0.526240 -0.850336
vn 0.000000 -0.526240 -0.850336
vn -0.648336 0.000000 -0.761355
vn -0.648336 0.000000 -0.761355
vn -0.648336 0.000000 -0.761355
vn -0.648336 0.000000 -0.761355
vn 1.000000 0.000000 0.000000
vn 1.000000 0.000000 0.000000
vn 1.000000 0.000000 0.000000
vn 1.000000 0.000000 0.000000
vn 0.000000 1.000000 0.000000
vn 0.000000 1.000000 0.000000
vn 0.000000 1.000000 0.000000
vn 0.000000 1.000000 0.000000
vn -1.000000 0.000000 0.000000
vn -1.000000 0.000000 0.000000
vn -1.000000 0.000000 0.000000
vn -1.000000 0.000000 0.000000
vn 0.000000 -1.000000 0.000000
vn 0.000000 -1.000000 0.000000
vn 0.000000 -1.000000 0.000000
vn 0.000000 -1.000000 0.000000
vn 0.000000 0.000000 -1.000000
vn 0.000000 0.000000 -1.000000
vn 0.000000 0.000000 -1.000000
vn 0.000000 0.000000 -1.000000
vn 0.000000 0.000000 1.000000
vn 0.000000 0.000000 1.000000
vn 0.000000 0.000000 1.000000
vn 0.000000 0.000000 1.000000
vn 0.000000 0.526243 -0.850334
vn 0.000000 0.526243 -0.850334
vn 0.000000 0.526243 -0.850334
vn 0.000000 0.526243 -0.850334
vn 0.648336 0.000000 -0.761355
vn 0.648336 0.000000 -0.761355
vn 0.648336 0.000000 -0.761355
vn 0.648336 0.000000 -0.761355
vn 0.000000 -0.526240 -0.850336
vn 0.000000 -0.526240 -0.850336
vn 0.000000 -0.526240 -0.850336
vn 0.000000 -0.526240 -0.850336
vn -0.648336 0.000000 -0.761355
vn -0.648336 0.000000 -0.761355
vn -0.648336 0.000000 -0.761355
vn -0.648336 0.000000 -0.761355
vn 1.000000 0.000000 0.000000
vn 1.000000 0.000000 0.000000
vn 1.000000 0.000000 0.000000
vn 1.000000 0.000000 0.000000
vn 0.000000 1.000000 0.000000
vn 0.000000 1.000000 0.000000
vn 0.000000 1.000000 0.000000
vn 0.000000 1.000000 0.000000
vn -1.000000 0.000000 0.000000
vn -1.000000 0.000000 0.000000
vn -1.000000 0.000000 0.000000
vn -1.000000 0.000000 0.000000
vn 0.000000 -1.000000 0.000000
vn 0.000000 -1.000000 0.000000
vn 0.000000 -1.000000 0.000000
vn 0.000000 -1.000000 0.000000
vn 0.000000 0.000000 -1.000000
vn 0.000000 0.000000 -1.000000
vn 0.000000 0.000000 -1.000000
vn 0.000000 0.000000 -1.000000
vn 0.000000 0.000000 1.000000
vn 0.000000 0.000000 1.000000
vn 0.000000 0.000000 1.000000
vn 0.000000 0.000000 1.000000
vn 0.000000 0.526244 -0.850334
vn 0.000000 0.526244 -0.850334
vn 0.000000 0.526244 -0.850334
vn 0.000000 0.526244 -0.850334
vn 0.648337 0.000000 -0.761354
vn 0.648337 0.000000 -0.761354
vn 0.648337 0.000000 -0.761354
vn 0.648337 0.000000 -0.761354
vn 0.000000 -0.526243 -0.850334
vn 0.000000 -0.526243 -0.850334
vn 0.000000 -0.526243 -0.850334
vn 0.000000 -0.526243 -0.850334
vn -0.648337 0.000000 -0.761354
vn -0.648337 0.000000 -0.761354
vn -0.648337 0.000000 -0.761354
vn -0.648337 0.000000 -0.761354
vn 1.000000 0.000000 0.000000
vn 1.000000 0.000000 0.000000
vn 1.000000 0.000000 0.000000
vn 1.000000 0.000000 0.000000
vn 0.000000 1.000000 0.000000
vn 0.000000 1.000000 0.000000
vn 0.000000 1.000000 0.000000
vn 0.000000 1.000000 0.000000
vn -1.000000 0.000000 0.000000
vn -1.000000 0.000000 0.000000
vn -1.000000 0.000000 0.000000
vn -1.000000 0.000000 0.000000
vn 0.000000 -1.000000 0.000000
vn 0.000000 -1.000000 0.000000
vn 0.000000 -1.000000 0.000000
vn 0.000000 -1.000000 0.000000
vn 0.000000 0.000000 -1.000000
vn 0.000000 0.000000 -1.000000
vn 0.000000 0.000000 -1.000000
vn 0.000000 0.000000 -1.000000
vn 0.000000 0.000000 1.000000
vn 0.000000 0.000000 1.000000
vn 0.000000 0.000000 1.000000
vn 0.000000 0.000000 1.000000
vn 0.000000 0.526244 -0.850334
vn 0.000000 0.526244 -0.850334
vn 0.000000 0.526244 -0.850334
vn 0.000000 0.526244 -0.850334
vn 0.648337 0.000000 -0.761354
vn 0.648337 0.000000 -0.761354
vn 0.648337 0.000000 -0.761354
vn 0.648337 0.000000 -0.761354
vn 0.000000 -0.526243 -0.850334
vn 0.000000 -0.526243 -0.850334
vn 0.000000 -0.526243 -0.850334
vn 0.000000 -0.526243 -0.850334
vn -0.648337 0.000000 -0.761354
vn -0.648337 0.000000 -0.761354
vn -0.648337 0.000000 -0.761354
vn -0.648337 0.000000 -0.761354
vn 0.000000 0.000000 1.000000
vn 0.000000 0.000000 1.000000
vn 0.000000 0.000000 1.000000
vn 0.000000 0.000000 1.000000
vn 0.000000 1.000000 0.000000
vn 0.000000 1.000000 0.000000
vn 0.000000 1.000000 0.000000
vn 0.000000 1.000000 0.000000
vn 0.000000 0.000000 -1.000000
vn 0.000000 0.000000 -1.000000
vn 0.000000 0.000000 -1.000000
vn 0.000000 0.000000 -1.000000
vn 0.000000 -1.000000 0.000000
vn 0.000000 -1.000000 0.000000
vn 0.000000 -1.000000 0.000000
vn 0.000000 -1.000000 0.000000
vn 1.000000 0.000000 0.000000
vn 1.000000 0.000000 0.000000
vn 1.000000 0.000000 0.000000
vn 1.000000 0.000000 0.000000
vn -1.000000 0.000000 0.000000
vn -1.000000 0.000000 0.000000
vn -1.000000 0.000000 0.000000
vn -1.000000 0.000000 0.000000
s off
g Windows
usemtl initialShadingGroup
f 1/1/1 2/2/2 4/3/3 3/4/4
f 3/4/5 4/3/6 6/5/7 5/6/8
f 5/6/9 6/5/10 8/7/11 7/8/12
f 7/8/13 8/7/14 2/2/15 1/1/16
f 10/9/17 9/540/18 11/539/19 12/538/20
f 7/8/21 1/1/22 3/4/23 5/6/24
f 2/2/25 8/7/26 9/10/27 10/537/28
f 8/7/29 6/5/30 11/11/31 9/10/32
f 6/5/33 4/3/34 12/12/35 11/11/36
f 4/3/37 2/2/38 10/537/39 12/12/40
f 13/13/41 14/14/42 16/15/43 15/16/44
f 15/16/45 16/15/46 18/17/47 17/18/48
f 17/18/49 18/17/50 20/19/51 19/20/52
f 19/20/53 20/19/54 14/14/55 13/13/56
f 22/21/57 21/536/58 23/535/59 24/534/60
f 19/20/61 13/13/62 15/16/63 17/18/64
f 14/14/65 20/19/66 21/22/67 22/533/68
f 20/19/69 18/17/70 23/23/71 21/22/72
f 18/17/73 16/15/74 24/24/75 23/23/76
f 16/15/77 14/14/78 22/533/79 24/24/80
f 25/25/81 26/26/82 28/27/83 27/28/84
f 27/28/85 28/27/86 30/29/87 29/30/88
f 29/30/89 30/29/90 32/31/91 31/32/92
f 31/32/93 32/31/94 26/26/95 25/25/96
f 34/33/97 33/532/98 35/531/99 36/530/100
f 31/32/101 25/25/102 27/28/103 29/30/104
f 26/26/105 32/31/106 33/34/107 34/529/108
f 32/31/109 30/29/110 35/35/111 33/34/112
f 30/29/113 28/27/114 36/36/115 35/35/116
f 28/27/117 26/26/118 34/529/119 36/36/120
f 37/37/121 38/38/122 40/39/123 39/40/124
f 39/40/125 40/39/126 42/41/127 41/42/128
f 41/42/129 42/41/130 44/43/131 43/44/132
f 43/44/133 44/43/134 38/38/135 37/37/136
f 46/45/137 45/528/138 47/527/139 48/526/140
f 43/44/141 37/37/142 39/40/143 41/42/144
f 38/38/145 44/43/146 45/46/147 46/525/148
f 44/43/149 42/41/150 47/47/151 45/46/152
f 42/41/153 40/39/154 48/48/155 47/47/156
f 40/39/157 38/38/158 46/525/159 48/48/160
f 49/49/161 50/50/162 52/51/163 51/52/164
f 51/52/165 52/51/166 54/53/167 53/54/168
f 53/54/169 54/53/170 56/55/171 55/56/172
f 55/56/173 56/55/174 50/50/175 49/49/176
f 58/57/177 57/524/178 59/523/179 60/522/180
f 55/56/181 49/49/182 51/52/183 53/54/184
f 50/50/185 56/55/186 57/58/187 58/521/188
f 56/55/189 54/53/190 59/59/191 57/58/192
f 54/53/193 52/51/194 60/60/195 59/59/196
f 52/51/197 50/50/198 58/521/199 60/60/200
f 61/61/201 62/62/202 64/63/203 63/64/204
f 63/64/205 64/63/206 66/65/207 65/66/208
f 65/66/209 66/65/210 68/67/211 67/68/212
f 67/68/213 68/67/214 62/62/215 61/61/216
f 70/69/217 69/520/218 71/519/219 72/518/220
f 67/68/221 61/61/222 63/64/223 65/66/224
f 62/62/225 68/67/226 69/70/227 70/517/228
f 68/67/229 66/65/230 71/71/231 69/70/232
f 66/65/233 64/63/234 72/72/235 71/71/236
f 64/63/237 62/62/238 70/517/239 72/72/240
f 73/73/241 74/74/242 76/75/243 75/76/244
f 75/76/245 76/75/246 78/77/247 77/78/248
f 77/78/249 78/77/250 80/79/251 79/80/252
f 79/80/253 80/79/254 74/74/255 73/73/256
f 82/81/257 81/82/258 83/83/259 84/84/260
f 79/80/261 73/73/262 75/76/263 77/78/264
f 74/74/265 80/79/266 81/82/267 82/81/268
f 80/79/269 78/77/270 83/83/271 81/82/272
f 78/77/273 76/75/274 84/84/275 83/83/276
f 76/75/277 74/74/278 82/81/279 84/84/280
f 85/85/281 86/86/282 88/87/283 87/88/284
f 87/88/285 88/87/286 90/89/287 89/90/288
f 89/90/289 90/89/290 92/91/291 91/92/292
f 91/92/293 92/91/294 86/86/295 85/85/296
f 94/93/297 93/94/298 95/95/299 96/96/300
f 91/92/301 85/85/302 87/88/303 89/90/304
f 86/86/305 92/91/306 93/94/307 94/93/308
f 92/91/309 90/89/310 95/95/311 93/94/312
f 90/89/313 88/87/314 96/96/315 95/95/316
f 88/87/317 86/86/318 94/93/319 96/96/320
f 97/97/321 98/98/322 100/99/323 99/100/324
f 99/100/325 100/99/326 102/101/327 101/102/328
f 101/102/329 102/101/330 104/103/331 103/104/332
f 103/104/333 104/103/334 98/98/335 97/97/336
f 106/105/337 105/106/338 107/107/339 108/108/340
f 103/104/341 97/97/342 99/100/343 101/102/344
f 98/98/345 104/103/346 105/106/347 106/105/348
f 104/103/349 102/101/350 107/107/351 105/106/352
f 102/101/353 100/99/354 108/108/355 107/107/356
f 100/99/357 98/98/358 106/105/359 108/108/360
f 109/109/361 110/110/362 112/111/363 111/112/364
f 111/112/365 112/111/366 114/113/367 113/114/368
f 113/114/369 114/113/370 116/115/371 115/116/372
f 115/116/373 116/115/374 110/110/375 109/109/376
f 118/117/377 117/118/378 119/119/379 120/120/380
f 115/116/381 109/109/382 111/112/383 113/114/384
f 110/110/385 116/115/386 117/118/387 118/117/388
f 116/115/389 114/113/390 119/119/391 117/118/392
f 114/113/393 112/111/394 120/120/395 119/119/396
f 112/111/397 110/110/398 118/117/399 120/120/400
f 121/121/401 122/122/402 124/123/403 123/124/404
f 123/124/405 124/123/406 126/125/407 125/126/408
f 125/126/409 126/125/410 128/127/411 127/128/412
f 127/128/413 128/127/414 122/122/415 121/121/416
f 130/129/417 129/584/418 131/583/419 132/582/420
f 127/128/421 121/121/422 123/124/423 125/126/424
f 122/122/425 128/127/426 129/130/427 130/581/428
f 128/127/429 126/125/430 131/131/431 129/130/432
f 126/125/433 124/123/434 132/132/435 131/131/436
f 124/123/437 122/122/438 130/581/439 132/132/440
f 133/133/441 134/134/442 136/135/443 135/136/444
f 135/136/445 136/135/446 138/137/447 137/138/448
f 137/138/449 138/137/450 140/139/451 139/140/452
f 139/140/453 140/139/454 134/134/455 133/133/456
f 142/141/457 141/604/458 143/603/459 144/602/460
f 139/140/461 133/133/462 135/136/463 137/138/464
f 134/134/465 140/139/466 141/142/467 142/601/468
f 140/139/469 138/137/470 143/143/471 141/142/472
f 138/137/473 136/135/474 144/144/475 143/143/476
f 136/135/477 134/134/478 142/601/479 144/144/480
f 145/145/481 146/146/482 148/147/483 147/148/484
f 147/148/485 148/147/486 150/149/487 149/150/488
f 149/150/489 150/149/490 152/151/491 151/152/492
f 151/152/493 152/151/494 146/146/495 145/145/496
f 154/153/497 153/580/498 155/579/499 156/578/500
f 151/152/501 145/145/502 147/148/503 149/150/504
f 146/146/505 152/151/506 153/154/507 154/577/508
f 152/151/509 150/149/510 155/155/511 153/154/512
f 150/149/513 148/147/514 156/156/515 155/155/516
f 148/147/517 146/146/518 154/577/519 156/156/520
f 157/157/521 158/158/522 160/159/523 159/160/524
f 159/160/525 160/159/526 162/161/527 161/162/528
f 161/162/529 162/161/530 164/163/531 163/164/532
f 163/164/533 164/163/534 158/158/535 157/157/536
f 166/165/537 165/576/538 167/575/539 168/574/540
f 163/164/541 157/157/542 159/160/543 161/162/544
f 158/158/545 164/163/546 165/166/547 166/573/548
f 164/163/549 162/161/550 167/167/551 165/166/552
f 162/161/553 160/159/554 168/168/555 167/167/556
f 160/159/557 158/158/558 166/573/559 168/168/560
f 169/169/561 170/170/562 172/171/563 171/172/564
f 171/172/565 172/171/566 174/173/567 173/174/568
f 173/174/569 174/173/570 176/175/571 175/176/572
f 175/176/573 176/175/574 170/170/575 169/169/576
f 178/177/577 177/516/578 179/515/579 180/514/580
f 175/176/581 169/169/582 171/172/583 173/174/584
f 170/170/585 176/175/586 177/178/587 178/513/588
f 176/175/589 174/173/590 179/179/591 177/178/592
f 174/173/593 172/171/594 180/180/595 179/179/596
f 172/171/597 170/170/598 178/513/599 180/180/600
f 181/181/601 182/182/602 184/183/603 183/184/604
f 183/184/605 184/183/606 186/185/607 185/186/608
f 185/186/609 186/185/610 188/187/611 187/188/612
f 187/188/613 188/187/614 182/182/615 181/181/616
f 190/189/617 189/600/618 191/599/619 192/598/620
f 187/188/621 181/181/622 183/184/623 185/186/624
f 182/182/625 188/187/626 189/190/627 190/597/628
f 188/187/629 186/185/630 191/191/631 189/190/632
f 186/185/633 184/183/634 192/192/635 191/191/636
f 184/183/637 182/182/638 190/597/639 192/192/640
f 193/193/641 194/194/642 196/195/643 195/196/644
f 195/196/645 196/195/646 198/197/647 197/198/648
f 197/198/649 198/197/650 200/199/651 199/200/652
f 199/200/653 200/199/654 194/194/655 193/193/656
f 202/201/657 201/596/658 203/595/659 204/594/660
f 199/200/661 193/193/662 195/196/663 197/198/664
f 194/194/665 200/199/666 201/202/667 202/593/668
f 200/199/669 198/197/670 203/203/671 201/202/672
f 198/197/673 196/195/674 204/204/675 203/203/676
f 196/195/677 194/194/678 202/593/679 204/204/680
f 205/205/681 206/206/682 208/207/683 207/208/684
f 207/208/685 208/207/686 210/209/687 209/210/688
f 209/210/689 210/209/690 212/211/691 211/212/692
f 211/212/693 212/211/694 206/206/695 205/205/696
f 214/213/697 213/592/698 215/591/699 216/590/700
f 211/212/701 205/205/702 207/208/703 209/210/704
f 206/206/705 212/211/706 213/214/707 214/589/708
f 212/211/709 210/209/710 215/215/711 213/214/712
f 210/209/713 208/207/714 216/216/715 215/215/716
f 208/207/717 206/206/718 214/589/719 216/216/720
f 217/217/721 218/218/722 220/219/723 219/220/724
f 219/220/725 220/219/726 222/221/727 221/222/728
f 221/222/729 222/221/730 224/223/731 223/224/732
f 223/224/733 224/223/734 218/218/735 217/217/736
f 226/225/737 225/588/738 227/587/739 228/586/740
f 223/224/741 217/217/742 219/220/743 221/222/744
f 218/218/745 224/223/746 225/226/747 226/585/748
f 224/223/749 222/221/750 227/227/751 225/226/752
f 222/221/753 220/219/754 228/228/755 227/227/756
f 220/219/757 218/218/758 226/585/759 228/228/760
f 229/229/761 230/230/762 232/231/763 231/232/764
f 231/232/765 232/231/766 234/233/767 233/234/768
f 233/234/769 234/233/770 236/235/771 235/236/772
f 235/236/773 236/235/774 230/230/775 229/229/776
f 238/237/777 237/572/778 239/571/779 240/570/780
f 235/236/781 229/229/782 231/232/783 233/234/784
f 230/230/785 236/235/786 237/238/787 238/569/788
f 236/235/789 234/233/790 239/239/791 237/238/792
f 234/233/793 232/231/794 240/240/795 239/239/796
f 232/231/797 230/230/798 238/569/799 240/240/800
f 241/241/801 242/242/802 244/243/803 243/244/804
f 243/244/805 244/243/806 246/245/807 245/246/808
f 245/246/809 246/245/810 248/247/811 247/248/812
f 247/248/813 248/247/814 242/242/815 241/241/816
f 250/249/817 249/568/818 251/567/819 252/566/820
f 247/248/821 241/241/822 243/244/823 245/246/824
f 242/242/825 248/247/826 249/250/827 250/565/828
f 248/247/829 246/245/830 251/251/831 249/250/832
f 246/245/833 244/243/834 252/252/835 251/251/836
f 244/243/837 242/242/838 250/565/839 252/252/840
f 253/253/841 254/254/842 256/255/843 255/256/844
f 255/256/845 256/255/846 258/257/847 257/258/848
f 257/258/849 258/257/850 260/259/851 259/260/852
f 259/260/853 260/259/854 254/254/855 253/253/856
f 262/261/857 261/564/858 263/563/859 264/562/860
f 259/260/861 253/253/862 255/256/863 257/258/864
f 254/254/865 260/259/866 261/262/867 262/561/868
f 260/259/869 258/257/870 263/263/871 261/262/872
f 258/257/873 256/255/874 264/264/875 263/263/876
f 256/255/877 254/254/878 262/561/879 264/264/880
f 265/265/881 266/266/882 268/267/883 267/268/884
f 267/268/885 268/267/886 270/269/887 269/270/888
f 269/270/889 270/269/890 272/271/891 271/272/892
f 271/272/893 272/271/894 266/266/895 265/265/896
f 274/273/897 273/560/898 275/559/899 276/558/900
f 271/272/901 265/265/902 267/268/903 269/270/904
f 266/266/905 272/271/906 273/274/907 274/557/908
f 272/271/909 270/269/910 275/275/911 273/274/912
f 270/269/913 268/267/914 276/276/915 275/275/916
f 268/267/917 266/266/918 274/557/919 276/276/920
f 277/277/921 278/278/922 280/279/923 279/280/924
f 279/280/925 280/279/926 282/281/927 281/282/928
f 281/282/929 282/281/930 284/283/931 283/284/932
f 283/284/933 284/283/934 278/278/935 277/277/936
f 286/285/937 285/556/938 287/555/939 288/554/940
f 283/284/941 277/277/942 279/280/943 281/282/944
f 278/278/945 284/283/946 285/286/947 286/553/948
f 284/283/949 282/281/950 287/287/951 285/286/952
f 282/281/953 280/279/954 288/288/955 287/287/956
f 280/279/957 278/278/958 286/553/959 288/288/960
f 289/289/961 290/290/962 292/291/963 291/292/964
f 291/292/965 292/291/966 294/293/967 293/294/968
f 293/294/969 294/293/970 296/295/971 295/296/972
f 295/296/973 296/295/974 290/290/975 289/289/976
f 298/297/977 297/552/978 299/551/979 300/550/980
f 295/296/981 289/289/982 291/292/983 293/294/984
f 290/290/985 296/295/986 297/298/987 298/549/988
f 296/295/989 294/293/990 299/299/991 297/298/992
f 294/293/993 292/291/994 300/300/995 299/299/996
f 292/291/997 290/290/998 298/549/999 300/300/1000
f 301/301/1001 302/302/1002 304/303/1003 303/304/1004
f 303/304/1005 304/303/1006 306/305/1007 305/306/1008
f 305/306/1009 306/305/1010 308/307/1011 307/308/1012
f 307/308/1013 308/307/1014 302/302/1015 301/301/1016
f 310/309/1017 309/548/1018 311/547/1019 312/546/1020
f 307/308/1021 301/301/1022 303/304/1023 305/306/1024
f 302/302/1025 308/307/1026 309/310/1027 310/545/1028
f 308/307/1029 306/305/1030 311/311/1031 309/310/1032
f 306/305/1033 304/303/1034 312/312/1035 311/311/1036
f 304/303/1037 302/302/1038 310/545/1039 312/312/1040
f 313/313/1041 314/314/1042 316/315/1043 315/316/1044
f 315/316/1045 316/315/1046 318/317/1047 317/318/1048
f 317/318/1049 318/317/1050 320/319/1051 319/320/1052
f 319/320/1053 320/319/1054 314/314/1055 313/313/1056
f 322/321/1057 321/544/1058 323/543/1059 324/542/1060
f 319/320/1061 313/313/1062 315/316/1063 317/318/1064
f 314/314/1065 320/319/1066 321/322/1067 322/541/1068
f 320/319/1069 318/317/1070 323/323/1071 321/322/1072
f 318/317/1073 316/315/1074 324/324/1075 323/323/1076
f 316/315/1077 314/314/1078 322/541/1079 324/324/1080
f 325/325/1081 326/326/1082 328/327/1083 327/328/1084
f 327/328/1085 328/327/1086 330/329/1087 329/330/1088
f 329/330/1089 330/329/1090 332/331/1091 331/332/1092
f 331/332/1093 332/331/1094 326/326/1095 325/325/1096
f 334/333/1097 333/512/1098 335/511/1099 336/510/1100
f 331/332/1101 325/325/1102 327/328/1103 329/330/1104
f 326/326/1105 332/331/1106 333/334/1107 334/509/1108
f 332/331/1109 330/329/1110 335/335/1111 333/334/1112
f 330/329/1113 328/327/1114 336/336/1115 335/335/1116
f 328/327/1117 326/326/1118 334/509/1119 336/336/1120
f 337/337/1121 338/338/1122 340/339/1123 339/340/1124
f 339/340/1125 340/339/1126 342/341/1127 341/342/1128
f 341/342/1129 342/341/1130 344/343/1131 343/344/1132
f 343/344/1133 344/343/1134 338/338/1135 337/337/1136
f 346/345/1137 345/508/1138 347/507/1139 348/506/1140
f 343/344/1141 337/337/1142 339/340/1143 341/342/1144
f 338/338/1145 344/343/1146 345/346/1147 346/505/1148
f 344/343/1149 342/341/1150 347/347/1151 345/346/1152
f 342/341/1153 340/339/1154 348/348/1155 347/347/1156
f 340/339/1157 338/338/1158 346/505/1159 348/348/1160
f 349/349/1161 350/350/1162 352/351/1163 351/352/1164
f 351/352/1165 352/351/1166 354/353/1167 353/354/1168
f 353/354/1169 354/353/1170 356/355/1171 355/356/1172
f 355/356/1173 356/355/1174 350/350/1175 349/349/1176
f 358/357/1177 357/636/1178 359/635/1179 360/634/1180
f 355/356/1181 349/349/1182 351/352/1183 353/354/1184
f 350/350/1185 356/355/1186 357/358/1187 358/633/1188
f 356/355/1189 354/353/1190 359/359/1191 357/358/1192
f 354/353/1193 352/351/1194 360/360/1195 359/359/1196
f 352/351/1197 350/350/1198 358/633/1199 360/360/1200
f 361/361/1201 362/362/1202 364/363/1203 363/364/1204
f 363/364/1205 364/363/1206 366/365/1207 365/366/1208
f 365/366/1209 366/365/1210 368/367/1211 367/368/1212
f 367/368/1213 368/367/1214 362/362/1215 361/361/1216
f 370/369/1217 369/632/1218 371/631/1219 372/630/1220
f 367/368/1221 361/361/1222 363/364/1223 365/366/1224
f 362/362/1225 368/367/1226 369/370/1227 370/629/1228
f 368/367/1229 366/365/1230 371/371/1231 369/370/1232
f 366/365/1233 364/363/1234 372/372/1235 371/371/1236
f 364/363/1237 362/362/1238 370/629/1239 372/372/1240
f 373/373/1241 374/374/1242 376/375/1243 375/376/1244
f 375/376/1245 376/375/1246 378/377/1247 377/378/1248
f 377/378/1249 378/377/1250 380/379/1251 379/380/1252
f 379/380/1253 380/379/1254 374/374/1255 373/373/1256
f 382/381/1257 381/620/1258 383/619/1259 384/618/1260
f 379/380/1261 373/373/1262 375/376/1263 377/378/1264
f 374/374/1265 380/379/1266 381/382/1267 382/617/1268
f 380/379/1269 378/377/1270 383/383/1271 381/382/1272
f 378/377/1273 376/375/1274 384/384/1275 383/383/1276
f 376/375/1277 374/374/1278 382/617/1279 384/384/1280
f 385/385/1281 386/386/1282 388/387/1283 387/388/1284
f 387/388/1285 388/387/1286 390/389/1287 389/390/1288
f 389/390/1289 390/389/1290 392/391/1291 391/392/1292
f 391/392/1293 392/391/1294 386/386/1295 385/385/1296
f 394/393/1297 393/616/1298 395/615/1299 396/614/1300
f 391/392/1301 385/385/1302 387/388/1303 389/390/1304
f 386/386/1305 392/391/1306 393/394/1307 394/613/1308
f 392/391/1309 390/389/1310 395/395/1311 393/394/1312
f 390/389/1313 388/387/1314 396/396/1315 395/395/1316
f 388/387/1317 386/386/1318 394/613/1319 396/396/1320
f 397/397/1321 398/398/1322 400/399/1323 399/400/1324
f 399/400/1325 400/399/1326 402/401/1327 401/402/1328
f 401/402/1329 402/401/1330 404/403/1331 403/404/1332
f 403/404/1333 404/403/1334 398/398/1335 397/397/1336
f 406/405/1337 405/406/1338 407/407/1339 408/408/1340
f 403/404/1341 397/397/1342 399/400/1343 401/402/1344
f 398/398/1345 404/403/1346 405/406/1347 406/405/1348
f 404/403/1349 402/401/1350 407/407/1351 405/406/1352
f 402/401/1353 400/399/1354 408/408/1355 407/407/1356
f 400/399/1357 398/398/1358 406/405/1359 408/408/1360
f 409/409/1361 410/410/1362 412/411/1363 411/412/1364
f 411/412/1365 412/411/1366 414/413/1367 413/414/1368
f 413/414/1369 414/413/1370 416/415/1371 415/416/1372
f 415/416/1373 416/415/1374 410/410/1375 409/409/1376
f 418/417/1377 417/418/1378 419/419/1379 420/420/1380
f 415/416/1381 409/409/1382 411/412/1383 413/414/1384
f 410/410/1385 416/415/1386 417/418/1387 418/417/1388
f 416/415/1389 414/413/1390 419/419/1391 417/418/1392
f 414/413/1393 412/411/1394 420/420/1395 419/419/1396
f 412/411/1397 410/410/1398 418/417/1399 420/420/1400
f 421/421/1401 422/422/1402 424/423/1403 423/424/1404
f 423/424/1405 424/423/1406 426/425/1407 425/426/1408
f 425/426/1409 426/425/1410 428/427/1411 427/428/1412
f 427/428/1413 428/427/1414 422/422/1415 421/421/1416
f 430/429/1417 429/430/1418 431/431/1419 432/432/1420
f 427/428/1421 421/421/1422 423/424/1423 425/426/1424
f 422/422/1425 428/427/1426 429/430/1427 430/429/1428
f 428/427/1429 426/425/1430 431/431/1431 429/430/1432
f 426/425/1433 424/423/1434 432/432/1435 431/431/1436
f 424/423/1437 422/422/1438 430/429/1439 432/432/1440
f 433/433/1441 434/434/1442 436/435/1443 435/436/1444
f 435/436/1445 436/435/1446 438/437/1447 437/438/1448
f 437/438/1449 438/437/1450 440/439/1451 439/440/1452
f 439/440/1453 440/439/1454 434/434/1455 433/433/1456
f 442/441/1457 441/442/1458 443/443/1459 444/444/1460
f 439/440/1461 433/433/1462 435/436/1463 437/438/1464
f 434/434/1465 440/439/1466 441/442/1467 442/441/1468
f 440/439/1469 438/437/1470 443/443/1471 441/442/1472
f 438/437/1473 436/435/1474 444/444/1475 443/443/1476
f 436/435/1477 434/434/1478 442/441/1479 444/444/1480
f 445/445/1481 446/446/1482 448/447/1483 447/448/1484
f 447/448/1485 448/447/1486 450/449/1487 449/450/1488
f 449/450/1489 450/449/1490 452/451/1491 451/452/1492
f 451/452/1493 452/451/1494 446/446/1495 445/445/1496
f 454/453/1497 453/612/1498 455/611/1499 456/610/1500
f 451/452/1501 445/445/1502 447/448/1503 449/450/1504
f 446/446/1505 452/451/1506 453/454/1507 454/609/1508
f 452/451/1509 450/449/1510 455/455/1511 453/454/1512
f 450/449/1513 448/447/1514 456/456/1515 455/455/1516
f 448/447/1517 446/446/1518 454/609/1519 456/456/1520
f 457/457/1521 458/458/1522 460/459/1523 459/460/1524
f 459/460/1525 460/459/1526 462/461/1527 461/462/1528
f 461/462/1529 462/461/1530 464/463/1531 463/464/1532
f 463/464/1533 464/463/1534 458/458/1535 457/457/1536
f 466/465/1537 465/608/1538 467/607/1539 468/606/1540
f 463/464/1541 457/457/1542 459/460/1543 461/462/1544
f 458/458/1545 464/463/1546 465/466/1547 466/605/1548
f 464/463/1549 462/461/1550 467/467/1551 465/466/1552
f 462/461/1553 460/459/1554 468/468/1555 467/467/1556
f 460/459/1557 458/458/1558 466/605/1559 468/468/1560
f 469/469/1561 470/470/1562 472/471/1563 471/472/1564
f 471/472/1565 472/471/1566 474/473/1567 473/474/1568
f 473/474/1569 474/473/1570 476/475/1571 475/476/1572
f 475/476/1573 476/475/1574 470/470/1575 469/469/1576
f 478/477/1577 477/628/1578 479/627/1579 480/626/1580
f 475/476/1581 469/469/1582 471/472/1583 473/474/1584
f 470/470/1585 476/475/1586 477/478/1587 478/625/1588
f 476/475/1589 474/473/1590 479/479/1591 477/478/1592
f 474/473/1593 472/471/1594 480/480/1595 479/479/1596
f 472/471/1597 470/470/1598 478/625/1599 480/480/1600
f 481/481/1601 482/482/1602 484/483/1603 483/484/1604
f 483/484/1605 484/483/1606 486/485/1607 485/486/1608
f 485/486/1609 486/485/1610 488/487/1611 487/488/1612
f 487/488/1613 488/487/1614 482/482/1615 481/481/1616
f 490/489/1617 489/624/1618 491/623/1619 492/622/1620
f 487/488/1621 481/481/1622 483/484/1623 485/486/1624
f 482/482/1625 488/487/1626 489/490/1627 490/621/1628
f 488/487/1629 486/485/1630 491/491/1631 489/490/1632
f 486/485/1633 484/483/1634 492/492/1635 491/491/1636
f 484/483/1637 482/482/1638 490/621/1639 492/492/1640
f 493/503/1641 494/501/1642 496/502/1643 495/504/1644
f 495/496/1645 496/495/1646 498/497/1647 497/498/1648
f 497/498/1649 498/497/1650 500/499/1651 499/500/1652
f 499/500/1653 500/499/1654 494/494/1655 493/493/1656
f 494/494/1657 500/499/1658 498/497/1659 496/495/1660
f 499/500/1661 493/493/1662 495/496/1663 497/498/1664
