# This file uses centimeters as units for non-parametric coordinates.

mtllib window.mtl
g default
v -1.053434 4.253296 1.855947
v -1.218682 4.253296 1.855947
v -1.053434 4.936447 1.855947
v -1.218682 4.936447 1.855947
v -1.053434 4.936447 2.319160
v -1.218682 4.936447 2.319160
v -1.053434 4.253296 2.319160
v -1.218682 4.253296 2.319160
v -1.180370 4.311824 2.279475
v -1.180370 4.311824 1.895632
v -1.180370 4.877919 2.279475
v -1.180370 4.877919 1.895632
v -1.053434 4.253296 0.816490
v -1.218682 4.253296 0.816490
v -1.053434 4.936447 0.816490
v -1.218682 4.936447 0.816490
v -1.053434 4.936447 1.279703
v -1.218682 4.936447 1.279703
v -1.053434 4.253296 1.279703
v -1.218682 4.253296 1.279703
v -1.180370 4.311824 1.240018
v -1.180370 4.311824 0.856175
v -1.180370 4.877919 1.240018
v -1.180370 4.877919 0.856175
v -1.053434 4.253296 0.091959
v -1.218682 4.253296 0.091959
v -1.053434 4.936447 0.091959
v -1.218682 4.936447 0.091959
v -1.053434 4.936447 0.555172
v -1.218682 4.936447 0.555172
v -1.053434 4.253296 0.555172
v -1.218682 4.253296 0.555172
v -1.180370 4.311824 0.515487
v -1.180370 4.311824 0.131644
v -1.180370 4.877919 0.515487
v -1.180370 4.877919 0.131644
v -1.053434 4.253296 -0.612387
v -1.218682 4.253296 -0.612387
v -1.053434 4.936447 -0.612387
v -1.218682 4.936447 -0.612387
v -1.053434 4.936447 -0.149174
v -1.218682 4.936447 -0.149174
v -1.053434 4.253296 -0.149174
v -1.218682 4.253296 -0.149174
v -1.180370 4.311824 -0.188859
v -1.180370 4.311824 -0.572702
v -1.180370 4.877919 -0.188859
v -1.180370 4.877919 -0.572702
v -1.053434 4.253296 -2.211897
v -1.218682 4.253296 -2.211897
v -1.053434 4.936447 -2.211897
v -1.218682 4.936447 -2.211897
v -1.053434 4.936447 -1.748684
v -1.218682 4.936447 -1.748684
v -1.053434 4.253296 -1.748684
v -1.218682 4.253296 -1.748684
v -1.180370 4.311824 -1.788369
v -1.180370 4.311824 -2.172212
v -1.180370 4.877919 -1.788369
v -1.180370 4.877919 -2.172212
v -1.053434 5.424715 -0.612387
v -1.218682 5.424715 -0.612387
v -1.053434 6.107865 -0.612387
v -1.218682 6.107865 -0.612387
v -1.053434 6.107865 -0.149174
v -1.218682 6.107865 -0.149174
v -1.053434 5.424715 -0.149174
v -1.218682 5.424715 -0.149174
v -1.180370 5.483243 -0.188859
v -1.180370 5.483243 -0.572702
v -1.180370 6.049337 -0.188859
v -1.180370 6.049337 -0.572702
v -1.053434 5.424715 0.091959
v -1.218682 5.424715 0.091959
v -1.053434 6.107865 0.091959
v -1.218682 6.107865 0.091959
v -1.053434 6.107865 0.555172
v -1.218682 6.107865 0.555172
v -1.053434 5.424715 0.555172
v -1.218682 5.424715 0.555172
v -1.180370 5.483243 0.515487
v -1.180370 5.483243 0.131644
v -1.180370 6.049337 0.515487
v -1.180370 6.049337 0.131644
v -1.053434 5.424715 0.816490
v -1.218682 5.424715 0.816490
v -1.053434 6.107865 0.816490
v -1.218682 6.107865 0.816490
v -1.053434 6.107865 1.279703
v -1.218682 6.107865 1.279703
v -1.053434 5.424715 1.279703
v -1.218682 5.424715 1.279703
v -1.180370 5.483243 1.240018
v -1.180370 5.483243 0.856175
v -1.180370 6.049337 1.240018
v -1.180370 6.049337 0.856175
v -1.053434 1.900950 -0.612387
v -1.218682 1.900950 -0.612387
v -1.053434 2.584100 -0.612387
v -1.218682 2.584100 -0.612387
v -1.053434 2.584100 -0.149174
v -1.218682 2.584100 -0.149174
v -1.053434 1.900950 -0.149174
v -1.218682 1.900950 -0.149174
v -1.180370 1.959478 -0.188859
v -1.180370 1.959478 -0.572702
v -1.180370 2.525572 -0.188859
v -1.180370 2.525572 -0.572702
v -1.053434 1.900950 0.091959
v -1.218682 1.900950 0.091959
v -1.053434 2.584100 0.091959
v -1.218682 2.584100 0.091959
v -1.053434 2.584100 0.555172
v -1.218682 2.584100 0.555172
v -1.053434 1.900950 0.555172
v -1.218682 1.900950 0.555172
v -1.180370 1.959478 0.515487
v -1.180370 1.959478 0.131644
v -1.180370 2.525572 0.515487
v -1.180370 2.525572 0.131644
v -1.053434 1.900950 0.816490
v -1.218682 1.900950 0.816490
v -1.053434 2.584100 0.816490
v -1.218682 2.584100 0.816490
v -1.053434 2.584100 1.279703
v -1.218682 2.584100 1.279703
v -1.053434 1.900950 1.279703
v -1.218682 1.900950 1.279703
v -1.180370 1.959478 1.240018
v -1.180370 1.959478 0.856175
v -1.180370 2.525572 1.240018
v -1.180370 2.525572 0.856175
v -1.053434 3.005134 -0.612387
v -1.218682 3.005134 -0.612387
v -1.053434 3.688284 -0.612387
v -1.218682 3.688284 -0.612387
v -1.053434 3.688284 -0.149174
v -1.218682 3.688284 -0.149174
v -1.053434 3.005134 -0.149174
v -1.218682 3.005134 -0.149174
v -1.180370 3.063662 -0.188859
v -1.180370 3.063662 -0.572702
v -1.180370 3.629756 -0.188859
v -1.180370 3.629756 -0.572702
v -1.053434 3.005134 0.091959
v -1.218682 3.005134 0.091959
v -1.053434 3.688284 0.091959
v -1.218682 3.688284 0.091959
v -1.053434 3.688284 0.555172
v -1.218682 3.688284 0.555172
v -1.053434 3.005134 0.555172
v -1.218682 3.005134 0.555172
v -1.180370 3.063662 0.515487
v -1.180370 3.063662 0.131644
v -1.180370 3.629756 0.515487
v -1.180370 3.629756 0.131644
v -1.053434 3.005134 0.816490
v -1.218682 3.005134 0.816490
v -1.053434 3.688284 0.816490
v -1.218682 3.688284 0.816490
v -1.053434 3.688284 1.279703
v -1.218682 3.688284 1.279703
v -1.053434 3.005134 1.279703
v -1.218682 3.005134 1.279703
v -1.180370 3.063662 1.240018
v -1.180370 3.063662 0.856175
v -1.180370 3.629756 1.240018
v -1.180370 3.629756 0.856175
v -1.053434 0.918961 0.816490
v -1.218682 0.918961 0.816490
v -1.053434 1.602111 0.816490
v -1.218682 1.602111 0.816490
v -1.053434 1.602111 1.279703
v -1.218682 1.602111 1.279703
v -1.053434 0.918961 1.279703
v -1.218682 0.918961 1.279703
v -1.180370 0.977489 1.240018
v -1.180370 0.977489 0.856175
v -1.180370 1.543583 1.240018
v -1.180370 1.543583 0.856175
v -1.053434 0.918961 0.091959
v -1.218682 0.918961 0.091959
v -1.053434 1.602111 0.091959
v -1.218682 1.602111 0.091959
v -1.053434 1.602111 0.555172
v -1.218682 1.602111 0.555172
v -1.053434 0.918961 0.555172
v -1.218682 0.918961 0.555172
v -1.180370 0.977489 0.515487
v -1.180370 0.977489 0.131644
v -1.180370 1.543583 0.515487
v -1.180370 1.543583 0.131644
v -1.053434 0.918961 -0.612387
v -1.218682 0.918961 -0.612387
v -1.053434 1.602111 -0.612387
v -1.218682 1.602111 -0.612387
v -1.053434 1.602111 -0.149174
v -1.218682 1.602111 -0.149174
v -1.053434 0.918961 -0.149174
v -1.218682 0.918961 -0.149174
v -1.180370 0.977489 -0.188859
v -1.180370 0.977489 -0.572702
v -1.180370 1.543583 -0.188859
v -1.180370 1.543583 -0.572702
v -1.053434 5.404511 -2.211897
v -1.218682 5.404511 -2.211897
v -1.053434 6.087661 -2.211897
v -1.218682 6.087661 -2.211897
v -1.053434 6.087661 -1.748684
v -1.218682 6.087661 -1.748684
v -1.053434 5.404511 -1.748684
v -1.218682 5.404511 -1.748684
v -1.180370 5.463039 -1.788369
v -1.180370 5.463039 -2.172212
v -1.180370 6.029133 -1.788369
v -1.180370 6.029133 -2.172212
v -1.053434 2.981558 -2.211897
v -1.218682 2.981558 -2.211897
v -1.053434 3.664708 -2.211897
v -1.218682 3.664708 -2.211897
v -1.053434 3.664708 -1.748684
v -1.218682 3.664708 -1.748684
v -1.053434 2.981558 -1.748684
v -1.218682 2.981558 -1.748684
v -1.180370 3.040086 -1.788369
v -1.180370 3.040086 -2.172212
v -1.180370 3.606180 -1.788369
v -1.180370 3.606180 -2.172212
v -1.053434 1.898489 -2.211897
v -1.218682 1.898489 -2.211897
v -1.053434 2.581640 -2.211897
v -1.218682 2.581640 -2.211897
v -1.053434 2.581640 -1.748684
v -1.218682 2.581640 -1.748684
v -1.053434 1.898489 -1.748684
v -1.218682 1.898489 -1.748684
v -1.180370 1.957017 -1.788369
v -1.180370 1.957017 -2.172212
v -1.180370 2.523112 -1.788369
v -1.180370 2.523112 -2.172212
v -1.053434 0.923198 -2.211897
v -1.218682 0.923198 -2.211897
v -1.053434 1.606349 -2.211897
v -1.218682 1.606349 -2.211897
v -1.053434 1.606349 -1.748684
v -1.218682 1.606349 -1.748684
v -1.053434 0.923198 -1.748684
v -1.218682 0.923198 -1.748684
v -1.180370 0.981726 -1.788369
v -1.180370 0.981726 -2.172212
v -1.180370 1.547821 -1.788369
v -1.180370 1.547821 -2.172212
v -1.053434 3.011551 1.855947
v -1.218682 3.011551 1.855947
v -1.053434 3.694701 1.855947
v -1.218682 3.694701 1.855947
v -1.053434 3.694701 2.319160
v -1.218682 3.694701 2.319160
v -1.053434 3.011551 2.319160
v -1.218682 3.011551 2.319160
v -1.180370 3.070079 2.279475
v -1.180370 3.070079 1.895632
v -1.180370 3.636173 2.279475
v -1.180370 3.636173 1.895632
v -1.053434 1.902468 1.855947
v -1.218682 1.902468 1.855947
v -1.053434 2.585619 1.855947
v -1.218682 2.585619 1.855947
v -1.053434 2.585619 2.319160
v -1.218682 2.585619 2.319160
v -1.053434 1.902468 2.319160
v -1.218682 1.902468 2.319160
v -1.180370 1.960996 2.279475
v -1.180370 1.960996 1.895632
v -1.180370 2.527091 2.279475
v -1.180370 2.527091 1.895632
v -1.053434 0.906206 1.855947
v -1.218682 0.906206 1.855947
v -1.053434 1.589356 1.855947
v -1.218682 1.589356 1.855947
v -1.053434 1.589356 2.319160
v -1.218682 1.589356 2.319160
v -1.053434 0.906206 2.319160
v -1.218682 0.906206 2.319160
v -1.180370 0.964734 2.279475
v -1.180370 0.964734 1.895632
v -1.180370 1.530828 2.279475
v -1.180370 1.530828 1.895632
v -1.021175 5.605435 1.765520
v -1.250942 5.605435 1.765520
v -1.021175 6.555309 1.765520
v -1.250942 6.555309 1.765520
v -1.021175 6.555309 2.409587
v -1.250942 6.555309 2.409587
v -1.021175 5.605435 2.409587
v -1.250942 5.605435 2.409587
v -1.197670 5.686814 2.354407
v -1.197670 5.686814 1.820700
v -1.197670 6.473930 2.354407
v -1.197670 6.473930 1.820700
v 0.511759 5.403673 -2.714070
v 0.511759 5.403673 -2.899723
v 0.511759 6.171180 -2.714070
v 0.511759 6.171180 -2.899723
v -0.435617 6.171180 -2.714070
v -0.435617 6.171180 -2.899723
v -0.435617 5.403673 -2.714070
v -0.435617 5.403673 -2.899723
v -0.354452 5.469429 -2.856679
v 0.430594 5.469429 -2.856679
v -0.354452 6.105424 -2.856679
v 0.430594 6.105424 -2.856679
v 0.407346 0.989049 -2.734531
v 0.407346 0.989049 -2.879261
v 0.407346 1.587377 -2.734531
v 0.407346 1.587377 -2.879261
v -0.331205 1.587377 -2.734531
v -0.331205 1.587377 -2.879261
v -0.331205 0.989049 -2.734531
v -0.331205 0.989049 -2.879261
v -0.267930 1.040310 -2.845706
v 0.344072 1.040310 -2.845706
v -0.267930 1.536116 -2.845706
v 0.344072 1.536116 -2.845706
v 0.407346 1.954301 -2.734531
v 0.407346 1.954301 -2.879261
v 0.407346 2.552629 -2.734531
v 0.407346 2.552629 -2.879261
v -0.331205 2.552629 -2.734531
v -0.331205 2.552629 -2.879261
v -0.331205 1.954301 -2.734531
v -0.331205 1.954301 -2.879261
v -0.267930 2.005562 -2.845706
v 0.344072 2.005562 -2.845706
v -0.267930 2.501368 -2.845706
v 0.344072 2.501368 -2.845706
v 0.511759 2.990020 -2.714070
v 0.511759 2.990020 -2.899723
v 0.511759 3.757526 -2.714070
v 0.511759 3.757526 -2.899723
v -0.435617 3.757526 -2.714070
v -0.435617 3.757526 -2.899723
v -0.435617 2.990020 -2.714070
v -0.435617 2.990020 -2.899723
v -0.354452 3.055775 -2.856679
v 0.430594 3.055775 -2.856679
v -0.354452 3.691771 -2.856679
v 0.430594 3.691771 -2.856679
v 0.511759 4.188609 -2.714070
v 0.511759 4.188609 -2.899723
v 0.511759 4.956116 -2.714070
v 0.511759 4.956116 -2.899723
v -0.435617 4.956116 -2.714070
v -0.435617 4.956116 -2.899723
v -0.435617 4.188609 -2.714070
v -0.435617 4.188609 -2.899723
v -0.354452 4.254364 -2.856679
v 0.430594 4.254364 -2.856679
v -0.354452 4.890360 -2.856679
v 0.430594 4.890360 -2.856679
v -0.331205 0.989049 2.776033
v -0.331205 0.989049 2.920763
v -0.331205 1.587377 2.776033
v -0.331205 1.587377 2.920763
v 0.407346 1.587377 2.776033
v 0.407346 1.587377 2.920763
v 0.407346 0.989049 2.776033
v 0.407346 0.989049 2.920763
v 0.344071 1.040310 2.887207
v -0.267930 1.040310 2.887207
v 0.344071 1.536116 2.887207
v -0.267930 1.536116 2.887207
v -0.331205 1.954301 2.776033
v -0.331205 1.954301 2.920763
v -0.331205 2.552629 2.776033
v -0.331205 2.552629 2.920763
v 0.407346 2.552629 2.776033
v 0.407346 2.552629 2.920763
v 0.407346 1.954301 2.776033
v 0.407346 1.954301 2.920763
v 0.344071 2.005562 2.887207
v -0.267930 2.005562 2.887207
v 0.344071 2.501368 2.887207
v -0.267930 2.501368 2.887207
v -0.435618 2.990020 2.755571
v -0.435618 2.990020 2.941224
v -0.435618 3.757526 2.755571
v -0.435618 3.757526 2.941224
v 0.511759 3.757526 2.755571
v 0.511759 3.757526 2.941224
v 0.511759 2.990020 2.755571
v 0.511759 2.990020 2.941224
v 0.430593 3.055775 2.898181
v -0.354452 3.055775 2.898181
v 0.430593 3.691771 2.898181
v -0.354452 3.691771 2.898181
v -0.435618 4.188609 2.755571
v -0.435618 4.188609 2.941224
v -0.435618 4.956116 2.755571
v -0.435618 4.956116 2.941224
v 0.511759 4.956116 2.755571
v 0.511759 4.956116 2.941224
v 0.511759 4.188609 2.755571
v 0.511759 4.188609 2.941224
v 0.430593 4.254364 2.898181
v -0.354452 4.254364 2.898181
v 0.430593 4.890360 2.898181
v -0.354452 4.890360 2.898181
v 1.002808 0.906206 2.319160
v 1.168056 0.906206 2.319160
v 1.002808 1.589356 2.319160
v 1.168056 1.589356 2.319160
v 1.002808 1.589356 1.855947
v 1.168056 1.589356 1.855947
v 1.002808 0.906206 1.855947
v 1.168056 0.906206 1.855947
v 1.129743 0.964734 1.895632
v 1.129743 0.964734 2.279475
v 1.129743 1.530828 1.895632
v 1.129743 1.530828 2.279475
v 1.002808 1.902468 2.319160
v 1.168056 1.902468 2.319160
v 1.002808 2.585619 2.319160
v 1.168056 2.585619 2.319160
v 1.002808 2.585619 1.855947
v 1.168056 2.585619 1.855947
v 1.002808 1.902468 1.855947
v 1.168056 1.902468 1.855947
v 1.129743 1.960996 1.895632
v 1.129743 1.960996 2.279475
v 1.129743 2.527091 1.895632
v 1.129743 2.527091 2.279475
v 1.002808 3.011551 2.319160
v 1.168056 3.011551 2.319160
v 1.002808 3.694701 2.319160
v 1.168056 3.694701 2.319160
v 1.002808 3.694701 1.855947
v 1.168056 3.694701 1.855947
v 1.002808 3.011551 1.855947
v 1.168056 3.011551 1.855947
v 1.129743 3.070079 1.895632
v 1.129743 3.070079 2.279475
v 1.129743 3.636173 1.895632
v 1.129743 3.636173 2.279475
v -0.548171 5.605435 2.733515
v -0.548171 5.605435 2.963281
v -0.548171 6.555309 2.733515
v -0.548171 6.555309 2.963281
v 0.624312 6.555309 2.733515
v 0.624312 6.555309 2.963281
v 0.624312 5.605435 2.733515
v 0.624312 5.605435 2.963281
v 0.523861 5.686814 2.910010
v -0.447720 5.686814 2.910010
v 0.523861 6.473930 2.910010
v -0.447720 6.473930 2.910010
v 1.002808 0.923198 -1.748684
v 1.168056 0.923198 -1.748684
v 1.002808 1.606349 -1.748684
v 1.168056 1.606349 -1.748684
v 1.002808 1.606349 -2.211897
v 1.168056 1.606349 -2.211897
v 1.002808 0.923198 -2.211897
v 1.168056 0.923198 -2.211897
v 1.129743 0.981726 -2.172212
v 1.129743 0.981726 -1.788369
v 1.129743 1.547821 -2.172212
v 1.129743 1.547821 -1.788369
v 1.002808 1.898489 -1.748684
v 1.168056 1.898489 -1.748684
v 1.002808 2.581640 -1.748684
v 1.168056 2.581640 -1.748684
v 1.002808 2.581640 -2.211897
v 1.168056 2.581640 -2.211897
v 1.002808 1.898489 -2.211897
v 1.168056 1.898489 -2.211897
v 1.129743 1.957017 -2.172212
v 1.129743 1.957017 -1.788369
v 1.129743 2.523112 -2.172212
v 1.129743 2.523112 -1.788369
v 1.002808 2.981558 -1.748684
v 1.168056 2.981558 -1.748684
v 1.002808 3.664708 -1.748684
v 1.168056 3.664708 -1.748684
v 1.002808 3.664708 -2.211897
v 1.168056 3.664708 -2.211897
v 1.002808 2.981558 -2.211897
v 1.168056 2.981558 -2.211897
v 1.129743 3.040086 -2.172212
v 1.129743 3.040086 -1.788369
v 1.129743 3.606180 -2.172212
v 1.129743 3.606180 -1.788369
v 1.002808 5.404511 -1.748684
v 1.168056 5.404511 -1.748684
v 1.002808 6.087661 -1.748684
v 1.168056 6.087661 -1.748684
v 1.002808 6.087661 -2.211897
v 1.168056 6.087661 -2.211897
v 1.002808 5.404511 -2.211897
v 1.168056 5.404511 -2.211897
v 1.129743 5.463039 -2.172212
v 1.129743 5.463039 -1.788369
v 1.129743 6.029133 -2.172212
v 1.129743 6.029133 -1.788369
v 1.002808 0.918961 -0.149173
v 1.168056 0.918961 -0.149173
v 1.002808 1.602111 -0.149173
v 1.168056 1.602111 -0.149173
v 1.002808 1.602111 -0.612387
v 1.168056 1.602111 -0.612387
v 1.002808 0.918961 -0.612387
v 1.168056 0.918961 -0.612387
v 1.129743 0.977489 -0.572701
v 1.129743 0.977489 -0.188859
v 1.129743 1.543583 -0.572701
v 1.129743 1.543583 -0.188859
v 1.002808 0.918961 0.555172
v 1.168056 0.918961 0.555172
v 1.002808 1.602111 0.555172
v 1.168056 1.602111 0.555172
v 1.002808 1.602111 0.091959
v 1.168056 1.602111 0.091959
v 1.002808 0.918961 0.091959
v 1.168056 0.918961 0.091959
v 1.129743 0.977489 0.131644
v 1.129743 0.977489 0.515487
v 1.129743 1.543583 0.131644
v 1.129743 1.543583 0.515487
v 1.002808 0.918961 1.279703
v 1.168056 0.918961 1.279703
v 1.002808 1.602111 1.279703
v 1.168056 1.602111 1.279703
v 1.002808 1.602111 0.816490
v 1.168056 1.602111 0.816490
v 1.002808 0.918961 0.816490
v 1.168056 0.918961 0.816490
v 1.129743 0.977489 0.856175
v 1.129743 0.977489 1.240018
v 1.129743 1.543583 0.856175
v 1.129743 1.543583 1.240018
v 1.002808 3.005134 1.279703
v 1.168056 3.005134 1.279703
v 1.002808 3.688284 1.279703
v 1.168056 3.688284 1.279703
v 1.002808 3.688284 0.816490
v 1.168056 3.688284 0.816490
v 1.002808 3.005134 0.816490
v 1.168056 3.005134 0.816490
v 1.129743 3.063662 0.856175
v 1.129743 3.063662 1.240018
v 1.129743 3.629756 0.856175
v 1.129743 3.629756 1.240018
v 1.002808 3.005134 0.555172
v 1.168056 3.005134 0.555172
v 1.002808 3.688284 0.555172
v 1.168056 3.688284 0.555172
v 1.002808 3.688284 0.091959
v 1.168056 3.688284 0.091959
v 1.002808 3.005134 0.091959
v 1.168056 3.005134 0.091959
v 1.129743 3.063662 0.131644
v 1.129743 3.063662 0.515487
v 1.129743 3.629756 0.131644
v 1.129743 3.629756 0.515487
v 1.002808 3.005134 -0.149173
v 1.168056 3.005134 -0.149173
v 1.002808 3.688284 -0.149173
v 1.168056 3.688284 -0.149173
v 1.002808 3.688284 -0.612387
v 1.168056 3.688284 -0.612387
v 1.002808 3.005134 -0.612387
v 1.168056 3.005134 -0.612387
v 1.129743 3.063662 -0.572701
v 1.129743 3.063662 -0.188859
v 1.129743 3.629756 -0.572701
v 1.129743 3.629756 -0.188859
v 1.002808 1.900950 1.279703
v 1.168056 1.900950 1.279703
v 1.002808 2.584100 1.279703
v 1.168056 2.584100 1.279703
v 1.002808 2.584100 0.816490
v 1.168056 2.584100 0.816490
v 1.002808 1.900950 0.816490
v 1.168056 1.900950 0.816490
v 1.129743 1.959478 0.856175
v 1.129743 1.959478 1.240018
v 1.129743 2.525572 0.856175
v 1.129743 2.525572 1.240018
v 1.002808 1.900950 0.555172
v 1.168056 1.900950 0.555172
v 1.002808 2.584100 0.555172
v 1.168056 2.584100 0.555172
v 1.002808 2.584100 0.091959
v 1.168056 2.584100 0.091959
v 1.002808 1.900950 0.091959
v 1.168056 1.900950 0.091959
v 1.129743 1.959478 0.131644
v 1.129743 1.959478 0.515487
v 1.129743 2.525572 0.131644
v 1.129743 2.525572 0.515487
v 1.002808 1.900950 -0.149173
v 1.168056 1.900950 -0.149173
v 1.002808 2.584100 -0.149173
v 1.168056 2.584100 -0.149173
v 1.002808 2.584100 -0.612387
v 1.168056 2.584100 -0.612387
v 1.002808 1.900950 -0.612387
v 1.168056 1.900950 -0.612387
v 1.129743 1.959478 -0.572701
v 1.129743 1.959478 -0.188859
v 1.129743 2.525572 -0.572701
v 1.129743 2.525572 -0.188859
v 1.002808 5.424715 1.279703
v 1.168056 5.424715 1.279703
v 1.002808 6.107865 1.279703
v 1.168056 6.107865 1.279703
v 1.002808 6.107865 0.816490
v 1.168056 6.107865 0.816490
v 1.002808 5.424715 0.816490
v 1.168056 5.424715 0.816490
v 1.129743 5.483243 0.856175
v 1.129743 5.483243 1.240018
v 1.129743 6.049337 0.856175
v 1.129743 6.049337 1.240018
v 1.002808 5.424715 0.555172
v 1.168056 5.424715 0.555172
v 1.002808 6.107865 0.555172
v 1.168056 6.107865 0.555172
v 1.002808 6.107865 0.091959
v 1.168056 6.107865 0.091959
v 1.002808 5.424715 0.091959
v 1.168056 5.424715 0.091959
v 1.129743 5.483243 0.131644
v 1.129743 5.483243 0.515487
v 1.129743 6.049337 0.131644
v 1.129743 6.049337 0.515487
v 1.002808 5.424715 -0.149173
v 1.168056 5.424715 -0.149173
v 1.002808 6.107865 -0.149173
v 1.168056 6.107865 -0.149173
v 1.002808 6.107865 -0.612387
v 1.168056 6.107865 -0.612387
v 1.002808 5.424715 -0.612387
v 1.168056 5.424715 -0.612387
v 1.129743 5.483243 -0.572701
v 1.129743 5.483243 -0.188859
v 1.129743 6.049337 -0.572701
v 1.129743 6.049337 -0.188859
v 1.002808 4.253296 -1.748684
v 1.168056 4.253296 -1.748684
v 1.002808 4.936447 -1.748684
v 1.168056 4.936447 -1.748684
v 1.002808 4.936447 -2.211897
v 1.168056 4.936447 -2.211897
v 1.002808 4.253296 -2.211897
v 1.168056 4.253296 -2.211897
v 1.129743 4.311824 -2.172212
v 1.129743 4.311824 -1.788369
v 1.129743 4.877919 -2.172212
v 1.129743 4.877919 -1.788369
v 1.002808 4.253296 -0.149173
v 1.168056 4.253296 -0.149173
v 1.002808 4.936447 -0.149173
v 1.168056 4.936447 -0.149173
v 1.002808 4.936447 -0.612387
v 1.168056 4.936447 -0.612387
v 1.002808 4.253296 -0.612387
v 1.168056 4.253296 -0.612387
v 1.129743 4.311824 -0.572701
v 1.129743 4.311824 -0.188859
v 1.129743 4.877919 -0.572701
v 1.129743 4.877919 -0.188859
v 1.002808 4.253296 0.555172
v 1.168056 4.253296 0.555172
v 1.002808 4.936447 0.555172
v 1.168056 4.936447 0.555172
v 1.002808 4.936447 0.091959
v 1.168056 4.936447 0.091959
v 1.002808 4.253296 0.091959
v 1.168056 4.253296 0.091959
v 1.129743 4.311824 0.131644
v 1.129743 4.311824 0.515487
v 1.129743 4.877919 0.131644
v 1.129743 4.877919 0.515487
v 1.002808 4.253296 1.279703
v 1.168056 4.253296 1.279703
v 1.002808 4.936447 1.279703
v 1.168056 4.936447 1.279703
v 1.002808 4.936447 0.816490
v 1.168056 4.936447 0.816490
v 1.002808 4.253296 0.816490
v 1.168056 4.253296 0.816490
v 1.129743 4.311824 0.856175
v 1.129743 4.311824 1.240018
v 1.129743 4.877919 0.856175
v 1.129743 4.877919 1.240018
v 1.002808 4.253296 2.319160
v 1.168056 4.253296 2.319160
v 1.002808 4.936447 2.319160
v 1.168056 4.936447 2.319160
v 1.002808 4.936447 1.855947
v 1.168056 4.936447 1.855947
v 1.002808 4.253296 1.855947
v 1.168056 4.253296 1.855947
v 1.129743 4.311824 1.895632
v 1.129743 4.311824 2.279475
v 1.129743 4.877919 1.895632
v 1.129743 4.877919 2.279475
v 0.970549 5.605435 2.409587
v 1.200315 5.605435 2.409587
v 0.970549 6.555309 2.409587
v 1.200315 6.555309 2.409587
v 0.970549 6.555309 1.765520
v 1.200315 6.555309 1.765520
v 0.970549 5.605435 1.765520
v 1.200315 5.605435 1.765520
v 1.147044 5.686814 1.820700
v 1.147044 5.686814 2.354407
v 1.147044 6.473930 1.820700
v 1.147044 6.473930 2.354407
vt 0.332428 0.700569
vt 0.340077 0.683616
vt 0.350181 0.786361
vt 0.338621 0.772131
vt 0.276241 0.786209
vt 0.287940 0.770834
vt 0.272612 0.681589
vt 0.285651 0.696469
vt 0.800885 0.479997
vt 0.267300 0.681333
vt 0.270775 0.786198
vt 0.355155 0.786685
vt 0.330273 0.698077
vt 0.339498 0.683719
vt 0.351023 0.786593
vt 0.339523 0.773816
vt 0.276315 0.786147
vt 0.288123 0.773682
vt 0.272125 0.681668
vt 0.283059 0.695013
vt 0.800885 0.479997
vt 0.266836 0.681399
vt 0.270823 0.786168
vt 0.355619 0.786619
vt 0.330249 0.698103
vt 0.339446 0.683711
vt 0.351031 0.786605
vt 0.339527 0.773830
vt 0.276311 0.786216
vt 0.288105 0.773722
vt 0.272130 0.681649
vt 0.283047 0.695014
vt 0.800888 0.480000
vt 0.266845 0.681368
vt 0.270851 0.786263
vt 0.355610 0.786650
vt 0.351912 0.749786
vt 0.367654 0.763862
vt 0.254773 0.756390
vt 0.271640 0.749758
vt 0.259227 0.701834
vt 0.274487 0.711137
vt 0.364029 0.694088
vt 0.345780 0.699837
vt 0.800888 0.480001
vt 0.364007 0.688641
vt 0.260047 0.688752
vt 0.253974 0.761695
vt 0.330174 0.698173
vt 0.339289 0.683685
vt 0.351065 0.786636
vt 0.339548 0.773869
vt 0.276313 0.786422
vt 0.288062 0.773838
vt 0.272132 0.681599
vt 0.283004 0.695015
vt 0.800885 0.479996
vt 0.266856 0.681283
vt 0.270944 0.786536
vt 0.355599 0.786735
vt 0.330212 0.698152
vt 0.339382 0.683731
vt 0.350989 0.786642
vt 0.339495 0.773857
vt 0.276245 0.786270
vt 0.288040 0.773758
vt 0.272190 0.681609
vt 0.283057 0.695011
vt 0.800888 0.480001
vt 0.266915 0.681287
vt 0.270838 0.786370
vt 0.355540 0.786731
vt 0.330236 0.698129
vt 0.339433 0.683739
vt 0.350978 0.786632
vt 0.339489 0.773844
vt 0.276245 0.786203
vt 0.288055 0.773721
vt 0.272189 0.681625
vt 0.283070 0.695011
vt 0.800887 0.480000
vt 0.266911 0.681314
vt 0.270808 0.786281
vt 0.355544 0.786704
vt 0.330260 0.698103
vt 0.339485 0.683748
vt 0.350970 0.786619
vt 0.339484 0.773830
vt 0.276247 0.786132
vt 0.288072 0.773681
vt 0.272185 0.681644
vt 0.283083 0.695011
vt 0.800884 0.479995
vt 0.266903 0.681345
vt 0.270779 0.786185
vt 0.355552 0.786673
vt 0.332735 0.700998
vt 0.340176 0.683741
vt 0.350206 0.786445
vt 0.338621 0.772098
vt 0.276450 0.786231
vt 0.288031 0.770577
vt 0.272743 0.681613
vt 0.285969 0.696658
vt 0.800884 0.479995
vt 0.267288 0.681235
vt 0.270854 0.786311
vt 0.355155 0.786783
vt 0.332519 0.700638
vt 0.340092 0.683596
vt 0.350201 0.786424
vt 0.338687 0.772154
vt 0.276794 0.785997
vt 0.288301 0.770615
vt 0.272606 0.681511
vt 0.285720 0.696406
vt 0.800888 0.480002
vt 0.267290 0.681277
vt 0.270823 0.786253
vt 0.355165 0.786741
vt 0.332505 0.700588
vt 0.340096 0.683573
vt 0.350242 0.786365
vt 0.338722 0.772117
vt 0.276843 0.785969
vt 0.288358 0.770613
vt 0.272550 0.681577
vt 0.285692 0.696428
vt 0.800885 0.479997
vt 0.267232 0.681360
vt 0.270837 0.786205
vt 0.355223 0.786658
vt 0.330245 0.698092
vt 0.339420 0.683672
vt 0.351093 0.786585
vt 0.339573 0.773826
vt 0.276382 0.786277
vt 0.288147 0.773747
vt 0.272070 0.681661
vt 0.283013 0.695016
vt 0.800889 0.480003
vt 0.266781 0.681402
vt 0.270917 0.786306
vt 0.355674 0.786616
vt 0.324353 0.711039
vt 0.330950 0.682293
vt 0.338515 0.792267
vt 0.326254 0.770317
vt 0.295196 0.790434
vt 0.302783 0.769825
vt 0.284928 0.701922
vt 0.298886 0.716227
vt 0.800888 0.480001
vt 0.269581 0.699293
vt 0.275830 0.789665
vt 0.352861 0.800023
vt 0.332688 0.700919
vt 0.340168 0.683724
vt 0.350243 0.786363
vt 0.338664 0.772032
vt 0.276483 0.786186
vt 0.288096 0.770583
vt 0.272704 0.681706
vt 0.285933 0.696700
vt 0.800886 0.479998
vt 0.267246 0.681334
vt 0.270861 0.786270
vt 0.355208 0.786684
vt 0.348373 0.747082
vt 0.365740 0.753182
vt 0.256145 0.772206
vt 0.271371 0.759520
vt 0.257868 0.718037
vt 0.276316 0.721261
vt 0.361354 0.694087
vt 0.347793 0.705307
vt 0.800884 0.479995
vt 0.361017 0.688547
vt 0.258361 0.688517
vt 0.255634 0.779501
vt 0.334357 0.749739
vt 0.355647 0.766332
vt 0.275483 0.758420
vt 0.290743 0.748159
vt 0.269138 0.726625
vt 0.289316 0.730900
vt 0.350102 0.703705
vt 0.334424 0.725038
vt 0.800890 0.480003
vt 0.358663 0.668888
vt 0.263791 0.708434
vt 0.267981 0.770826
vt 0.348373 0.747079
vt 0.365740 0.753179
vt 0.256145 0.772206
vt 0.271370 0.759520
vt 0.257866 0.718037
vt 0.276314 0.721260
vt 0.361351 0.694084
vt 0.347791 0.705304
vt 0.800888 0.480001
vt 0.361014 0.688543
vt 0.258359 0.688517
vt 0.255634 0.779501
vt 0.330160 0.698198
vt 0.339273 0.683710
vt 0.351018 0.786662
vt 0.339514 0.773882
vt 0.276254 0.786415
vt 0.288016 0.773839
vt 0.272184 0.681577
vt 0.283024 0.695013
vt 0.800888 0.480001
vt 0.266916 0.681232
vt 0.270907 0.786559
vt 0.355539 0.786786
vt 0.289322 0.730918
vt 0.269143 0.726648
vt 0.350101 0.703707
vt 0.334429 0.725044
vt 0.355662 0.766333
vt 0.334368 0.749746
vt 0.275496 0.758441
vt 0.290753 0.748176
vt 0.800884 0.479995
vt 0.267997 0.770850
vt 0.358663 0.799130
vt 0.358653 0.668888
vt 0.333233 0.693020
vt 0.341751 0.676384
vt 0.342152 0.788630
vt 0.335372 0.772498
vt 0.296771 0.785457
vt 0.303863 0.769530
vt 0.280901 0.676841
vt 0.291187 0.692170
vt 0.800880 0.479989
vt 0.275391 0.676884
vt 0.269005 0.783551
vt 0.353450 0.791902
vt 0.321175 0.697384
vt 0.326296 0.679308
vt 0.340445 0.795359
vt 0.333075 0.780234
vt 0.294250 0.795638
vt 0.299221 0.777612
vt 0.279955 0.673214
vt 0.287154 0.692351
vt 0.800886 0.479997
vt 0.272870 0.672074
vt 0.272985 0.795944
vt 0.346972 0.795318
vt 0.350628 0.751802
vt 0.368366 0.761436
vt 0.254869 0.763978
vt 0.270463 0.755843
vt 0.253609 0.708288
vt 0.268744 0.716497
vt 0.364606 0.698850
vt 0.349021 0.708535
vt 0.800887 0.479999
vt 0.364300 0.693062
vt 0.253088 0.693073
vt 0.254722 0.769781
vt 0.337039 0.759457
vt 0.354052 0.768269
vt 0.265301 0.776262
vt 0.279369 0.760900
vt 0.261901 0.710394
vt 0.279412 0.724579
vt 0.355779 0.717411
vt 0.338969 0.726592
vt 0.800886 0.479997
vt 0.362234 0.709513
vt 0.260225 0.679224
vt 0.260221 0.788794
vt 0.321163 0.697412
vt 0.326295 0.679338
vt 0.340377 0.795398
vt 0.333016 0.780269
vt 0.294181 0.795651
vt 0.299163 0.777627
vt 0.279957 0.673218
vt 0.287145 0.692359
vt 0.800881 0.479990
vt 0.272874 0.672074
vt 0.272916 0.795944
vt 0.346904 0.795361
vt 0.358494 0.762000
vt 0.382494 0.771509
vt 0.233017 0.786904
vt 0.254554 0.769160
vt 0.230056 0.682732
vt 0.257331 0.700193
vt 0.390660 0.712685
vt 0.369113 0.721253
vt 0.812402 0.472183
vt 0.393062 0.702562
vt 0.229393 0.670463
vt 0.232668 0.797555
vt 0.354506 0.791008
vt 0.363084 0.809980
vt 0.263687 0.815371
vt 0.276489 0.800357
vt 0.261155 0.661279
vt 0.268176 0.681046
vt 0.357929 0.652916
vt 0.347458 0.673103
vt 0.738235 0.540915
vt 0.368115 0.651797
vt 0.255414 0.661706
vt 0.254312 0.816221
vt 0.271039 0.768939
vt 0.255546 0.777489
vt 0.250950 0.689986
vt 0.267189 0.698501
vt 0.370501 0.694265
vt 0.356310 0.699503
vt 0.368691 0.761748
vt 0.356563 0.753923
vt 0.745539 0.531895
vt 0.368419 0.777146
vt 0.372283 0.687430
vt 0.250171 0.687409
vt 0.271034 0.768940
vt 0.255540 0.777489
vt 0.250950 0.689985
vt 0.267188 0.698502
vt 0.370500 0.694273
vt 0.356309 0.699510
vt 0.368686 0.761756
vt 0.356558 0.753930
vt 0.745539 0.531894
vt 0.368413 0.777154
vt 0.372283 0.687438
vt 0.250171 0.687409
vt 0.355814 0.789757
vt 0.365122 0.808281
vt 0.260343 0.812270
vt 0.274224 0.798067
vt 0.260249 0.662013
vt 0.267944 0.681469
vt 0.361416 0.655921
vt 0.349744 0.674942
vt 0.738244 0.540922
vt 0.369969 0.654820
vt 0.254692 0.662360
vt 0.252486 0.813198
vt 0.349088 0.695305
vt 0.369858 0.686996
vt 0.383408 0.780493
vt 0.357084 0.774247
vt 0.226346 0.783883
vt 0.252752 0.778607
vt 0.233498 0.688717
vt 0.253108 0.698739
vt 0.738231 0.540912
vt 0.234319 0.677751
vt 0.222201 0.790537
vt 0.400254 0.790527
vt 0.348606 0.781060
vt 0.358336 0.792951
vt 0.264855 0.792806
vt 0.275679 0.779947
vt 0.268007 0.684310
vt 0.275809 0.698938
vt 0.345880 0.675764
vt 0.339860 0.692909
vt 0.745542 0.531897
vt 0.351778 0.675034
vt 0.262722 0.684567
vt 0.260894 0.792981
vt 0.345956 0.776628
vt 0.353181 0.791195
vt 0.271426 0.794939
vt 0.281907 0.783887
vt 0.271192 0.678479
vt 0.277135 0.693884
vt 0.350418 0.673229
vt 0.341313 0.688491
vt 0.745542 0.531897
vt 0.357209 0.672524
vt 0.266544 0.678694
vt 0.265246 0.795494
vt 0.262205 0.774342
vt 0.242642 0.784521
vt 0.237820 0.678219
vt 0.259981 0.687520
vt 0.390011 0.678464
vt 0.373970 0.688484
vt 0.380865 0.785919
vt 0.365513 0.773547
vt 0.738235 0.540915
vt 0.380436 0.794411
vt 0.391089 0.673608
vt 0.231365 0.673839
vt 0.252752 0.778607
vt 0.226346 0.783883
vt 0.233498 0.688717
vt 0.253108 0.698739
vt 0.369857 0.686996
vt 0.349088 0.695305
vt 0.383408 0.780493
vt 0.357084 0.774247
vt 0.738235 0.540915
vt 0.400254 0.790527
vt 0.369713 0.677482
vt 0.234319 0.677752
vt 0.334368 0.749745
vt 0.355662 0.766332
vt 0.275496 0.758440
vt 0.290753 0.748176
vt 0.269143 0.726647
vt 0.289322 0.730917
vt 0.350101 0.703707
vt 0.334429 0.725044
vt 0.800887 0.479999
vt 0.358654 0.668888
vt 0.263792 0.708458
vt 0.267997 0.770849
vt 0.348374 0.747084
vt 0.365741 0.753184
vt 0.256145 0.772206
vt 0.271371 0.759521
vt 0.257869 0.718037
vt 0.276316 0.721261
vt 0.361355 0.694089
vt 0.347794 0.705308
vt 0.800890 0.480004
vt 0.361019 0.688549
vt 0.258363 0.688517
vt 0.255634 0.779501
vt 0.332586 0.700685
vt 0.340141 0.683578
vt 0.350122 0.786510
vt 0.338620 0.772199
vt 0.276688 0.785963
vt 0.288210 0.770566
vt 0.272719 0.681372
vt 0.285797 0.696334
vt 0.800890 0.480004
vt 0.267383 0.681148
vt 0.270759 0.786206
vt 0.355072 0.786870
vt 0.238856 0.789204
vt 0.206176 0.795732
vt 0.215027 0.677955
vt 0.239297 0.690357
vt 0.383790 0.675826
vt 0.358084 0.686108
vt 0.400559 0.791537
vt 0.367979 0.783808
vt 0.730359 0.550636
vt 0.421409 0.803955
vt 0.383611 0.664051
vt 0.216042 0.664385
vt 0.280562 0.725378
vt 0.262760 0.710810
vt 0.355372 0.719088
vt 0.338361 0.728108
vt 0.353789 0.768125
vt 0.336500 0.759550
vt 0.265813 0.776681
vt 0.280313 0.761049
vt 0.800886 0.479998
vt 0.260220 0.789695
vt 0.354569 0.781420
vt 0.362234 0.710864
vt 0.280572 0.725387
vt 0.262761 0.710819
vt 0.355419 0.719147
vt 0.338383 0.728153
vt 0.353828 0.768157
vt 0.336518 0.759587
vt 0.265773 0.776664
vt 0.280311 0.761047
vt 0.800884 0.479995
vt 0.260165 0.789655
vt 0.354633 0.781419
vt 0.362290 0.710945
vt 0.321174 0.697384
vt 0.326296 0.679308
vt 0.340445 0.795359
vt 0.333075 0.780234
vt 0.294250 0.795639
vt 0.299221 0.777612
vt 0.279955 0.673214
vt 0.287154 0.692351
vt 0.800887 0.480000
vt 0.272871 0.672074
vt 0.272984 0.795944
vt 0.346972 0.795319
vt 0.321175 0.697384
vt 0.326296 0.679307
vt 0.340446 0.795359
vt 0.333076 0.780234
vt 0.294250 0.795639
vt 0.299221 0.777612
vt 0.279955 0.673214
vt 0.287154 0.692351
vt 0.800882 0.479992
vt 0.272871 0.672074
vt 0.272985 0.795944
vt 0.346972 0.795319
vt 0.334354 0.749738
vt 0.355644 0.766332
vt 0.275479 0.758416
vt 0.290740 0.748156
vt 0.269136 0.726621
vt 0.289315 0.730897
vt 0.350102 0.703704
vt 0.334423 0.725037
vt 0.800886 0.479998
vt 0.358664 0.668888
vt 0.263790 0.708430
vt 0.267977 0.770822
vt 0.332481 0.700624
vt 0.339887 0.683403
vt 0.350445 0.786339
vt 0.338836 0.772108
vt 0.277039 0.786208
vt 0.288416 0.770685
vt 0.272393 0.681540
vt 0.285612 0.696436
vt 0.800884 0.479996
vt 0.267061 0.681366
vt 0.271090 0.786429
vt 0.355393 0.786652
vt 0.289314 0.730897
vt 0.269136 0.726621
vt 0.350101 0.703705
vt 0.334422 0.725037
vt 0.355643 0.766331
vt 0.334354 0.749738
vt 0.275479 0.758415
vt 0.290740 0.748156
vt 0.800885 0.479996
vt 0.267977 0.770822
vt 0.358635 0.799130
vt 0.358664 0.668888
vt 0.330278 0.698083
vt 0.339409 0.683594
vt 0.351113 0.786601
vt 0.339588 0.773843
vt 0.276384 0.786335
vt 0.288130 0.773761
vt 0.272081 0.681593
vt 0.283021 0.694964
vt 0.800884 0.479995
vt 0.266770 0.681368
vt 0.270943 0.786342
vt 0.355685 0.786650
vt 0.289315 0.730898
vt 0.269137 0.726622
vt 0.350102 0.703705
vt 0.334423 0.725037
vt 0.355645 0.766331
vt 0.334355 0.749739
vt 0.275481 0.758417
vt 0.290741 0.748157
vt 0.800890 0.480004
vt 0.267978 0.770823
vt 0.358636 0.799130
vt 0.358664 0.668888
vt 0.348366 0.747056
vt 0.365735 0.753151
vt 0.256145 0.772207
vt 0.271367 0.759516
vt 0.257852 0.718037
vt 0.276301 0.721255
vt 0.361332 0.694058
vt 0.347774 0.705281
vt 0.800885 0.479997
vt 0.360994 0.688517
vt 0.258338 0.688517
vt 0.255636 0.779501
vt 0.332471 0.700628
vt 0.339910 0.683438
vt 0.350385 0.786361
vt 0.338799 0.772110
vt 0.276962 0.786168
vt 0.288375 0.770675
vt 0.272458 0.681517
vt 0.285634 0.696431
vt 0.800888 0.480001
vt 0.267124 0.681325
vt 0.271033 0.786416
vt 0.355331 0.786693
vt 0.289324 0.730914
vt 0.269144 0.726643
vt 0.350104 0.703707
vt 0.334430 0.725043
vt 0.355662 0.766332
vt 0.334368 0.749744
vt 0.275495 0.758436
vt 0.290753 0.748173
vt 0.800890 0.480004
vt 0.267996 0.770845
vt 0.358661 0.799130
vt 0.358658 0.668888
vt 0.289322 0.730920
vt 0.269142 0.726651
vt 0.350099 0.703707
vt 0.334428 0.725045
vt 0.355663 0.766333
vt 0.334367 0.749747
vt 0.275496 0.758444
vt 0.290753 0.748179
vt 0.800884 0.479995
vt 0.267997 0.770853
vt 0.358665 0.799130
vt 0.358651 0.668888
vt 0.303476 0.765488
vt 0.297005 0.782122
vt 0.282581 0.674532
vt 0.291909 0.689696
vt 0.340306 0.674193
vt 0.331984 0.690344
vt 0.346169 0.791914
vt 0.336364 0.772286
vt 0.800885 0.479997
vt 0.353178 0.794091
vt 0.353059 0.673927
vt 0.276913 0.674349
vt 0.334362 0.749742
vt 0.355654 0.766332
vt 0.275489 0.758427
vt 0.290748 0.748165
vt 0.269141 0.726633
vt 0.289320 0.730906
vt 0.350103 0.703706
vt 0.334427 0.725040
vt 0.800885 0.479997
vt 0.358662 0.668888
vt 0.263793 0.708443
vt 0.267988 0.770834
vt 0.303492 0.765448
vt 0.297008 0.782077
vt 0.282671 0.674475
vt 0.291987 0.689646
vt 0.340396 0.674183
vt 0.332061 0.690327
vt 0.346164 0.791908
vt 0.336375 0.772272
vt 0.800885 0.479997
vt 0.353171 0.794091
vt 0.353150 0.673927
vt 0.277003 0.674287
vt 0.348371 0.747074
vt 0.365738 0.753173
vt 0.256145 0.772207
vt 0.271369 0.759519
vt 0.257863 0.718037
vt 0.276311 0.721259
vt 0.361347 0.694079
vt 0.347787 0.705299
vt 0.800885 0.479997
vt 0.361010 0.688538
vt 0.258354 0.688517
vt 0.255635 0.779501
vt 0.324355 0.711041
vt 0.330950 0.682295
vt 0.338522 0.792268
vt 0.326260 0.770319
vt 0.295204 0.790438
vt 0.302789 0.769828
vt 0.284929 0.701927
vt 0.298889 0.716230
vt 0.800885 0.479997
vt 0.269582 0.699298
vt 0.275838 0.789670
vt 0.352869 0.800023
vt 0.303493 0.765445
vt 0.297008 0.782073
vt 0.282677 0.674471
vt 0.291992 0.689643
vt 0.340402 0.674182
vt 0.332067 0.690326
vt 0.346163 0.791908
vt 0.336376 0.772272
vt 0.800885 0.479997
vt 0.353170 0.794091
vt 0.353156 0.673927
vt 0.277010 0.674282
vt 0.331664 0.690415
vt 0.339931 0.674237
vt 0.346190 0.791937
vt 0.336319 0.772342
vt 0.296993 0.782311
vt 0.303408 0.765655
vt 0.282208 0.674770
vt 0.291587 0.689902
vt 0.800885 0.479997
vt 0.276539 0.674605
vt 0.269249 0.777284
vt 0.353206 0.794091
vt 0.269863 0.709923
vt 0.257011 0.697407
vt 0.364798 0.696408
vt 0.350897 0.706660
vt 0.363181 0.770136
vt 0.350778 0.757110
vt 0.259966 0.772587
vt 0.273806 0.762471
vt 0.800884 0.479995
vt 0.260135 0.777098
vt 0.363149 0.773942
vt 0.365862 0.691551
vt 0.367794 0.755947
vt 0.389673 0.775513
vt 0.232671 0.764973
vt 0.256163 0.755810
vt 0.239018 0.689156
vt 0.260198 0.702129
vt 0.384701 0.678558
vt 0.359320 0.686521
vt 0.812404 0.472186
vt 0.384685 0.670977
vt 0.240099 0.670992
vt 0.231524 0.772332
vt 0.390931 0.797041
vt 0.730360 0.472191
vt 0.730364 0.527821
vt 0.812407 0.527816
vt 0.256592 0.690920
vt 0.741878 0.480003
vt 0.741883 0.520012
vt 0.800889 0.520004
vt 0.352683 0.673927
vt 0.741880 0.480001
vt 0.741882 0.520010
vt 0.800888 0.520006
vt 0.269284 0.776930
vt 0.741880 0.480001
vt 0.741882 0.520010
vt 0.800888 0.520006
vt 0.352873 0.667995
vt 0.741880 0.480001
vt 0.741882 0.520010
vt 0.800888 0.520006
vt 0.269284 0.776935
vt 0.741880 0.480001
vt 0.741882 0.520010
vt 0.800888 0.520006
vt 0.358650 0.799131
vt 0.741880 0.480001
vt 0.741882 0.520010
vt 0.800888 0.520006
vt 0.269277 0.777002
vt 0.741880 0.480001
vt 0.741882 0.520010
vt 0.800888 0.520006
vt 0.263790 0.708462
vt 0.741879 0.480002
vt 0.741883 0.520011
vt 0.800889 0.520005
vt 0.263794 0.708453
vt 0.741884 0.479994
vt 0.741877 0.520003
vt 0.800883 0.520013
vt 0.354847 0.683678
vt 0.741882 0.479997
vt 0.741880 0.520006
vt 0.800885 0.520010
vt 0.366819 0.764670
vt 0.741880 0.480001
vt 0.741882 0.520010
vt 0.800888 0.520006
vt 0.263791 0.708431
vt 0.741885 0.479994
vt 0.741877 0.520003
vt 0.800883 0.520013
vt 0.354225 0.683713
vt 0.741878 0.480003
vt 0.741883 0.520012
vt 0.800889 0.520004
vt 0.263790 0.708430
vt 0.741879 0.480001
vt 0.741883 0.520010
vt 0.800888 0.520005
vt 0.354870 0.683720
vt 0.741879 0.480002
vt 0.741883 0.520011
vt 0.800889 0.520005
vt 0.358635 0.799130
vt 0.741881 0.479999
vt 0.741881 0.520008
vt 0.800887 0.520007
vt 0.201045 0.803967
vt 0.812402 0.550641
vt 0.812408 0.449370
vt 0.730365 0.449366
vt 0.355059 0.683789
vt 0.741884 0.479994
vt 0.741878 0.520003
vt 0.800883 0.520013
vt 0.366821 0.764703
vt 0.741884 0.479994
vt 0.741877 0.520003
vt 0.800883 0.520013
vt 0.358663 0.799130
vt 0.741881 0.479998
vt 0.741881 0.520007
vt 0.800886 0.520009
vt 0.222201 0.790537
vt 0.804527 0.540919
vt 0.804532 0.459092
vt 0.738240 0.459088
vt 0.243222 0.791451
vt 0.804527 0.540919
vt 0.804532 0.459091
vt 0.738240 0.459088
vt 0.357198 0.791386
vt 0.797221 0.531900
vt 0.797225 0.468109
vt 0.745546 0.468106
vt 0.361561 0.792984
vt 0.797222 0.531900
vt 0.797225 0.468109
vt 0.745546 0.468106
vt 0.366820 0.764691
vt 0.741880 0.480001
vt 0.741882 0.520010
vt 0.800888 0.520006
vt 0.349584 0.681872
vt 0.741877 0.480005
vt 0.741885 0.520014
vt 0.800891 0.520001
vt 0.349584 0.681872
vt 0.741882 0.479998
vt 0.741880 0.520007
vt 0.800886 0.520009
vt 0.261015 0.678363
vt 0.741879 0.480002
vt 0.741883 0.520011
vt 0.800889 0.520005
vt 0.261000 0.678324
vt 0.741881 0.479999
vt 0.741881 0.520008
vt 0.800887 0.520007
vt 0.369713 0.677482
vt 0.804523 0.540923
vt 0.804536 0.459095
vt 0.738245 0.459084
vt 0.369955 0.808257
vt 0.804536 0.540912
vt 0.804523 0.459085
vt 0.738232 0.459095
vt 0.255347 0.780609
vt 0.797218 0.531903
vt 0.797229 0.468112
vt 0.745549 0.468104
vt 0.368143 0.809859
vt 0.804527 0.540919
vt 0.804532 0.459092
vt 0.738240 0.459088
vt 0.255353 0.780609
vt 0.797218 0.531903
vt 0.797228 0.468112
vt 0.745549 0.468104
vt 0.349584 0.681873
vt 0.741880 0.480000
vt 0.741882 0.520009
vt 0.800887 0.520006
vt 0.351663 0.676116
vt 0.741875 0.480008
vt 0.741887 0.520017
vt 0.800893 0.519998
vt 0.263791 0.708458
vt 0.741878 0.480003
vt 0.741884 0.520012
vt 0.800889 0.520004
vt 0.353954 0.683567
vt 0.741882 0.479997
vt 0.741879 0.520006
vt 0.800885 0.520010
vt 0.366821 0.764697
vt 0.741882 0.479997
vt 0.741880 0.520006
vt 0.800885 0.520010
vt 0.354335 0.683750
vt 0.741884 0.479995
vt 0.741878 0.520004
vt 0.800884 0.520012
vt 0.355166 0.683947
vt 0.741878 0.480003
vt 0.741884 0.520012
vt 0.800889 0.520004
vt 0.354285 0.683658
vt 0.741882 0.479998
vt 0.741880 0.520007
vt 0.800886 0.520009
vt 0.354179 0.683628
vt 0.741882 0.479997
vt 0.741880 0.520006
vt 0.800885 0.520010
vt 0.354018 0.683621
vt 0.741879 0.480001
vt 0.741883 0.520010
vt 0.800888 0.520005
vt 0.368481 0.779377
vt 0.741882 0.479996
vt 0.741879 0.520005
vt 0.800885 0.520010
vt 0.358640 0.799130
vt 0.741884 0.479994
vt 0.741878 0.520003
vt 0.800884 0.520012
vt 0.352874 0.667995
vt 0.741882 0.479996
vt 0.741879 0.520006
vt 0.800885 0.520010
vt 0.355139 0.683823
vt 0.741883 0.479996
vt 0.741879 0.520005
vt 0.800885 0.520011
vt 0.354347 0.683715
vt 0.741882 0.479997
vt 0.741880 0.520006
vt 0.800886 0.520009
vt 0.379031 0.797516
vt 0.730358 0.472194
vt 0.730366 0.527824
vt 0.812409 0.527813
vt 0.349581 0.681917
vt 0.741875 0.480008
vt 0.741887 0.520017
vt 0.800893 0.519999
vt 0.354421 0.781420
vt 0.741880 0.480000
vt 0.741882 0.520009
vt 0.800888 0.520006
vt 0.369366 0.774956
vt 0.741881 0.479999
vt 0.741881 0.520008
vt 0.800887 0.520008
vt 0.366821 0.764701
vt 0.741878 0.480003
vt 0.741883 0.520012
vt 0.800889 0.520004
vt 0.355201 0.683862
vt 0.741881 0.479999
vt 0.741881 0.520008
vt 0.800887 0.520007
vt 0.355205 0.683814
vt 0.741880 0.480001
vt 0.741882 0.520010
vt 0.800888 0.520006
vt 0.354398 0.683692
vt 0.741878 0.480003
vt 0.741884 0.520012
vt 0.800889 0.520004
vt 0.354460 0.683749
vt 0.741880 0.480001
vt 0.741882 0.520010
vt 0.800888 0.520006
vt 0.355134 0.683689
vt 0.741880 0.480001
vt 0.741882 0.520010
vt 0.800888 0.520006
vn 0.000000 0.000000 -1.000000
vn 0.000000 0.000000 -1.000000
vn 0.000000 0.000000 -1.000000
vn 0.000000 0.000000 -1.000000
vn 0.000000 1.000000 0.000000
vn 0.000000 1.000000 0.000000
vn 0.000000 1.000000 0.000000
vn 0.000000 1.000000 0.000000
vn 0.000000 0.000000 1.000000
vn 0.000000 0.000000 1.000000
vn 0.000000 0.000000 1.000000
vn 0.000000 0.000000 1.000000
vn 0.000000 -1.000000 0.000000
vn 0.000000 -1.000000 0.000000
vn 0.000000 -1.000000 0.000000
vn 0.000000 -1.000000 0.000000
vn -1.000000 0.000000 0.000000
vn -1.000000 0.000000 0.000000
vn -1.000000 0.000000 0.000000
vn -1.000000 0.000000 0.000000
vn 1.000000 0.000000 0.000000
vn 1.000000 0.000000 0.000000
vn 1.000000 0.000000 0.000000
vn 1.000000 0.000000 0.000000
vn -0.836678 0.547695 0.000000
vn -0.836678 0.547695 0.000000
vn -0.836678 0.547695 0.000000
vn -0.836678 0.547695 0.000000
vn -0.719438 0.000000 -0.694557
vn -0.719438 0.000000 -0.694557
vn -0.719438 0.000000 -0.694557
vn -0.719438 0.000000 -0.694557
vn -0.836678 -0.547695 0.000000
vn -0.836678 -0.547695 0.000000
vn -0.836678 -0.547695 0.000000
vn -0.836678 -0.547695 0.000000
vn -0.719439 0.000000 0.694555
vn -0.719439 0.000000 0.694555
vn -0.719439 0.000000 0.694555
vn -0.719439 0.000000 0.694555
vn 0.000000 0.000000 -1.000000
vn 0.000000 0.000000 -1.000000
vn 0.000000 0.000000 -1.000000
vn 0.000000 0.000000 -1.000000
vn 0.000000 1.000000 0.000000
vn 0.000000 1.000000 0.000000
vn 0.000000 1.000000 0.000000
vn 0.000000 1.000000 0.000000
vn 0.000000 0.000000 1.000000
vn 0.000000 0.000000 1.000000
vn 0.000000 0.000000 1.000000
vn 0.000000 0.000000 1.000000
vn 0.000000 -1.000000 0.000000
vn 0.000000 -1.000000 0.000000
vn 0.000000 -1.000000 0.000000
vn 0.000000 -1.000000 0.000000
vn -1.000000 0.000000 0.000000
vn -1.000000 0.000000 0.000000
vn -1.000000 0.000000 0.000000
vn -1.000000 0.000000 0.000000
vn 1.000000 0.000000 0.000000
vn 1.000000 0.000000 0.000000
vn 1.000000 0.000000 0.000000
vn 1.000000 0.000000 0.000000
vn -0.836679 0.547694 0.000000
vn -0.836679 0.547694 0.000000
vn -0.836679 0.547694 0.000000
vn -0.836679 0.547694 0.000000
vn -0.719439 0.000000 -0.694556
vn -0.719439 0.000000 -0.694556
vn -0.719439 0.000000 -0.694556
vn -0.719439 0.000000 -0.694556
vn -0.836679 -0.547694 0.000000
vn -0.836679 -0.547694 0.000000
vn -0.836679 -0.547694 0.000000
vn -0.836679 -0.547694 0.000000
vn -0.719438 0.000000 0.694557
vn -0.719438 0.000000 0.694557
vn -0.719438 0.000000 0.694557
vn -0.719438 0.000000 0.694557
vn 0.000000 0.000000 -1.000000
vn 0.000000 0.000000 -1.000000
vn 0.000000 0.000000 -1.000000
vn 0.000000 0.000000 -1.000000
vn 0.000000 1.000000 0.000000
vn 0.000000 1.000000 0.000000
vn 0.000000 1.000000 0.000000
vn 0.000000 1.000000 0.000000
vn 0.000000 0.000000 1.000000
vn 0.000000 0.000000 1.000000
vn 0.000000 0.000000 1.000000
vn 0.000000 0.000000 1.000000
vn 0.000000 -1.000000 0.000000
vn 0.000000 -1.000000 0.000000
vn 0.000000 -1.000000 0.000000
vn 0.000000 -1.000000 0.000000
vn -1.000000 0.000000 0.000000
vn -1.000000 0.000000 0.000000
vn -1.000000 0.000000 0.000000
vn -1.000000 0.000000 0.000000
vn 1.000000 0.000000 0.000000
vn 1.000000 0.000000 0.000000
vn 1.000000 0.000000 0.000000
vn 1.000000 0.000000 0.000000
vn -0.836679 0.547693 0.000000
vn -0.836679 0.547693 0.000000
vn -0.836679 0.547693 0.000000
vn -0.836679 0.547693 0.000000
vn -0.719438 0.000000 -0.694557
vn -0.719438 0.000000 -0.694557
vn -0.719438 0.000000 -0.694557
vn -0.719438 0.000000 -0.694557
vn -0.836679 -0.547693 0.000000
vn -0.836680 -0.547693 0.000000
vn -0.836679 -0.547693 0.000000
vn -0.836680 -0.547693 0.000000
vn -0.719438 0.000000 0.694557
vn -0.719438 0.000000 0.694557
vn -0.719438 0.000000 0.694557
vn -0.719438 0.000000 0.694557
vn 0.000000 0.000000 -1.000000
vn 0.000000 0.000000 -1.000000
vn 0.000000 0.000000 -1.000000
vn 0.000000 0.000000 -1.000000
vn 0.000000 1.000000 0.000000
vn 0.000000 1.000000 0.000000
vn 0.000000 1.000000 0.000000
vn 0.000000 1.000000 0.000000
vn 0.000000 0.000000 1.000000
vn 0.000000 0.000000 1.000000
vn 0.000000 0.000000 1.000000
vn 0.000000 0.000000 1.000000
vn 0.000000 -1.000000 0.000000
vn 0.000000 -1.000000 0.000000
vn 0.000000 -1.000000 0.000000
vn 0.000000 -1.000000 0.000000
vn -1.000000 0.000000 0.000000
vn -1.000000 0.000000 0.000000
vn -1.000000 0.000000 0.000000
vn -1.000000 0.000000 0.000000
vn 1.000000 0.000000 0.000000
vn 1.000000 0.000000 0.000000
vn 1.000000 0.000000 0.000000
vn 1.000000 0.000000 0.000000
vn -0.836678 0.547695 0.000000
vn -0.836678 0.547695 0.000000
vn -0.836678 0.547695 0.000000
vn -0.836678 0.547695 0.000000
vn -0.719438 0.000000 -0.694557
vn -0.719438 0.000000 -0.694557
vn -0.719438 0.000000 -0.694557
vn -0.719438 0.000000 -0.694557
vn -0.836678 -0.547695 0.000000
vn -0.836678 -0.547695 0.000000
vn -0.836678 -0.547695 0.000000
vn -0.836678 -0.547695 0.000000
vn -0.719438 0.000000 0.694557
vn -0.719438 0.000000 0.694557
vn -0.719437 0.000000 0.694557
vn -0.719437 0.000000 0.694557
vn 0.000000 0.000000 -1.000000
vn 0.000000 0.000000 -1.000000
vn 0.000000 0.000000 -1.000000
vn 0.000000 0.000000 -1.000000
vn 0.000000 1.000000 0.000000
vn 0.000000 1.000000 0.000000
vn 0.000000 1.000000 0.000000
vn 0.000000 1.000000 0.000000
vn 0.000000 0.000000 1.000000
vn 0.000000 0.000000 1.000000
vn 0.000000 0.000000 1.000000
vn 0.000000 0.000000 1.000000
vn 0.000000 -1.000000 0.000000
vn 0.000000 -1.000000 0.000000
vn 0.000000 -1.000000 0.000000
vn 0.000000 -1.000000 0.000000
vn -1.000000 0.000000 0.000000
vn -1.000000 0.000000 0.000000
vn -1.000000 0.000000 0.000000
vn -1.000000 0.000000 0.000000
vn 1.000000 0.000000 0.000000
vn 1.000000 0.000000 0.000000
vn 1.000000 0.000000 0.000000
vn 1.000000 0.000000 0.000000
vn -0.836679 0.547694 0.000000
vn -0.836679 0.547694 0.000000
vn -0.836679 0.547694 0.000000
vn -0.836679 0.547694 0.000000
vn -0.719438 0.000000 -0.694556
vn -0.719438 0.000000 -0.694556
vn -0.719438 0.000000 -0.694556
vn -0.719438 0.000000 -0.694556
vn -0.836679 -0.547694 0.000000
vn -0.836679 -0.547694 0.000000
vn -0.836679 -0.547694 0.000000
vn -0.836679 -0.547694 0.000000
vn -0.719439 0.000000 0.694556
vn -0.719439 0.000000 0.694556
vn -0.719439 0.000000 0.694556
vn -0.719439 0.000000 0.694556
vn 0.000000 0.000000 -1.000000
vn 0.000000 0.000000 -1.000000
vn 0.000000 0.000000 -1.000000
vn 0.000000 0.000000 -1.000000
vn 0.000000 1.000000 0.000000
vn 0.000000 1.000000 0.000000
vn 0.000000 1.000000 0.000000
vn 0.000000 1.000000 0.000000
vn 0.000000 0.000000 1.000000
vn 0.000000 0.000000 1.000000
vn 0.000000 0.000000 1.000000
vn 0.000000 0.000000 1.000000
vn 0.000000 -1.000000 0.000000
vn 0.000000 -1.000000 0.000000
vn 0.000000 -1.000000 0.000000
vn 0.000000 -1.000000 0.000000
vn -1.000000 0.000000 0.000000
vn -1.000000 0.000000 0.000000
vn -1.000000 0.000000 0.000000
vn -1.000000 0.000000 0.000000
vn 1.000000 0.000000 0.000000
vn 1.000000 0.000000 0.000000
vn 1.000000 0.000000 0.000000
vn 1.000000 0.000000 0.000000
vn -0.836678 0.547695 0.000000
vn -0.836678 0.547695 0.000000
vn -0.836678 0.547695 0.000000
vn -0.836678 0.547695 0.000000
vn -0.719438 0.000000 -0.694557
vn -0.719438 0.000000 -0.694557
vn -0.719438 0.000000 -0.694557
vn -0.719438 0.000000 -0.694557
vn -0.836678 -0.547695 0.000000
vn -0.836678 -0.547695 0.000000
vn -0.836678 -0.547695 0.000000
vn -0.836678 -0.547695 0.000000
vn -0.719438 0.000000 0.694557
vn -0.719438 0.000000 0.694557
vn -0.719437 0.000000 0.694557
vn -0.719437 0.000000 0.694557
vn 0.000000 0.000000 -1.000000
vn 0.000000 0.000000 -1.000000
vn 0.000000 0.000000 -1.000000
vn 0.000000 0.000000 -1.000000
vn 0.000000 1.000000 0.000000
vn 0.000000 1.000000 0.000000
vn 0.000000 1.000000 0.000000
vn 0.000000 1.000000 0.000000
vn 0.000000 0.000000 1.000000
vn 0.000000 0.000000 1.000000
vn 0.000000 0.000000 1.000000
vn 0.000000 0.000000 1.000000
vn 0.000000 -1.000000 0.000000
vn 0.000000 -1.000000 0.000000
vn 0.000000 -1.000000 0.000000
vn 0.000000 -1.000000 0.000000
vn -1.000000 0.000000 0.000000
vn -1.000000 0.000000 0.000000
vn -1.000000 0.000000 0.000000
vn -1.000000 0.000000 0.000000
vn 1.000000 0.000000 0.000000
vn 1.000000 0.000000 0.000000
vn 1.000000 0.000000 0.000000
vn 1.000000 0.000000 0.000000
vn -0.836679 0.547693 0.000000
vn -0.836679 0.547693 0.000000
vn -0.836679 0.547693 0.000000
vn -0.836679 0.547693 0.000000
vn -0.719438 0.000000 -0.694557
vn -0.719438 0.000000 -0.694557
vn -0.719438 0.000000 -0.694557
vn -0.719438 0.000000 -0.694557
vn -0.836679 -0.547693 0.000000
vn -0.836680 -0.547693 0.000000
vn -0.836679 -0.547693 0.000000
vn -0.836680 -0.547693 0.000000
vn -0.719438 0.000000 0.694557
vn -0.719438 0.000000 0.694557
vn -0.719438 0.000000 0.694557
vn -0.719438 0.000000 0.694557
vn 0.000000 0.000000 -1.000000
vn 0.000000 0.000000 -1.000000
vn 0.000000 0.000000 -1.000000
vn 0.000000 0.000000 -1.000000
vn 0.000000 1.000000 0.000000
vn 0.000000 1.000000 0.000000
vn 0.000000 1.000000 0.000000
vn 0.000000 1.000000 0.000000
vn 0.000000 0.000000 1.000000
vn 0.000000 0.000000 1.000000
vn 0.000000 0.000000 1.000000
vn 0.000000 0.000000 1.000000
vn 0.000000 -1.000000 0.000000
vn 0.000000 -1.000000 0.000000
vn 0.000000 -1.000000 0.000000
vn 0.000000 -1.000000 0.000000
vn -1.000000 0.000000 0.000000
vn -1.000000 0.000000 0.000000
vn -1.000000 0.000000 0.000000
vn -1.000000 0.000000 0.000000
vn 1.000000 0.000000 0.000000
vn 1.000000 0.000000 0.000000
vn 1.000000 0.000000 0.000000
vn 1.000000 0.000000 0.000000
vn -0.836679 0.547694 0.000000
vn -0.836679 0.547694 0.000000
vn -0.836679 0.547694 0.000000
vn -0.836679 0.547694 0.000000
vn -0.719439 0.000000 -0.694556
vn -0.719439 0.000000 -0.694556
vn -0.719439 0.000000 -0.694556
vn -0.719439 0.000000 -0.694556
vn -0.836679 -0.547694 0.000000
vn -0.836679 -0.547694 0.000000
vn -0.836679 -0.547694 0.000000
vn -0.836679 -0.547694 0.000000
vn -0.719438 0.000000 0.694557
vn -0.719438 0.000000 0.694557
vn -0.719438 0.000000 0.694557
vn -0.719438 0.000000 0.694557
vn 0.000000 0.000000 -1.000000
vn 0.000000 0.000000 -1.000000
vn 0.000000 0.000000 -1.000000
vn 0.000000 0.000000 -1.000000
vn 0.000000 1.000000 0.000000
vn 0.000000 1.000000 0.000000
vn 0.000000 1.000000 0.000000
vn 0.000000 1.000000 0.000000
vn 0.000000 0.000000 1.000000
vn 0.000000 0.000000 1.000000
vn 0.000000 0.000000 1.000000
vn 0.000000 0.000000 1.000000
vn 0.000000 -1.000000 0.000000
vn 0.000000 -1.000000 0.000000
vn 0.000000 -1.000000 0.000000
vn 0.000000 -1.000000 0.000000
vn -1.000000 0.000000 0.000000
vn -1.000000 0.000000 0.000000
vn -1.000000 0.000000 0.000000
vn -1.000000 0.000000 0.000000
vn 1.000000 0.000000 0.000000
vn 1.000000 0.000000 0.000000
vn 1.000000 0.000000 0.000000
vn 1.000000 0.000000 0.000000
vn -0.836678 0.547695 0.000000
vn -0.836678 0.547695 0.000000
vn -0.836678 0.547695 0.000000
vn -0.836678 0.547695 0.000000
vn -0.719438 0.000000 -0.694557
vn -0.719438 0.000000 -0.694557
vn -0.719438 0.000000 -0.694557
vn -0.719438 0.000000 -0.694557
vn -0.836678 -0.547695 0.000000
vn -0.836678 -0.547695 0.000000
vn -0.836678 -0.547695 0.000000
vn -0.836678 -0.547695 0.000000
vn -0.719438 0.000000 0.694557
vn -0.719438 0.000000 0.694557
vn -0.719437 0.000000 0.694557
vn -0.719437 0.000000 0.694557
vn 0.000000 0.000000 -1.000000
vn 0.000000 0.000000 -1.000000
vn 0.000000 0.000000 -1.000000
vn 0.000000 0.000000 -1.000000
vn 0.000000 1.000000 0.000000
vn 0.000000 1.000000 0.000000
vn 0.000000 1.000000 0.000000
vn 0.000000 1.000000 0.000000
vn 0.000000 0.000000 1.000000
vn 0.000000 0.000000 1.000000
vn 0.000000 0.000000 1.000000
vn 0.000000 0.000000 1.000000
vn 0.000000 -1.000000 0.000000
vn 0.000000 -1.000000 0.000000
vn 0.000000 -1.000000 0.000000
vn 0.000000 -1.000000 0.000000
vn -1.000000 0.000000 0.000000
vn -1.000000 0.000000 0.000000
vn -1.000000 0.000000 0.000000
vn -1.000000 0.000000 0.000000
vn 1.000000 0.000000 0.000000
vn 1.000000 0.000000 0.000000
vn 1.000000 0.000000 0.000000
vn 1.000000 0.000000 0.000000
vn -0.836679 0.547693 0.000000
vn -0.836679 0.547693 0.000000
vn -0.836679 0.547693 0.000000
vn -0.836679 0.547693 0.000000
vn -0.719438 0.000000 -0.694557
vn -0.719438 0.000000 -0.694557
vn -0.719438 0.000000 -0.694557
vn -0.719438 0.000000 -0.694557
vn -0.836679 -0.547693 0.000000
vn -0.836680 -0.547693 0.000000
vn -0.836679 -0.547693 0.000000
vn -0.836680 -0.547693 0.000000
vn -0.719438 0.000000 0.694557
vn -0.719438 0.000000 0.694557
vn -0.719438 0.000000 0.694557
vn -0.719438 0.000000 0.694557
vn 0.000000 0.000000 -1.000000
vn 0.000000 0.000000 -1.000000
vn 0.000000 0.000000 -1.000000
vn 0.000000 0.000000 -1.000000
vn 0.000000 1.000000 0.000000
vn 0.000000 1.000000 0.000000
vn 0.000000 1.000000 0.000000
vn 0.000000 1.000000 0.000000
vn 0.000000 0.000000 1.000000
vn 0.000000 0.000000 1.000000
vn 0.000000 0.000000 1.000000
vn 0.000000 0.000000 1.000000
vn 0.000000 -1.000000 0.000000
vn 0.000000 -1.000000 0.000000
vn 0.000000 -1.000000 0.000000
vn 0.000000 -1.000000 0.000000
vn -1.000000 0.000000 0.000000
vn -1.000000 0.000000 0.000000
vn -1.000000 0.000000 0.000000
vn -1.000000 0.000000 0.000000
vn 1.000000 0.000000 0.000000
vn 1.000000 0.000000 0.000000
vn 1.000000 0.000000 0.000000
vn 1.000000 0.000000 0.000000
vn -0.836679 0.547694 0.000000
vn -0.836679 0.547694 0.000000
vn -0.836679 0.547694 0.000000
vn -0.836679 0.547694 0.000000
vn -0.719439 0.000000 -0.694556
vn -0.719439 0.000000 -0.694556
vn -0.719439 0.000000 -0.694556
vn -0.719439 0.000000 -0.694556
vn -0.836679 -0.547694 0.000000
vn -0.836679 -0.547694 0.000000
vn -0.836679 -0.547694 0.000000
vn -0.836679 -0.547694 0.000000
vn -0.719438 0.000000 0.694557
vn -0.719438 0.000000 0.694557
vn -0.719438 0.000000 0.694557
vn -0.719438 0.000000 0.694557
vn 0.000000 0.000000 -1.000000
vn 0.000000 0.000000 -1.000000
vn 0.000000 0.000000 -1.000000
vn 0.000000 0.000000 -1.000000
vn 0.000000 1.000000 0.000000
vn 0.000000 1.000000 0.000000
vn 0.000000 1.000000 0.000000
vn 0.000000 1.000000 0.000000
vn 0.000000 0.000000 1.000000
vn 0.000000 0.000000 1.000000
vn 0.000000 0.000000 1.000000
vn 0.000000 0.000000 1.000000
vn 0.000000 -1.000000 0.000000
vn 0.000000 -1.000000 0.000000
vn 0.000000 -1.000000 0.000000
vn 0.000000 -1.000000 0.000000
vn -1.000000 0.000000 0.000000
vn -1.000000 0.000000 0.000000
vn -1.000000 0.000000 0.000000
vn -1.000000 0.000000 0.000000
vn 1.000000 0.000000 0.000000
vn 1.000000 0.000000 0.000000
vn 1.000000 0.000000 0.000000
vn 1.000000 0.000000 0.000000
vn -0.836678 0.547695 0.000000
vn -0.836678 0.547695 0.000000
vn -0.836678 0.547695 0.000000
vn -0.836678 0.547695 0.000000
vn -0.719438 0.000000 -0.694557
vn -0.719438 0.000000 -0.694557
vn -0.719438 0.000000 -0.694557
vn -0.719438 0.000000 -0.694557
vn -0.836678 -0.547695 0.000000
vn -0.836678 -0.547695 0.000000
vn -0.836678 -0.547695 0.000000
vn -0.836678 -0.547695 0.000000
vn -0.719438 0.000000 0.694557
vn -0.719438 0.000000 0.694557
vn -0.719437 0.000000 0.694557
vn -0.719437 0.000000 0.694557
vn 0.000000 0.000000 -1.000000
vn 0.000000 0.000000 -1.000000
vn 0.000000 0.000000 -1.000000
vn 0.000000 0.000000 -1.000000
vn 0.000000 1.000000 0.000000
vn 0.000000 1.000000 0.000000
vn 0.000000 1.000000 0.000000
vn 0.000000 1.000000 0.000000
vn 0.000000 0.000000 1.000000
vn 0.000000 0.000000 1.000000
vn 0.000000 0.000000 1.000000
vn 0.000000 0.000000 1.000000
vn 0.000000 -1.000000 0.000000
vn 0.000000 -1.000000 0.000000
vn 0.000000 -1.000000 0.000000
vn 0.000000 -1.000000 0.000000
vn -1.000000 0.000000 0.000000
vn -1.000000 0.000000 0.000000
vn -1.000000 0.000000 0.000000
vn -1.000000 0.000000 0.000000
vn 1.000000 0.000000 0.000000
vn 1.000000 0.000000 0.000000
vn 1.000000 0.000000 0.000000
vn 1.000000 0.000000 0.000000
vn -0.836679 0.547693 0.000000
vn -0.836679 0.547693 0.000000
vn -0.836679 0.547693 0.000000
vn -0.836679 0.547693 0.000000
vn -0.719438 0.000000 -0.694557
vn -0.719438 0.000000 -0.694557
vn -0.719438 0.000000 -0.694557
vn -0.719438 0.000000 -0.694557
vn -0.836679 -0.547693 0.000000
vn -0.836680 -0.547693 0.000000
vn -0.836679 -0.547693 0.000000
vn -0.836680 -0.547693 0.000000
vn -0.719438 0.000000 0.694557
vn -0.719438 0.000000 0.694557
vn -0.719438 0.000000 0.694557
vn -0.719438 0.000000 0.694557
vn 0.000000 0.000000 -1.000000
vn 0.000000 0.000000 -1.000000
vn 0.000000 0.000000 -1.000000
vn 0.000000 0.000000 -1.000000
vn 0.000000 1.000000 0.000000
vn 0.000000 1.000000 0.000000
vn 0.000000 1.000000 0.000000
vn 0.000000 1.000000 0.000000
vn 0.000000 0.000000 1.000000
vn 0.000000 0.000000 1.000000
vn 0.000000 0.000000 1.000000
vn 0.000000 0.000000 1.000000
vn 0.000000 -1.000000 0.000000
vn 0.000000 -1.000000 0.000000
vn 0.000000 -1.000000 0.000000
vn 0.000000 -1.000000 0.000000
vn -1.000000 0.000000 0.000000
vn -1.000000 0.000000 0.000000
vn -1.000000 0.000000 0.000000
vn -1.000000 0.000000 0.000000
vn 1.000000 0.000000 0.000000
vn 1.000000 0.000000 0.000000
vn 1.000000 0.000000 0.000000
vn 1.000000 0.000000 0.000000
vn -0.836679 0.547694 0.000000
vn -0.836679 0.547694 0.000000
vn -0.836679 0.547694 0.000000
vn -0.836679 0.547694 0.000000
vn -0.719439 0.000000 -0.694556
vn -0.719439 0.000000 -0.694556
vn -0.719439 0.000000 -0.694556
vn -0.719439 0.000000 -0.694556
vn -0.836679 -0.547694 0.000000
vn -0.836679 -0.547694 0.000000
vn -0.836679 -0.547694 0.000000
vn -0.836679 -0.547694 0.000000
vn -0.719438 0.000000 0.694557
vn -0.719438 0.000000 0.694557
vn -0.719438 0.000000 0.694557
vn -0.719438 0.000000 0.694557
vn 0.000000 0.000000 -1.000000
vn 0.000000 0.000000 -1.000000
vn 0.000000 0.000000 -1.000000
vn 0.000000 0.000000 -1.000000
vn 0.000000 1.000000 0.000000
vn 0.000000 1.000000 0.000000
vn 0.000000 1.000000 0.000000
vn 0.000000 1.000000 0.000000
vn 0.000000 0.000000 1.000000
vn 0.000000 0.000000 1.000000
vn 0.000000 0.000000 1.000000
vn 0.000000 0.000000 1.000000
vn 0.000000 -1.000000 0.000000
vn 0.000000 -1.000000 0.000000
vn 0.000000 -1.000000 0.000000
vn 0.000000 -1.000000 0.000000
vn -1.000000 0.000000 0.000000
vn -1.000000 0.000000 0.000000
vn -1.000000 0.000000 0.000000
vn -1.000000 0.000000 0.000000
vn 1.000000 0.000000 0.000000
vn 1.000000 0.000000 0.000000
vn 1.000000 0.000000 0.000000
vn 1.000000 0.000000 0.000000
vn -0.836679 0.547694 0.000000
vn -0.836679 0.547694 0.000000
vn -0.836679 0.547694 0.000000
vn -0.836679 0.547694 0.000000
vn -0.719439 0.000000 -0.694556
vn -0.719439 0.000000 -0.694556
vn -0.719439 0.000000 -0.694556
vn -0.719439 0.000000 -0.694556
vn -0.836679 -0.547694 0.000000
vn -0.836679 -0.547694 0.000000
vn -0.836679 -0.547694 0.000000
vn -0.836679 -0.547694 0.000000
vn -0.719438 0.000000 0.694557
vn -0.719438 0.000000 0.694557
vn -0.719438 0.000000 0.694557
vn -0.719438 0.000000 0.694557
vn 0.000000 0.000000 -1.000000
vn 0.000000 0.000000 -1.000000
vn 0.000000 0.000000 -1.000000
vn 0.000000 0.000000 -1.000000
vn 0.000000 1.000000 0.000000
vn 0.000000 1.000000 0.000000
vn 0.000000 1.000000 0.000000
vn 0.000000 1.000000 0.000000
vn 0.000000 0.000000 1.000000
vn 0.000000 0.000000 1.000000
vn 0.000000 0.000000 1.000000
vn 0.000000 0.000000 1.000000
vn 0.000000 -1.000000 0.000000
vn 0.000000 -1.000000 0.000000
vn 0.000000 -1.000000 0.000000
vn 0.000000 -1.000000 0.000000
vn -1.000000 0.000000 0.000000
vn -1.000000 0.000000 0.000000
vn -1.000000 0.000000 0.000000
vn -1.000000 0.000000 0.000000
vn 1.000000 0.000000 0.000000
vn 1.000000 0.000000 0.000000
vn 1.000000 0.000000 0.000000
vn 1.000000 0.000000 0.000000
vn -0.836679 0.547693 0.000000
vn -0.836679 0.547693 0.000000
vn -0.836679 0.547693 0.000000
vn -0.836679 0.547693 0.000000
vn -0.719438 0.000000 -0.694557
vn -0.719438 0.000000 -0.694557
vn -0.719438 0.000000 -0.694557
vn -0.719438 0.000000 -0.694557
vn -0.836679 -0.547693 0.000000
vn -0.836680 -0.547693 0.000000
vn -0.836679 -0.547693 0.000000
vn -0.836680 -0.547693 0.000000
vn -0.719438 0.000000 0.694557
vn -0.719438 0.000000 0.694557
vn -0.719438 0.000000 0.694557
vn -0.719438 0.000000 0.694557
vn 0.000000 0.000000 -1.000000
vn 0.000000 0.000000 -1.000000
vn 0.000000 0.000000 -1.000000
vn 0.000000 0.000000 -1.000000
vn 0.000000 1.000000 0.000000
vn 0.000000 1.000000 0.000000
vn 0.000000 1.000000 0.000000
vn 0.000000 1.000000 0.000000
vn 0.000000 0.000000 1.000000
vn 0.000000 0.000000 1.000000
vn 0.000000 0.000000 1.000000
vn 0.000000 0.000000 1.000000
vn 0.000000 -1.000000 0.000000
vn 0.000000 -1.000000 0.000000
vn 0.000000 -1.000000 0.000000
vn 0.000000 -1.000000 0.000000
vn -1.000000 0.000000 0.000000
vn -1.000000 0.000000 0.000000
vn -1.000000 0.000000 0.000000
vn -1.000000 0.000000 0.000000
vn 1.000000 0.000000 0.000000
vn 1.000000 0.000000 0.000000
vn 1.000000 0.000000 0.000000
vn 1.000000 0.000000 0.000000
vn -0.836678 0.547695 0.000000
vn -0.836678 0.547695 0.000000
vn -0.836678 0.547695 0.000000
vn -0.836678 0.547695 0.000000
vn -0.719438 0.000000 -0.694557
vn -0.719438 0.000000 -0.694557
vn -0.719438 0.000000 -0.694557
vn -0.719438 0.000000 -0.694557
vn -0.836678 -0.547695 0.000000
vn -0.836678 -0.547695 0.000000
vn -0.836678 -0.547695 0.000000
vn -0.836678 -0.547695 0.000000
vn -0.719438 0.000000 0.694557
vn -0.719438 0.000000 0.694557
vn -0.719437 0.000000 0.694557
vn -0.719437 0.000000 0.694557
vn 0.000000 0.000000 -1.000000
vn 0.000000 0.000000 -1.000000
vn 0.000000 0.000000 -1.000000
vn 0.000000 0.000000 -1.000000
vn 0.000000 1.000000 0.000000
vn 0.000000 1.000000 0.000000
vn 0.000000 1.000000 0.000000
vn 0.000000 1.000000 0.000000
vn 0.000000 0.000000 1.000000
vn 0.000000 0.000000 1.000000
vn 0.000000 0.000000 1.000000
vn 0.000000 0.000000 1.000000
vn 0.000000 -1.000000 0.000000
vn 0.000000 -1.000000 0.000000
vn 0.000000 -1.000000 0.000000
vn 0.000000 -1.000000 0.000000
vn -1.000000 0.000000 0.000000
vn -1.000000 0.000000 0.000000
vn -1.000000 0.000000 0.000000
vn -1.000000 0.000000 0.000000
vn 1.000000 0.000000 0.000000
vn 1.000000 0.000000 0.000000
vn 1.000000 0.000000 0.000000
vn 1.000000 0.000000 0.000000
vn -0.836679 0.547694 0.000000
vn -0.836679 0.547694 0.000000
vn -0.836679 0.547694 0.000000
vn -0.836679 0.547694 0.000000
vn -0.719438 0.000000 -0.694556
vn -0.719438 0.000000 -0.694556
vn -0.719438 0.000000 -0.694556
vn -0.719438 0.000000 -0.694556
vn -0.836679 -0.547694 0.000000
vn -0.836679 -0.547694 0.000000
vn -0.836679 -0.547694 0.000000
vn -0.836679 -0.547694 0.000000
vn -0.719439 0.000000 0.694556
vn -0.719439 0.000000 0.694556
vn -0.719439 0.000000 0.694556
vn -0.719439 0.000000 0.694556
vn 0.000000 0.000000 -1.000000
vn 0.000000 0.000000 -1.000000
vn 0.000000 0.000000 -1.000000
vn 0.000000 0.000000 -1.000000
vn 0.000000 1.000000 0.000000
vn 0.000000 1.000000 0.000000
vn 0.000000 1.000000 0.000000
vn 0.000000 1.000000 0.000000
vn 0.000000 0.000000 1.000000
vn 0.000000 0.000000 1.000000
vn 0.000000 0.000000 1.000000
vn 0.000000 0.000000 1.000000
vn 0.000000 -1.000000 0.000000
vn 0.000000 -1.000000 0.000000
vn 0.000000 -1.000000 0.000000
vn 0.000000 -1.000000 0.000000
vn -1.000000 0.000000 0.000000
vn -1.000000 0.000000 0.000000
vn -1.000000 0.000000 0.000000
vn -1.000000 0.000000 0.000000
vn 1.000000 0.000000 0.000000
vn 1.000000 0.000000 0.000000
vn 1.000000 0.000000 0.000000
vn 1.000000 0.000000 0.000000
vn -0.836679 0.547694 0.000000
vn -0.836679 0.547694 0.000000
vn -0.836679 0.547694 0.000000
vn -0.836679 0.547694 0.000000
vn -0.719438 0.000000 -0.694557
vn -0.719438 0.000000 -0.694557
vn -0.719438 0.000000 -0.694557
vn -0.719438 0.000000 -0.694557
vn -0.836679 -0.547694 0.000000
vn -0.836679 -0.547694 0.000000
vn -0.836679 -0.547694 0.000000
vn -0.836679 -0.547694 0.000000
vn -0.719439 0.000000 0.694556
vn -0.719439 0.000000 0.694556
vn -0.719439 0.000000 0.694556
vn -0.719439 0.000000 0.694556
vn 0.000000 0.000000 -1.000000
vn 0.000000 0.000000 -1.000000
vn 0.000000 0.000000 -1.000000
vn 0.000000 0.000000 -1.000000
vn 0.000000 1.000000 0.000000
vn 0.000000 1.000000 0.000000
vn 0.000000 1.000000 0.000000
vn 0.000000 1.000000 0.000000
vn 0.000000 0.000000 1.000000
vn 0.000000 0.000000 1.000000
vn 0.000000 0.000000 1.000000
vn 0.000000 0.000000 1.000000
vn 0.000000 -1.000000 0.000000
vn 0.000000 -1.000000 0.000000
vn 0.000000 -1.000000 0.000000
vn 0.000000 -1.000000 0.000000
vn -1.000000 0.000000 0.000000
vn -1.000000 0.000000 0.000000
vn -1.000000 0.000000 0.000000
vn -1.000000 0.000000 0.000000
vn 1.000000 0.000000 0.000000
vn 1.000000 0.000000 0.000000
vn 1.000000 0.000000 0.000000
vn 1.000000 0.000000 0.000000
vn -0.836679 0.547694 0.000000
vn -0.836679 0.547694 0.000000
vn -0.836679 0.547694 0.000000
vn -0.836679 0.547694 0.000000
vn -0.719438 0.000000 -0.694556
vn -0.719438 0.000000 -0.694556
vn -0.719438 0.000000 -0.694556
vn -0.719438 0.000000 -0.694556
vn -0.836679 -0.547694 0.000000
vn -0.836679 -0.547694 0.000000
vn -0.836679 -0.547694 0.000000
vn -0.836679 -0.547694 0.000000
vn -0.719439 0.000000 0.694556
vn -0.719439 0.000000 0.694556
vn -0.719439 0.000000 0.694556
vn -0.719439 0.000000 0.694556
vn 0.000000 0.000000 -1.000000
vn 0.000000 0.000000 -1.000000
vn 0.000000 0.000000 -1.000000
vn 0.000000 0.000000 -1.000000
vn 0.000000 1.000000 0.000000
vn 0.000000 1.000000 0.000000
vn 0.000000 1.000000 0.000000
vn 0.000000 1.000000 0.000000
vn 0.000000 0.000000 1.000000
vn 0.000000 0.000000 1.000000
vn 0.000000 0.000000 1.000000
vn 0.000000 0.000000 1.000000
vn 0.000000 -1.000000 0.000000
vn 0.000000 -1.000000 0.000000
vn 0.000000 -1.000000 0.000000
vn 0.000000 -1.000000 0.000000
vn -1.000000 0.000000 0.000000
vn -1.000000 0.000000 0.000000
vn -1.000000 0.000000 0.000000
vn -1.000000 0.000000 0.000000
vn 1.000000 0.000000 0.000000
vn 1.000000 0.000000 0.000000
vn 1.000000 0.000000 0.000000
vn 1.000000 0.000000 0.000000
vn -0.836679 0.547694 0.000000
vn -0.836679 0.547694 0.000000
vn -0.836679 0.547694 0.000000
vn -0.836679 0.547694 0.000000
vn -0.719438 0.000000 -0.694556
vn -0.719438 0.000000 -0.694556
vn -0.719438 0.000000 -0.694556
vn -0.719438 0.000000 -0.694556
vn -0.836679 -0.547694 0.000000
vn -0.836679 -0.547694 0.000000
vn -0.836679 -0.547694 0.000000
vn -0.836679 -0.547694 0.000000
vn -0.719439 0.000000 0.694556
vn -0.719439 0.000000 0.694556
vn -0.719439 0.000000 0.694556
vn -0.719439 0.000000 0.694556
vn 0.000000 0.000000 -1.000000
vn 0.000000 0.000000 -1.000000
vn 0.000000 0.000000 -1.000000
vn 0.000000 0.000000 -1.000000
vn 0.000000 1.000000 0.000000
vn 0.000000 1.000000 0.000000
vn 0.000000 1.000000 0.000000
vn 0.000000 1.000000 0.000000
vn 0.000000 0.000000 1.000000
vn 0.000000 0.000000 1.000000
vn 0.000000 0.000000 1.000000
vn 0.000000 0.000000 1.000000
vn 0.000000 -1.000000 0.000000
vn 0.000000 -1.000000 0.000000
vn 0.000000 -1.000000 0.000000
vn 0.000000 -1.000000 0.000000
vn -1.000000 0.000000 0.000000
vn -1.000000 0.000000 0.000000
vn -1.000000 0.000000 0.000000
vn -1.000000 0.000000 0.000000
vn 1.000000 0.000000 0.000000
vn 1.000000 0.000000 0.000000
vn 1.000000 0.000000 0.000000
vn 1.000000 0.000000 0.000000
vn -0.836678 0.547695 0.000000
vn -0.836678 0.547695 0.000000
vn -0.836678 0.547695 0.000000
vn -0.836678 0.547695 0.000000
vn -0.719438 0.000000 -0.694557
vn -0.719438 0.000000 -0.694557
vn -0.719438 0.000000 -0.694557
vn -0.719438 0.000000 -0.694557
vn -0.836678 -0.547695 0.000000
vn -0.836678 -0.547695 0.000000
vn -0.836678 -0.547695 0.000000
vn -0.836678 -0.547695 0.000000
vn -0.719439 0.000000 0.694555
vn -0.719439 0.000000 0.694555
vn -0.719439 0.000000 0.694555
vn -0.719439 0.000000 0.694555
vn 0.000000 0.000000 -1.000000
vn 0.000000 0.000000 -1.000000
vn 0.000000 0.000000 -1.000000
vn 0.000000 0.000000 -1.000000
vn 0.000000 1.000000 0.000000
vn 0.000000 1.000000 0.000000
vn 0.000000 1.000000 0.000000
vn 0.000000 1.000000 0.000000
vn 0.000000 0.000000 1.000000
vn 0.000000 0.000000 1.000000
vn 0.000000 0.000000 1.000000
vn 0.000000 0.000000 1.000000
vn 0.000000 -1.000000 0.000000
vn 0.000000 -1.000000 0.000000
vn 0.000000 -1.000000 0.000000
vn 0.000000 -1.000000 0.000000
vn -1.000000 0.000000 0.000000
vn -1.000000 0.000000 0.000000
vn -1.000000 0.000000 0.000000
vn -1.000000 0.000000 0.000000
vn 1.000000 0.000000 0.000000
vn 1.000000 0.000000 0.000000
vn 1.000000 0.000000 0.000000
vn 1.000000 0.000000 0.000000
vn -0.836678 0.547695 0.000000
vn -0.836678 0.547695 0.000000
vn -0.836678 0.547695 0.000000
vn -0.836678 0.547695 0.000000
vn -0.719438 0.000000 -0.694557
vn -0.719438 0.000000 -0.694557
vn -0.719438 0.000000 -0.694557
vn -0.719438 0.000000 -0.694557
vn -0.836678 -0.547695 0.000000
vn -0.836678 -0.547695 0.000000
vn -0.836678 -0.547695 0.000000
vn -0.836678 -0.547695 0.000000
vn -0.719439 0.000000 0.694555
vn -0.719439 0.000000 0.694555
vn -0.719439 0.000000 0.694555
vn -0.719439 0.000000 0.694555
vn 0.000000 0.000000 -1.000000
vn 0.000000 0.000000 -1.000000
vn 0.000000 0.000000 -1.000000
vn 0.000000 0.000000 -1.000000
vn 0.000000 1.000000 0.000000
vn 0.000000 1.000000 0.000000
vn 0.000000 1.000000 0.000000
vn 0.000000 1.000000 0.000000
vn 0.000000 0.000000 1.000000
vn 0.000000 0.000000 1.000000
vn 0.000000 0.000000 1.000000
vn 0.000000 0.000000 1.000000
vn 0.000000 -1.000000 0.000000
vn 0.000000 -1.000000 0.000000
vn 0.000000 -1.000000 0.000000
vn 0.000000 -1.000000 0.000000
vn -1.000000 0.000000 0.000000
vn -1.000000 0.000000 0.000000
vn -1.000000 0.000000 0.000000
vn -1.000000 0.000000 0.000000
vn 1.000000 0.000000 0.000000
vn 1.000000 0.000000 0.000000
vn 1.000000 0.000000 0.000000
vn 1.000000 0.000000 0.000000
vn -0.836678 0.547695 0.000000
vn -0.836678 0.547695 0.000000
vn -0.836678 0.547695 0.000000
vn -0.836678 0.547695 0.000000
vn -0.719438 0.000000 -0.694557
vn -0.719438 0.000000 -0.694557
vn -0.719438 0.000000 -0.694557
vn -0.719438 0.000000 -0.694557
vn -0.836678 -0.547695 0.000000
vn -0.836678 -0.547695 0.000000
vn -0.836678 -0.547695 0.000000
vn -0.836678 -0.547695 0.000000
vn -0.719439 0.000000 0.694555
vn -0.719439 0.000000 0.694555
vn -0.719439 0.000000 0.694555
vn -0.719439 0.000000 0.694555
vn 0.000000 0.000000 -1.000000
vn 0.000000 0.000000 -1.000000
vn 0.000000 0.000000 -1.000000
vn 0.000000 0.000000 -1.000000
vn 0.000000 1.000000 0.000000
vn 0.000000 1.000000 0.000000
vn 0.000000 1.000000 0.000000
vn 0.000000 1.000000 0.000000
vn 0.000000 0.000000 1.000000
vn 0.000000 0.000000 1.000000
vn 0.000000 0.000000 1.000000
vn 0.000000 0.000000 1.000000
vn 0.000000 -1.000000 0.000000
vn 0.000000 -1.000000 0.000000
vn 0.000000 -1.000000 0.000000
vn 0.000000 -1.000000 0.000000
vn -1.000000 0.000000 0.000000
vn -1.000000 0.000000 0.000000
vn -1.000000 0.000000 0.000000
vn -1.000000 0.000000 0.000000
vn 1.000000 0.000000 0.000000
vn 1.000000 0.000000 0.000000
vn 1.000000 0.000000 0.000000
vn 1.000000 0.000000 0.000000
vn -0.836679 0.547695 0.000000
vn -0.836679 0.547695 0.000000
vn -0.836678 0.547695 0.000000
vn -0.836678 0.547694 0.000000
vn -0.719438 0.000000 -0.694557
vn -0.719438 0.000000 -0.694557
vn -0.719438 0.000000 -0.694557
vn -0.719438 0.000000 -0.694557
vn -0.836678 -0.547695 0.000000
vn -0.836678 -0.547695 0.000000
vn -0.836678 -0.547695 0.000000
vn -0.836678 -0.547695 0.000000
vn -0.719438 0.000000 0.694557
vn -0.719438 0.000000 0.694557
vn -0.719438 0.000000 0.694557
vn -0.719438 0.000000 0.694557
vn 1.000000 0.000000 0.000000
vn 1.000000 0.000000 0.000000
vn 1.000000 0.000000 0.000000
vn 1.000000 0.000000 0.000000
vn 0.000000 1.000000 0.000000
vn 0.000000 1.000000 0.000000
vn 0.000000 1.000000 0.000000
vn 0.000000 1.000000 0.000000
vn -1.000000 0.000000 0.000000
vn -1.000000 0.000000 0.000000
vn -1.000000 0.000000 0.000000
vn -1.000000 0.000000 0.000000
vn 0.000000 -1.000000 0.000000
vn 0.000000 -1.000000 0.000000
vn 0.000000 -1.000000 0.000000
vn 0.000000 -1.000000 0.000000
vn 0.000000 0.000000 -1.000000
vn 0.000000 0.000000 -1.000000
vn 0.000000 0.000000 -1.000000
vn 0.000000 0.000000 -1.000000
vn 0.000000 0.000000 1.000000
vn 0.000000 0.000000 1.000000
vn 0.000000 0.000000 1.000000
vn 0.000000 0.000000 1.000000
vn 0.000000 0.547691 -0.836680
vn 0.000000 0.547691 -0.836680
vn 0.000000 0.547691 -0.836680
vn 0.000000 0.547691 -0.836680
vn 0.468516 0.000000 -0.883455
vn 0.468516 0.000000 -0.883455
vn 0.468516 0.000000 -0.883455
vn 0.468516 0.000000 -0.883455
vn 0.000000 -0.547690 -0.836681
vn 0.000000 -0.547690 -0.836681
vn 0.000000 -0.547690 -0.836681
vn 0.000000 -0.547690 -0.836681
vn -0.468516 0.000000 -0.883455
vn -0.468516 0.000000 -0.883455
vn -0.468516 0.000000 -0.883455
vn -0.468516 0.000000 -0.883455
vn 1.000000 0.000000 0.000000
vn 1.000000 0.000000 0.000000
vn 1.000000 0.000000 0.000000
vn 1.000000 0.000000 0.000000
vn 0.000000 1.000000 0.000000
vn 0.000000 1.000000 0.000000
vn 0.000000 1.000000 0.000000
vn 0.000000 1.000000 0.000000
vn -1.000000 0.000000 0.000000
vn -1.000000 0.000000 0.000000
vn -1.000000 0.000000 0.000000
vn -1.000000 0.000000 0.000000
vn 0.000000 -1.000000 0.000000
vn 0.000000 -1.000000 0.000000
vn 0.000000 -1.000000 0.000000
vn 0.000000 -1.000000 0.000000
vn 0.000000 0.000000 -1.000000
vn 0.000000 0.000000 -1.000000
vn 0.000000 0.000000 -1.000000
vn 0.000000 0.000000 -1.000000
vn 0.000000 0.000000 1.000000
vn 0.000000 0.000000 1.000000
vn 0.000000 0.000000 1.000000
vn 0.000000 0.000000 1.000000
vn 0.000000 0.547695 -0.836678
vn 0.000000 0.547695 -0.836678
vn 0.000000 0.547695 -0.836678
vn 0.000000 0.547695 -0.836678
vn 0.468516 0.000000 -0.883455
vn 0.468516 0.000000 -0.883455
vn 0.468516 0.000000 -0.883455
vn 0.468516 0.000000 -0.883455
vn 0.000000 -0.547694 -0.836679
vn 0.000000 -0.547694 -0.836679
vn 0.000000 -0.547694 -0.836679
vn 0.000000 -0.547694 -0.836679
vn -0.468516 0.000000 -0.883455
vn -0.468516 0.000000 -0.883455
vn -0.468516 0.000000 -0.883455
vn -0.468516 0.000000 -0.883455
vn 1.000000 0.000000 0.000000
vn 1.000000 0.000000 0.000000
vn 1.000000 0.000000 0.000000
vn 1.000000 0.000000 0.000000
vn 0.000000 1.000000 0.000000
vn 0.000000 1.000000 0.000000
vn 0.000000 1.000000 0.000000
vn 0.000000 1.000000 0.000000
vn -1.000000 0.000000 0.000000
vn -1.000000 0.000000 0.000000
vn -1.000000 0.000000 0.000000
vn -1.000000 0.000000 0.000000
vn 0.000000 -1.000000 0.000000
vn 0.000000 -1.000000 0.000000
vn 0.000000 -1.000000 0.000000
vn 0.000000 -1.000000 0.000000
vn 0.000000 0.000000 -1.000000
vn 0.000000 0.000000 -1.000000
vn 0.000000 0.000000 -1.000000
vn 0.000000 0.000000 -1.000000
vn 0.000000 0.000000 1.000000
vn 0.000000 0.000000 1.000000
vn 0.000000 0.000000 1.000000
vn 0.000000 0.000000 1.000000
vn 0.000000 0.547696 -0.836678
vn 0.000000 0.547696 -0.836678
vn 0.000000 0.547696 -0.836678
vn 0.000000 0.547696 -0.836678
vn 0.468516 0.000000 -0.883455
vn 0.468516 0.000000 -0.883455
vn 0.468516 0.000000 -0.883455
vn 0.468516 0.000000 -0.883455
vn 0.000000 -0.547696 -0.836678
vn 0.000000 -0.547696 -0.836678
vn 0.000000 -0.547696 -0.836678
vn 0.000000 -0.547696 -0.836678
vn -0.468516 0.000000 -0.883455
vn -0.468516 0.000000 -0.883455
vn -0.468516 0.000000 -0.883455
vn -0.468516 0.000000 -0.883455
vn 1.000000 0.000000 0.000000
vn 1.000000 0.000000 0.000000
vn 1.000000 0.000000 0.000000
vn 1.000000 0.000000 0.000000
vn 0.000000 1.000000 0.000000
vn 0.000000 1.000000 0.000000
vn 0.000000 1.000000 0.000000
vn 0.000000 1.000000 0.000000
vn -1.000000 0.000000 0.000000
vn -1.000000 0.000000 0.000000
vn -1.000000 0.000000 0.000000
vn -1.000000 0.000000 0.000000
vn 0.000000 -1.000000 0.000000
vn 0.000000 -1.000000 0.000000
vn 0.000000 -1.000000 0.000000
vn 0.000000 -1.000000 0.000000
vn 0.000000 0.000000 -1.000000
vn 0.000000 0.000000 -1.000000
vn 0.000000 0.000000 -1.000000
vn 0.000000 0.000000 -1.000000
vn 0.000000 0.000000 1.000000
vn 0.000000 0.000000 1.000000
vn 0.000000 0.000000 1.000000
vn 0.000000 0.000000 1.000000
vn 0.000000 0.547696 -0.836677
vn 0.000000 0.547696 -0.836677
vn 0.000000 0.547696 -0.836677
vn 0.000000 0.547696 -0.836677
vn 0.468515 0.000000 -0.883456
vn 0.468515 0.000000 -0.883456
vn 0.468515 0.000000 -0.883456
vn 0.468515 0.000000 -0.883456
vn 0.000000 -0.547694 -0.836679
vn 0.000000 -0.547694 -0.836679
vn 0.000000 -0.547694 -0.836679
vn 0.000000 -0.547694 -0.836679
vn -0.468515 0.000000 -0.883456
vn -0.468515 0.000000 -0.883456
vn -0.468515 0.000000 -0.883456
vn -0.468515 0.000000 -0.883456
vn 1.000000 0.000000 0.000000
vn 1.000000 0.000000 0.000000
vn 1.000000 0.000000 0.000000
vn 1.000000 0.000000 0.000000
vn 0.000000 1.000000 0.000000
vn 0.000000 1.000000 0.000000
vn 0.000000 1.000000 0.000000
vn 0.000000 1.000000 0.000000
vn -1.000000 0.000000 0.000000
vn -1.000000 0.000000 0.000000
vn -1.000000 0.000000 0.000000
vn -1.000000 0.000000 0.000000
vn 0.000000 -1.000000 0.000000
vn 0.000000 -1.000000 0.000000
vn 0.000000 -1.000000 0.000000
vn 0.000000 -1.000000 0.000000
vn 0.000000 0.000000 -1.000000
vn 0.000000 0.000000 -1.000000
vn 0.000000 0.000000 -1.000000
vn 0.000000 0.000000 -1.000000
vn 0.000000 0.000000 1.000000
vn 0.000000 0.000000 1.000000
vn 0.000000 0.000000 1.000000
vn 0.000000 0.000000 1.000000
vn 0.000000 0.547693 -0.836679
vn 0.000000 0.547693 -0.836679
vn 0.000000 0.547693 -0.836679
vn 0.000000 0.547693 -0.836679
vn 0.468516 0.000000 -0.883455
vn 0.468516 0.000000 -0.883455
vn 0.468516 0.000000 -0.883455
vn 0.468516 0.000000 -0.883455
vn 0.000000 -0.547692 -0.836680
vn 0.000000 -0.547692 -0.836680
vn 0.000000 -0.547692 -0.836680
vn 0.000000 -0.547692 -0.836680
vn -0.468516 0.000000 -0.883455
vn -0.468516 0.000000 -0.883455
vn -0.468516 0.000000 -0.883455
vn -0.468516 0.000000 -0.883455
vn -1.000000 0.000000 0.000000
vn -1.000000 0.000000 0.000000
vn -1.000000 0.000000 0.000000
vn -1.000000 0.000000 0.000000
vn 0.000000 1.000000 0.000000
vn 0.000000 1.000000 0.000000
vn 0.000000 1.000000 0.000000
vn 0.000000 1.000000 0.000000
vn 1.000000 0.000000 0.000000
vn 1.000000 0.000000 0.000000
vn 1.000000 0.000000 0.000000
vn 1.000000 0.000000 0.000000
vn 0.000000 -1.000000 0.000000
vn 0.000000 -1.000000 0.000000
vn 0.000000 -1.000000 0.000000
vn 0.000000 -1.000000 0.000000
vn 0.000000 0.000000 1.000000
vn 0.000000 0.000000 1.000000
vn 0.000000 0.000000 1.000000
vn 0.000000 0.000000 1.000000
vn 0.000000 0.000000 -1.000000
vn 0.000000 0.000000 -1.000000
vn 0.000000 0.000000 -1.000000
vn 0.000000 0.000000 -1.000000
vn 0.000000 0.547695 0.836678
vn 0.000000 0.547695 0.836678
vn 0.000000 0.547695 0.836678
vn 0.000000 0.547695 0.836678
vn -0.468514 0.000000 0.883456
vn -0.468514 0.000000 0.883456
vn -0.468514 0.000000 0.883456
vn -0.468514 0.000000 0.883456
vn 0.000000 -0.547694 0.836679
vn 0.000000 -0.547694 0.836679
vn 0.000000 -0.547694 0.836679
vn 0.000000 -0.547694 0.836679
vn 0.468514 0.000000 0.883456
vn 0.468514 0.000000 0.883456
vn 0.468514 0.000000 0.883456
vn 0.468514 0.000000 0.883456
vn -1.000000 0.000000 0.000000
vn -1.000000 0.000000 0.000000
vn -1.000000 0.000000 0.000000
vn -1.000000 0.000000 0.000000
vn 0.000000 1.000000 0.000000
vn 0.000000 1.000000 0.000000
vn 0.000000 1.000000 0.000000
vn 0.000000 1.000000 0.000000
vn 1.000000 0.000000 0.000000
vn 1.000000 0.000000 0.000000
vn 1.000000 0.000000 0.000000
vn 1.000000 0.000000 0.000000
vn 0.000000 -1.000000 0.000000
vn 0.000000 -1.000000 0.000000
vn 0.000000 -1.000000 0.000000
vn 0.000000 -1.000000 0.000000
vn 0.000000 0.000000 1.000000
vn 0.000000 0.000000 1.000000
vn 0.000000 0.000000 1.000000
vn 0.000000 0.000000 1.000000
vn 0.000000 0.000000 -1.000000
vn 0.000000 0.000000 -1.000000
vn 0.000000 0.000000 -1.000000
vn 0.000000 0.000000 -1.000000
vn 0.000000 0.547695 0.836678
vn 0.000000 0.547695 0.836678
vn 0.000000 0.547695 0.836678
vn 0.000000 0.547695 0.836678
vn -0.468514 0.000000 0.883456
vn -0.468514 0.000000 0.883456
vn -0.468514 0.000000 0.883456
vn -0.468514 0.000000 0.883456
vn 0.000000 -0.547695 0.836678
vn 0.000000 -0.547695 0.836678
vn 0.000000 -0.547695 0.836678
vn 0.000000 -0.547695 0.836678
vn 0.468514 0.000000 0.883456
vn 0.468514 0.000000 0.883456
vn 0.468514 0.000000 0.883456
vn 0.468514 0.000000 0.883456
vn -1.000000 0.000000 0.000000
vn -1.000000 0.000000 0.000000
vn -1.000000 0.000000 0.000000
vn -1.000000 0.000000 0.000000
vn 0.000000 1.000000 0.000000
vn 0.000000 1.000000 0.000000
vn 0.000000 1.000000 0.000000
vn 0.000000 1.000000 0.000000
vn 1.000000 0.000000 0.000000
vn 1.000000 0.000000 0.000000
vn 1.000000 0.000000 0.000000
vn 1.000000 0.000000 0.000000
vn 0.000000 -1.000000 0.000000
vn 0.000000 -1.000000 0.000000
vn 0.000000 -1.000000 0.000000
vn 0.000000 -1.000000 0.000000
vn 0.000000 0.000000 1.000000
vn 0.000000 0.000000 1.000000
vn 0.000000 0.000000 1.000000
vn 0.000000 0.000000 1.000000
vn 0.000000 0.000000 -1.000000
vn 0.000000 0.000000 -1.000000
vn 0.000000 0.000000 -1.000000
vn 0.000000 0.000000 -1.000000
vn 0.000000 0.547695 0.836678
vn 0.000000 0.547695 0.836678
vn 0.000000 0.547695 0.836678
vn 0.000000 0.547695 0.836678
vn -0.468515 0.000000 0.883456
vn -0.468515 0.000000 0.883456
vn -0.468515 0.000000 0.883456
vn -0.468515 0.000000 0.883456
vn 0.000000 -0.547695 0.836678
vn 0.000000 -0.547695 0.836678
vn 0.000000 -0.547695 0.836678
vn 0.000000 -0.547695 0.836678
vn 0.468515 0.000000 0.883456
vn 0.468515 0.000000 0.883456
vn 0.468515 0.000000 0.883456
vn 0.468515 0.000000 0.883456
vn -1.000000 0.000000 0.000000
vn -1.000000 0.000000 0.000000
vn -1.000000 0.000000 0.000000
vn -1.000000 0.000000 0.000000
vn 0.000000 1.000000 0.000000
vn 0.000000 1.000000 0.000000
vn 0.000000 1.000000 0.000000
vn 0.000000 1.000000 0.000000
vn 1.000000 0.000000 0.000000
vn 1.000000 0.000000 0.000000
vn 1.000000 0.000000 0.000000
vn 1.000000 0.000000 0.000000
vn 0.000000 -1.000000 0.000000
vn 0.000000 -1.000000 0.000000
vn 0.000000 -1.000000 0.000000
vn 0.000000 -1.000000 0.000000
vn 0.000000 0.000000 1.000000
vn 0.000000 0.000000 1.000000
vn 0.000000 0.000000 1.000000
vn 0.000000 0.000000 1.000000
vn 0.000000 0.000000 -1.000000
vn 0.000000 0.000000 -1.000000
vn 0.000000 0.000000 -1.000000
vn 0.000000 0.000000 -1.000000
vn 0.000000 0.547693 0.836680
vn 0.000000 0.547693 0.836680
vn 0.000000 0.547693 0.836680
vn 0.000000 0.547693 0.836680
vn -0.468516 0.000000 0.883455
vn -0.468516 0.000000 0.883455
vn -0.468516 0.000000 0.883455
vn -0.468516 0.000000 0.883455
vn 0.000000 -0.547693 0.836680
vn 0.000000 -0.547693 0.836680
vn 0.000000 -0.547693 0.836680
vn 0.000000 -0.547693 0.836680
vn 0.468516 0.000000 0.883455
vn 0.468516 0.000000 0.883455
vn 0.468516 0.000000 0.883455
vn 0.468516 0.000000 0.883455
vn 0.000000 0.000000 1.000000
vn 0.000000 0.000000 1.000000
vn 0.000000 0.000000 1.000000
vn 0.000000 0.000000 1.000000
vn 0.000000 1.000000 0.000000
vn 0.000000 1.000000 0.000000
vn 0.000000 1.000000 0.000000
vn 0.000000 1.000000 0.000000
vn 0.000000 0.000000 -1.000000
vn 0.000000 0.000000 -1.000000
vn 0.000000 0.000000 -1.000000
vn 0.000000 0.000000 -1.000000
vn 0.000000 -1.000000 0.000000
vn 0.000000 -1.000000 0.000000
vn 0.000000 -1.000000 0.000000
vn 0.000000 -1.000000 0.000000
vn 1.000000 0.000000 0.000000
vn 1.000000 0.000000 0.000000
vn 1.000000 0.000000 0.000000
vn 1.000000 0.000000 0.000000
vn -1.000000 0.000000 0.000000
vn -1.000000 0.000000 0.000000
vn -1.000000 0.000000 0.000000
vn -1.000000 0.000000 0.000000
vn 0.836678 0.547695 0.000000
vn 0.836678 0.547695 0.000000
vn 0.836678 0.547695 0.000000
vn 0.836678 0.547695 0.000000
vn 0.719439 0.000000 0.694555
vn 0.719439 0.000000 0.694555
vn 0.719439 0.000000 0.694555
vn 0.719439 0.000000 0.694555
vn 0.836678 -0.547695 0.000000
vn 0.836678 -0.547695 0.000000
vn 0.836678 -0.547695 0.000000
vn 0.836678 -0.547695 0.000000
vn 0.719439 0.000000 -0.694555
vn 0.719439 0.000000 -0.694555
vn 0.719439 0.000000 -0.694555
vn 0.719439 0.000000 -0.694555
vn 0.000000 0.000000 1.000000
vn 0.000000 0.000000 1.000000
vn 0.000000 0.000000 1.000000
vn 0.000000 0.000000 1.000000
vn 0.000000 1.000000 0.000000
vn 0.000000 1.000000 0.000000
vn 0.000000 1.000000 0.000000
vn 0.000000 1.000000 0.000000
vn 0.000000 0.000000 -1.000000
vn 0.000000 0.000000 -1.000000
vn 0.000000 0.000000 -1.000000
vn 0.000000 0.000000 -1.000000
vn 0.000000 -1.000000 0.000000
vn 0.000000 -1.000000 0.000000
vn 0.000000 -1.000000 0.000000
vn 0.000000 -1.000000 0.000000
vn 1.000000 0.000000 0.000000
vn 1.000000 0.000000 0.000000
vn 1.000000 0.000000 0.000000
vn 1.000000 0.000000 0.000000
vn -1.000000 0.000000 0.000000
vn -1.000000 0.000000 0.000000
vn -1.000000 0.000000 0.000000
vn -1.000000 0.000000 0.000000
vn 0.836678 0.547695 0.000000
vn 0.836678 0.547695 0.000000
vn 0.836678 0.547695 0.000000
vn 0.836678 0.547695 0.000000
vn 0.719439 0.000000 0.694555
vn 0.719439 0.000000 0.694555
vn 0.719439 0.000000 0.694555
vn 0.719439 0.000000 0.694555
vn 0.836678 -0.547695 0.000000
vn 0.836678 -0.547695 0.000000
vn 0.836678 -0.547695 0.000000
vn 0.836678 -0.547695 0.000000
vn 0.719439 0.000000 -0.694555
vn 0.719439 0.000000 -0.694555
vn 0.719439 0.000000 -0.694555
vn 0.719439 0.000000 -0.694555
vn 0.000000 0.000000 1.000000
vn 0.000000 0.000000 1.000000
vn 0.000000 0.000000 1.000000
vn 0.000000 0.000000 1.000000
vn 0.000000 1.000000 0.000000
vn 0.000000 1.000000 0.000000
vn 0.000000 1.000000 0.000000
vn 0.000000 1.000000 0.000000
vn 0.000000 0.000000 -1.000000
vn 0.000000 0.000000 -1.000000
vn 0.000000 0.000000 -1.000000
vn 0.000000 0.000000 -1.000000
vn 0.000000 -1.000000 0.000000
vn 0.000000 -1.000000 0.000000
vn 0.000000 -1.000000 0.000000
vn 0.000000 -1.000000 0.000000
vn 1.000000 0.000000 0.000000
vn 1.000000 0.000000 0.000000
vn 1.000000 0.000000 0.000000
vn 1.000000 0.000000 0.000000
vn -1.000000 0.000000 0.000000
vn -1.000000 0.000000 0.000000
vn -1.000000 0.000000 0.000000
vn -1.000000 0.000000 0.000000
vn 0.836678 0.547695 0.000000
vn 0.836678 0.547695 0.000000
vn 0.836678 0.547695 0.000000
vn 0.836678 0.547695 0.000000
vn 0.719439 0.000000 0.694555
vn 0.719439 0.000000 0.694555
vn 0.719439 0.000000 0.694555
vn 0.719439 0.000000 0.694555
vn 0.836678 -0.547695 0.000000
vn 0.836678 -0.547695 0.000000
vn 0.836678 -0.547695 0.000000
vn 0.836678 -0.547695 0.000000
vn 0.719439 0.000000 -0.694555
vn 0.719439 0.000000 -0.694555
vn 0.719439 0.000000 -0.694555
vn 0.719439 0.000000 -0.694555
vn -1.000000 0.000000 0.000000
vn -1.000000 0.000000 0.000000
vn -1.000000 0.000000 0.000000
vn -1.000000 0.000000 0.000000
vn 0.000000 1.000000 0.000000
vn 0.000000 1.000000 0.000000
vn 0.000000 1.000000 0.000000
vn 0.000000 1.000000 0.000000
vn 1.000000 0.000000 0.000000
vn 1.000000 0.000000 0.000000
vn 1.000000 0.000000 0.000000
vn 1.000000 0.000000 0.000000
vn 0.000000 -1.000000 0.000000
vn 0.000000 -1.000000 0.000000
vn 0.000000 -1.000000 0.000000
vn 0.000000 -1.000000 0.000000
vn 0.000000 0.000000 1.000000
vn 0.000000 0.000000 1.000000
vn 0.000000 0.000000 1.000000
vn 0.000000 0.000000 1.000000
vn 0.000000 0.000000 -1.000000
vn 0.000000 0.000000 -1.000000
vn 0.000000 0.000000 -1.000000
vn 0.000000 0.000000 -1.000000
vn 0.000000 0.547691 0.836680
vn 0.000000 0.547691 0.836680
vn 0.000000 0.547691 0.836681
vn 0.000000 0.547691 0.836681
vn -0.468515 0.000000 0.883456
vn -0.468515 0.000000 0.883456
vn -0.468515 0.000000 0.883456
vn -0.468515 0.000000 0.883456
vn 0.000000 -0.547698 0.836676
vn 0.000000 -0.547698 0.836676
vn 0.000000 -0.547698 0.836676
vn 0.000000 -0.547698 0.836676
vn 0.468515 0.000000 0.883456
vn 0.468515 0.000000 0.883456
vn 0.468515 0.000000 0.883456
vn 0.468515 0.000000 0.883456
vn 0.000000 0.000000 1.000000
vn 0.000000 0.000000 1.000000
vn 0.000000 0.000000 1.000000
vn 0.000000 0.000000 1.000000
vn 0.000000 1.000000 0.000000
vn 0.000000 1.000000 0.000000
vn 0.000000 1.000000 0.000000
vn 0.000000 1.000000 0.000000
vn 0.000000 0.000000 -1.000000
vn 0.000000 0.000000 -1.000000
vn 0.000000 0.000000 -1.000000
vn 0.000000 0.000000 -1.000000
vn 0.000000 -1.000000 0.000000
vn 0.000000 -1.000000 0.000000
vn 0.000000 -1.000000 0.000000
vn 0.000000 -1.000000 0.000000
vn 1.000000 0.000000 0.000000
vn 1.000000 0.000000 0.000000
vn 1.000000 0.000000 0.000000
vn 1.000000 0.000000 0.000000
vn -1.000000 0.000000 0.000000
vn -1.000000 0.000000 0.000000
vn -1.000000 0.000000 0.000000
vn -1.000000 0.000000 0.000000
vn 0.836679 0.547694 0.000000
vn 0.836679 0.547694 0.000000
vn 0.836679 0.547694 0.000000
vn 0.836679 0.547694 0.000000
vn 0.719437 0.000000 0.694558
vn 0.719437 0.000000 0.694558
vn 0.719437 0.000000 0.694558
vn 0.719437 0.000000 0.694558
vn 0.836679 -0.547694 0.000000
vn 0.836679 -0.547694 0.000000
vn 0.836679 -0.547694 0.000000
vn 0.836679 -0.547694 0.000000
vn 0.719438 0.000000 -0.694556
vn 0.719438 0.000000 -0.694556
vn 0.719438 0.000000 -0.694556
vn 0.719438 0.000000 -0.694556
vn 0.000000 0.000000 1.000000
vn 0.000000 0.000000 1.000000
vn 0.000000 0.000000 1.000000
vn 0.000000 0.000000 1.000000
vn 0.000000 1.000000 0.000000
vn 0.000000 1.000000 0.000000
vn 0.000000 1.000000 0.000000
vn 0.000000 1.000000 0.000000
vn 0.000000 0.000000 -1.000000
vn 0.000000 0.000000 -1.000000
vn 0.000000 0.000000 -1.000000
vn 0.000000 0.000000 -1.000000
vn 0.000000 -1.000000 0.000000
vn 0.000000 -1.000000 0.000000
vn 0.000000 -1.000000 0.000000
vn 0.000000 -1.000000 0.000000
vn 1.000000 0.000000 0.000000
vn 1.000000 0.000000 0.000000
vn 1.000000 0.000000 0.000000
vn 1.000000 0.000000 0.000000
vn -1.000000 0.000000 0.000000
vn -1.000000 0.000000 0.000000
vn -1.000000 0.000000 0.000000
vn -1.000000 0.000000 0.000000
vn 0.836679 0.547694 0.000000
vn 0.836679 0.547694 0.000000
vn 0.836679 0.547694 0.000000
vn 0.836679 0.547694 0.000000
vn 0.719437 0.000000 0.694558
vn 0.719437 0.000000 0.694558
vn 0.719437 0.000000 0.694558
vn 0.719437 0.000000 0.694558
vn 0.836679 -0.547694 0.000000
vn 0.836679 -0.547694 0.000000
vn 0.836679 -0.547694 0.000000
vn 0.836679 -0.547694 0.000000
vn 0.719438 0.000000 -0.694556
vn 0.719438 0.000000 -0.694556
vn 0.719438 0.000000 -0.694556
vn 0.719438 0.000000 -0.694556
vn 0.000000 0.000000 1.000000
vn 0.000000 0.000000 1.000000
vn 0.000000 0.000000 1.000000
vn 0.000000 0.000000 1.000000
vn 0.000000 1.000000 0.000000
vn 0.000000 1.000000 0.000000
vn 0.000000 1.000000 0.000000
vn 0.000000 1.000000 0.000000
vn 0.000000 0.000000 -1.000000
vn 0.000000 0.000000 -1.000000
vn 0.000000 0.000000 -1.000000
vn 0.000000 0.000000 -1.000000
vn 0.000000 -1.000000 0.000000
vn 0.000000 -1.000000 0.000000
vn 0.000000 -1.000000 0.000000
vn 0.000000 -1.000000 0.000000
vn 1.000000 0.000000 0.000000
vn 1.000000 0.000000 0.000000
vn 1.000000 0.000000 0.000000
vn 1.000000 0.000000 0.000000
vn -1.000000 0.000000 0.000000
vn -1.000000 0.000000 0.000000
vn -1.000000 0.000000 0.000000
vn -1.000000 0.000000 0.000000
vn 0.836679 0.547694 0.000000
vn 0.836679 0.547694 0.000000
vn 0.836679 0.547694 0.000000
vn 0.836679 0.547694 0.000000
vn 0.719437 0.000000 0.694558
vn 0.719437 0.000000 0.694558
vn 0.719437 0.000000 0.694558
vn 0.719437 0.000000 0.694558
vn 0.836679 -0.547694 0.000000
vn 0.836679 -0.547694 0.000000
vn 0.836679 -0.547694 0.000000
vn 0.836679 -0.547694 0.000000
vn 0.719438 0.000000 -0.694557
vn 0.719438 0.000000 -0.694557
vn 0.719438 0.000000 -0.694557
vn 0.719438 0.000000 -0.694557
vn 0.000000 0.000000 1.000000
vn 0.000000 0.000000 1.000000
vn 0.000000 0.000000 1.000000
vn 0.000000 0.000000 1.000000
vn 0.000000 1.000000 0.000000
vn 0.000000 1.000000 0.000000
vn 0.000000 1.000000 0.000000
vn 0.000000 1.000000 0.000000
vn 0.000000 0.000000 -1.000000
vn 0.000000 0.000000 -1.000000
vn 0.000000 0.000000 -1.000000
vn 0.000000 0.000000 -1.000000
vn 0.000000 -1.000000 0.000000
vn 0.000000 -1.000000 0.000000
vn 0.000000 -1.000000 0.000000
vn 0.000000 -1.000000 0.000000
vn 1.000000 0.000000 0.000000
vn 1.000000 0.000000 0.000000
vn 1.000000 0.000000 0.000000
vn 1.000000 0.000000 0.000000
vn -1.000000 0.000000 0.000000
vn -1.000000 0.000000 0.000000
vn -1.000000 0.000000 0.000000
vn -1.000000 0.000000 0.000000
vn 0.836679 0.547694 0.000000
vn 0.836679 0.547694 0.000000
vn 0.836679 0.547694 0.000000
vn 0.836679 0.547694 0.000000
vn 0.719437 0.000000 0.694558
vn 0.719437 0.000000 0.694558
vn 0.719437 0.000000 0.694558
vn 0.719437 0.000000 0.694558
vn 0.836679 -0.547694 0.000000
vn 0.836679 -0.547694 0.000000
vn 0.836679 -0.547694 0.000000
vn 0.836679 -0.547694 0.000000
vn 0.719438 0.000000 -0.694556
vn 0.719438 0.000000 -0.694556
vn 0.719438 0.000000 -0.694556
vn 0.719438 0.000000 -0.694556
vn 0.000000 0.000000 1.000000
vn 0.000000 0.000000 1.000000
vn 0.000000 0.000000 1.000000
vn 0.000000 0.000000 1.000000
vn 0.000000 1.000000 0.000000
vn 0.000000 1.000000 0.000000
vn 0.000000 1.000000 0.000000
vn 0.000000 1.000000 0.000000
vn 0.000000 0.000000 -1.000000
vn 0.000000 0.000000 -1.000000
vn 0.000000 0.000000 -1.000000
vn 0.000000 0.000000 -1.000000
vn 0.000000 -1.000000 0.000000
vn 0.000000 -1.000000 0.000000
vn 0.000000 -1.000000 0.000000
vn 0.000000 -1.000000 0.000000
vn 1.000000 0.000000 0.000000
vn 1.000000 0.000000 0.000000
vn 1.000000 0.000000 0.000000
vn 1.000000 0.000000 0.000000
vn -1.000000 0.000000 0.000000
vn -1.000000 0.000000 0.000000
vn -1.000000 0.000000 0.000000
vn -1.000000 0.000000 0.000000
vn 0.836679 0.547694 0.000000
vn 0.836679 0.547694 0.000000
vn 0.836679 0.547694 0.000000
vn 0.836679 0.547694 0.000000
vn 0.719438 0.000000 0.694556
vn 0.719438 0.000000 0.694556
vn 0.719438 0.000000 0.694556
vn 0.719438 0.000000 0.694556
vn 0.836679 -0.547694 0.000000
vn 0.836679 -0.547694 0.000000
vn 0.836679 -0.547694 0.000000
vn 0.836679 -0.547694 0.000000
vn 0.719438 0.000000 -0.694557
vn 0.719438 0.000000 -0.694557
vn 0.719438 0.000000 -0.694557
vn 0.719438 0.000000 -0.694557
vn 0.000000 0.000000 1.000000
vn 0.000000 0.000000 1.000000
vn 0.000000 0.000000 1.000000
vn 0.000000 0.000000 1.000000
vn 0.000000 1.000000 0.000000
vn 0.000000 1.000000 0.000000
vn 0.000000 1.000000 0.000000
vn 0.000000 1.000000 0.000000
vn 0.000000 0.000000 -1.000000
vn 0.000000 0.000000 -1.000000
vn 0.000000 0.000000 -1.000000
vn 0.000000 0.000000 -1.000000
vn 0.000000 -1.000000 0.000000
vn 0.000000 -1.000000 0.000000
vn 0.000000 -1.000000 0.000000
vn 0.000000 -1.000000 0.000000
vn 1.000000 0.000000 0.000000
vn 1.000000 0.000000 0.000000
vn 1.000000 0.000000 0.000000
vn 1.000000 0.000000 0.000000
vn -1.000000 0.000000 0.000000
vn -1.000000 0.000000 0.000000
vn -1.000000 0.000000 0.000000
vn -1.000000 0.000000 0.000000
vn 0.836679 0.547694 0.000000
vn 0.836679 0.547694 0.000000
vn 0.836679 0.547694 0.000000
vn 0.836679 0.547694 0.000000
vn 0.719438 0.000000 0.694557
vn 0.719438 0.000000 0.694557
vn 0.719438 0.000000 0.694557
vn 0.719438 0.000000 0.694557
vn 0.836679 -0.547694 0.000000
vn 0.836679 -0.547694 0.000000
vn 0.836679 -0.547694 0.000000
vn 0.836679 -0.547694 0.000000
vn 0.719438 0.000000 -0.694557
vn 0.719438 0.000000 -0.694557
vn 0.719438 0.000000 -0.694557
vn 0.719438 0.000000 -0.694557
vn 0.000000 0.000000 1.000000
vn 0.000000 0.000000 1.000000
vn 0.000000 0.000000 1.000000
vn 0.000000 0.000000 1.000000
vn 0.000000 1.000000 0.000000
vn 0.000000 1.000000 0.000000
vn 0.000000 1.000000 0.000000
vn 0.000000 1.000000 0.000000
vn 0.000000 0.000000 -1.000000
vn 0.000000 0.000000 -1.000000
vn 0.000000 0.000000 -1.000000
vn 0.000000 0.000000 -1.000000
vn 0.000000 -1.000000 0.000000
vn 0.000000 -1.000000 0.000000
vn 0.000000 -1.000000 0.000000
vn 0.000000 -1.000000 0.000000
vn 1.000000 0.000000 0.000000
vn 1.000000 0.000000 0.000000
vn 1.000000 0.000000 0.000000
vn 1.000000 0.000000 0.000000
vn -1.000000 0.000000 0.000000
vn -1.000000 0.000000 0.000000
vn -1.000000 0.000000 0.000000
vn -1.000000 0.000000 0.000000
vn 0.836679 0.547694 0.000000
vn 0.836679 0.547694 0.000000
vn 0.836679 0.547694 0.000000
vn 0.836679 0.547694 0.000000
vn 0.719439 0.000000 0.694556
vn 0.719439 0.000000 0.694556
vn 0.719439 0.000000 0.694556
vn 0.719439 0.000000 0.694556
vn 0.836679 -0.547694 0.000000
vn 0.836679 -0.547694 0.000000
vn 0.836679 -0.547694 0.000000
vn 0.836679 -0.547694 0.000000
vn 0.719438 0.000000 -0.694557
vn 0.719438 0.000000 -0.694557
vn 0.719438 0.000000 -0.694557
vn 0.719438 0.000000 -0.694557
vn 0.000000 0.000000 1.000000
vn 0.000000 0.000000 1.000000
vn 0.000000 0.000000 1.000000
vn 0.000000 0.000000 1.000000
vn 0.000000 1.000000 0.000000
vn 0.000000 1.000000 0.000000
vn 0.000000 1.000000 0.000000
vn 0.000000 1.000000 0.000000
vn 0.000000 0.000000 -1.000000
vn 0.000000 0.000000 -1.000000
vn 0.000000 0.000000 -1.000000
vn 0.000000 0.000000 -1.000000
vn 0.000000 -1.000000 0.000000
vn 0.000000 -1.000000 0.000000
vn 0.000000 -1.000000 0.000000
vn 0.000000 -1.000000 0.000000
vn 1.000000 0.000000 0.000000
vn 1.000000 0.000000 0.000000
vn 1.000000 0.000000 0.000000
vn 1.000000 0.000000 0.000000
vn -1.000000 0.000000 0.000000
vn -1.000000 0.000000 0.000000
vn -1.000000 0.000000 0.000000
vn -1.000000 0.000000 0.000000
vn 0.836679 0.547694 0.000000
vn 0.836679 0.547694 0.000000
vn 0.836679 0.547694 0.000000
vn 0.836679 0.547694 0.000000
vn 0.719439 0.000000 0.694556
vn 0.719439 0.000000 0.694556
vn 0.719439 0.000000 0.694556
vn 0.719439 0.000000 0.694556
vn 0.836679 -0.547694 0.000000
vn 0.836679 -0.547694 0.000000
vn 0.836679 -0.547694 0.000000
vn 0.836679 -0.547694 0.000000
vn 0.719438 0.000000 -0.694557
vn 0.719438 0.000000 -0.694557
vn 0.719438 0.000000 -0.694557
vn 0.719438 0.000000 -0.694557
vn 0.000000 0.000000 1.000000
vn 0.000000 0.000000 1.000000
vn 0.000000 0.000000 1.000000
vn 0.000000 0.000000 1.000000
vn 0.000000 1.000000 0.000000
vn 0.000000 1.000000 0.000000
vn 0.000000 1.000000 0.000000
vn 0.000000 1.000000 0.000000
vn 0.000000 0.000000 -1.000000
vn 0.000000 0.000000 -1.000000
vn 0.000000 0.000000 -1.000000
vn 0.000000 0.000000 -1.000000
vn 0.000000 -1.000000 0.000000
vn 0.000000 -1.000000 0.000000
vn 0.000000 -1.000000 0.000000
vn 0.000000 -1.000000 0.000000
vn 1.000000 0.000000 0.000000
vn 1.000000 0.000000 0.000000
vn 1.000000 0.000000 0.000000
vn 1.000000 0.000000 0.000000
vn -1.000000 0.000000 0.000000
vn -1.000000 0.000000 0.000000
vn -1.000000 0.000000 0.000000
vn -1.000000 0.000000 0.000000
vn 0.836679 0.547694 0.000000
vn 0.836679 0.547694 0.000000
vn 0.836679 0.547694 0.000000
vn 0.836679 0.547694 0.000000
vn 0.719438 0.000000 0.694557
vn 0.719438 0.000000 0.694557
vn 0.719438 0.000000 0.694557
vn 0.719438 0.000000 0.694557
vn 0.836679 -0.547694 0.000000
vn 0.836679 -0.547694 0.000000
vn 0.836679 -0.547694 0.000000
vn 0.836679 -0.547694 0.000000
vn 0.719438 0.000000 -0.694557
vn 0.719438 0.000000 -0.694557
vn 0.719438 0.000000 -0.694557
vn 0.719438 0.000000 -0.694557
vn 0.000000 0.000000 1.000000
vn 0.000000 0.000000 1.000000
vn 0.000000 0.000000 1.000000
vn 0.000000 0.000000 1.000000
vn 0.000000 1.000000 0.000000
vn 0.000000 1.000000 0.000000
vn 0.000000 1.000000 0.000000
vn 0.000000 1.000000 0.000000
vn 0.000000 0.000000 -1.000000
vn 0.000000 0.000000 -1.000000
vn 0.000000 0.000000 -1.000000
vn 0.000000 0.000000 -1.000000
vn 0.000000 -1.000000 0.000000
vn 0.000000 -1.000000 0.000000
vn 0.000000 -1.000000 0.000000
vn 0.000000 -1.000000 0.000000
vn 1.000000 0.000000 0.000000
vn 1.000000 0.000000 0.000000
vn 1.000000 0.000000 0.000000
vn 1.000000 0.000000 0.000000
vn -1.000000 0.000000 0.000000
vn -1.000000 0.000000 0.000000
vn -1.000000 0.000000 0.000000
vn -1.000000 0.000000 0.000000
vn 0.836679 0.547694 0.000000
vn 0.836679 0.547694 0.000000
vn 0.836679 0.547694 0.000000
vn 0.836679 0.547694 0.000000
vn 0.719438 0.000000 0.694556
vn 0.719438 0.000000 0.694556
vn 0.719438 0.000000 0.694556
vn 0.719438 0.000000 0.694556
vn 0.836679 -0.547694 0.000000
vn 0.836679 -0.547694 0.000000
vn 0.836679 -0.547694 0.000000
vn 0.836679 -0.547694 0.000000
vn 0.719438 0.000000 -0.694557
vn 0.719438 0.000000 -0.694557
vn 0.719438 0.000000 -0.694557
vn 0.719438 0.000000 -0.694557
vn 0.000000 0.000000 1.000000
vn 0.000000 0.000000 1.000000
vn 0.000000 0.000000 1.000000
vn 0.000000 0.000000 1.000000
vn 0.000000 1.000000 0.000000
vn 0.000000 1.000000 0.000000
vn 0.000000 1.000000 0.000000
vn 0.000000 1.000000 0.000000
vn 0.000000 0.000000 -1.000000
vn 0.000000 0.000000 -1.000000
vn 0.000000 0.000000 -1.000000
vn 0.000000 0.000000 -1.000000
vn 0.000000 -1.000000 0.000000
vn 0.000000 -1.000000 0.000000
vn 0.000000 -1.000000 0.000000
vn 0.000000 -1.000000 0.000000
vn 1.000000 0.000000 0.000000
vn 1.000000 0.000000 0.000000
vn 1.000000 0.000000 0.000000
vn 1.000000 0.000000 0.000000
vn -1.000000 0.000000 0.000000
vn -1.000000 0.000000 0.000000
vn -1.000000 0.000000 0.000000
vn -1.000000 0.000000 0.000000
vn 0.836679 0.547694 0.000000
vn 0.836679 0.547694 0.000000
vn 0.836679 0.547694 0.000000
vn 0.836679 0.547694 0.000000
vn 0.719439 0.000000 0.694556
vn 0.719439 0.000000 0.694556
vn 0.719439 0.000000 0.694556
vn 0.719439 0.000000 0.694556
vn 0.836679 -0.547694 0.000000
vn 0.836679 -0.547694 0.000000
vn 0.836679 -0.547694 0.000000
vn 0.836679 -0.547694 0.000000
vn 0.719438 0.000000 -0.694557
vn 0.719438 0.000000 -0.694557
vn 0.719438 0.000000 -0.694557
vn 0.719438 0.000000 -0.694557
vn 0.000000 0.000000 1.000000
vn 0.000000 0.000000 1.000000
vn 0.000000 0.000000 1.000000
vn 0.000000 0.000000 1.000000
vn 0.000000 1.000000 0.000000
vn 0.000000 1.000000 0.000000
vn 0.000000 1.000000 0.000000
vn 0.000000 1.000000 0.000000
vn 0.000000 0.000000 -1.000000
vn 0.000000 0.000000 -1.000000
vn 0.000000 0.000000 -1.000000
vn 0.000000 0.000000 -1.000000
vn 0.000000 -1.000000 0.000000
vn 0.000000 -1.000000 0.000000
vn 0.000000 -1.000000 0.000000
vn 0.000000 -1.000000 0.000000
vn 1.000000 0.000000 0.000000
vn 1.000000 0.000000 0.000000
vn 1.000000 0.000000 0.000000
vn 1.000000 0.000000 0.000000
vn -1.000000 0.000000 0.000000
vn -1.000000 0.000000 0.000000
vn -1.000000 0.000000 0.000000
vn -1.000000 0.000000 0.000000
vn 0.836679 0.547694 0.000000
vn 0.836679 0.547694 0.000000
vn 0.836679 0.547694 0.000000
vn 0.836679 0.547694 0.000000
vn 0.719438 0.000000 0.694557
vn 0.719438 0.000000 0.694557
vn 0.719438 0.000000 0.694557
vn 0.719438 0.000000 0.694557
vn 0.836679 -0.547694 0.000000
vn 0.836679 -0.547694 0.000000
vn 0.836679 -0.547694 0.000000
vn 0.836679 -0.547694 0.000000
vn 0.719438 0.000000 -0.694557
vn 0.719438 0.000000 -0.694557
vn 0.719438 0.000000 -0.694557
vn 0.719438 0.000000 -0.694557
vn 0.000000 0.000000 1.000000
vn 0.000000 0.000000 1.000000
vn 0.000000 0.000000 1.000000
vn 0.000000 0.000000 1.000000
vn 0.000000 1.000000 0.000000
vn 0.000000 1.000000 0.000000
vn 0.000000 1.000000 0.000000
vn 0.000000 1.000000 0.000000
vn 0.000000 0.000000 -1.000000
vn 0.000000 0.000000 -1.000000
vn 0.000000 0.000000 -1.000000
vn 0.000000 0.000000 -1.000000
vn 0.000000 -1.000000 0.000000
vn 0.000000 -1.000000 0.000000
vn 0.000000 -1.000000 0.000000
vn 0.000000 -1.000000 0.000000
vn 1.000000 0.000000 0.000000
vn 1.000000 0.000000 0.000000
vn 1.000000 0.000000 0.000000
vn 1.000000 0.000000 0.000000
vn -1.000000 0.000000 0.000000
vn -1.000000 0.000000 0.000000
vn -1.000000 0.000000 0.000000
vn -1.000000 0.000000 0.000000
vn 0.836679 0.547694 0.000000
vn 0.836679 0.547694 0.000000
vn 0.836679 0.547694 0.000000
vn 0.836679 0.547694 0.000000
vn 0.719438 0.000000 0.694556
vn 0.719438 0.000000 0.694556
vn 0.719438 0.000000 0.694556
vn 0.719438 0.000000 0.694556
vn 0.836679 -0.547694 0.000000
vn 0.836679 -0.547694 0.000000
vn 0.836679 -0.547694 0.000000
vn 0.836679 -0.547694 0.000000
vn 0.719438 0.000000 -0.694557
vn 0.719438 0.000000 -0.694557
vn 0.719438 0.000000 -0.694557
vn 0.719438 0.000000 -0.694557
vn 0.000000 0.000000 1.000000
vn 0.000000 0.000000 1.000000
vn 0.000000 0.000000 1.000000
vn 0.000000 0.000000 1.000000
vn 0.000000 1.000000 0.000000
vn 0.000000 1.000000 0.000000
vn 0.000000 1.000000 0.000000
vn 0.000000 1.000000 0.000000
vn 0.000000 0.000000 -1.000000
vn 0.000000 0.000000 -1.000000
vn 0.000000 0.000000 -1.000000
vn 0.000000 0.000000 -1.000000
vn 0.000000 -1.000000 0.000000
vn 0.000000 -1.000000 0.000000
vn 0.000000 -1.000000 0.000000
vn 0.000000 -1.000000 0.000000
vn 1.000000 0.000000 0.000000
vn 1.000000 0.000000 0.000000
vn 1.000000 0.000000 0.000000
vn 1.000000 0.000000 0.000000
vn -1.000000 0.000000 0.000000
vn -1.000000 0.000000 0.000000
vn -1.000000 0.000000 0.000000
vn -1.000000 0.000000 0.000000
vn 0.836679 0.547694 0.000000
vn 0.836679 0.547694 0.000000
vn 0.836679 0.547694 0.000000
vn 0.836679 0.547694 0.000000
vn 0.719439 0.000000 0.694556
vn 0.719439 0.000000 0.694556
vn 0.719439 0.000000 0.694556
vn 0.719439 0.000000 0.694556
vn 0.836679 -0.547694 0.000000
vn 0.836679 -0.547694 0.000000
vn 0.836679 -0.547694 0.000000
vn 0.836679 -0.547694 0.000000
vn 0.719438 0.000000 -0.694557
vn 0.719438 0.000000 -0.694557
vn 0.719438 0.000000 -0.694557
vn 0.719438 0.000000 -0.694557
vn 0.000000 0.000000 1.000000
vn 0.000000 0.000000 1.000000
vn 0.000000 0.000000 1.000000
vn 0.000000 0.000000 1.000000
vn 0.000000 1.000000 0.000000
vn 0.000000 1.000000 0.000000
vn 0.000000 1.000000 0.000000
vn 0.000000 1.000000 0.000000
vn 0.000000 0.000000 -1.000000
vn 0.000000 0.000000 -1.000000
vn 0.000000 0.000000 -1.000000
vn 0.000000 0.000000 -1.000000
vn 0.000000 -1.000000 0.000000
vn 0.000000 -1.000000 0.000000
vn 0.000000 -1.000000 0.000000
vn 0.000000 -1.000000 0.000000
vn 1.000000 0.000000 0.000000
vn 1.000000 0.000000 0.000000
vn 1.000000 0.000000 0.000000
vn 1.000000 0.000000 0.000000
vn -1.000000 0.000000 0.000000
vn -1.000000 0.000000 0.000000
vn -1.000000 0.000000 0.000000
vn -1.000000 0.000000 0.000000
vn 0.836679 0.547694 0.000000
vn 0.836679 0.547694 0.000000
vn 0.836679 0.547694 0.000000
vn 0.836679 0.547694 0.000000
vn 0.719438 0.000000 0.694557
vn 0.719438 0.000000 0.694557
vn 0.719438 0.000000 0.694557
vn 0.719438 0.000000 0.694557
vn 0.836679 -0.547694 0.000000
vn 0.836679 -0.547694 0.000000
vn 0.836679 -0.547694 0.000000
vn 0.836679 -0.547694 0.000000
vn 0.719438 0.000000 -0.694557
vn 0.719438 0.000000 -0.694557
vn 0.719438 0.000000 -0.694557
vn 0.719438 0.000000 -0.694557
vn 0.000000 0.000000 1.000000
vn 0.000000 0.000000 1.000000
vn 0.000000 0.000000 1.000000
vn 0.000000 0.000000 1.000000
vn 0.000000 1.000000 0.000000
vn 0.000000 1.000000 0.000000
vn 0.000000 1.000000 0.000000
vn 0.000000 1.000000 0.000000
vn 0.000000 0.000000 -1.000000
vn 0.000000 0.000000 -1.000000
vn 0.000000 0.000000 -1.000000
vn 0.000000 0.000000 -1.000000
vn 0.000000 -1.000000 0.000000
vn 0.000000 -1.000000 0.000000
vn 0.000000 -1.000000 0.000000
vn 0.000000 -1.000000 0.000000
vn 1.000000 0.000000 0.000000
vn 1.000000 0.000000 0.000000
vn 1.000000 0.000000 0.000000
vn 1.000000 0.000000 0.000000
vn -1.000000 0.000000 0.000000
vn -1.000000 0.000000 0.000000
vn -1.000000 0.000000 0.000000
vn -1.000000 0.000000 0.000000
vn 0.836679 0.547694 0.000000
vn 0.836679 0.547694 0.000000
vn 0.836679 0.547694 0.000000
vn 0.836679 0.547694 0.000000
vn 0.719438 0.000000 0.694556
vn 0.719438 0.000000 0.694556
vn 0.719438 0.000000 0.694556
vn 0.719438 0.000000 0.694556
vn 0.836679 -0.547694 0.000000
vn 0.836679 -0.547694 0.000000
vn 0.836679 -0.547694 0.000000
vn 0.836679 -0.547694 0.000000
vn 0.719438 0.000000 -0.694557
vn 0.719438 0.000000 -0.694557
vn 0.719438 0.000000 -0.694557
vn 0.719438 0.000000 -0.694557
vn 0.000000 0.000000 1.000000
vn 0.000000 0.000000 1.000000
vn 0.000000 0.000000 1.000000
vn 0.000000 0.000000 1.000000
vn 0.000000 1.000000 0.000000
vn 0.000000 1.000000 0.000000
vn 0.000000 1.000000 0.000000
vn 0.000000 1.000000 0.000000
vn 0.000000 0.000000 -1.000000
vn 0.000000 0.000000 -1.000000
vn 0.000000 0.000000 -1.000000
vn 0.000000 0.000000 -1.000000
vn 0.000000 -1.000000 0.000000
vn 0.000000 -1.000000 0.000000
vn 0.000000 -1.000000 0.000000
vn 0.000000 -1.000000 0.000000
vn 1.000000 0.000000 0.000000
vn 1.000000 0.000000 0.000000
vn 1.000000 0.000000 0.000000
vn 1.000000 0.000000 0.000000
vn -1.000000 0.000000 0.000000
vn -1.000000 0.000000 0.000000
vn -1.000000 0.000000 0.000000
vn -1.000000 0.000000 0.000000
vn 0.836679 0.547694 0.000000
vn 0.836679 0.547694 0.000000
vn 0.836679 0.547694 0.000000
vn 0.836679 0.547694 0.000000
vn 0.719437 0.000000 0.694558
vn 0.719437 0.000000 0.694558
vn 0.719437 0.000000 0.694558
vn 0.719437 0.000000 0.694558
vn 0.836679 -0.547694 0.000000
vn 0.836679 -0.547694 0.000000
vn 0.836679 -0.547694 0.000000
vn 0.836679 -0.547694 0.000000
vn 0.719438 0.000000 -0.694556
vn 0.719438 0.000000 -0.694556
vn 0.719438 0.000000 -0.694556
vn 0.719438 0.000000 -0.694556
vn 0.000000 0.000000 1.000000
vn 0.000000 0.000000 1.000000
vn 0.000000 0.000000 1.000000
vn 0.000000 0.000000 1.000000
vn 0.000000 1.000000 0.000000
vn 0.000000 1.000000 0.000000
vn 0.000000 1.000000 0.000000
vn 0.000000 1.000000 0.000000
vn 0.000000 0.000000 -1.000000
vn 0.000000 0.000000 -1.000000
vn 0.000000 0.000000 -1.000000
vn 0.000000 0.000000 -1.000000
vn 0.000000 -1.000000 0.000000
vn 0.000000 -1.000000 0.000000
vn 0.000000 -1.000000 0.000000
vn 0.000000 -1.000000 0.000000
vn 1.000000 0.000000 0.000000
vn 1.000000 0.000000 0.000000
vn 1.000000 0.000000 0.000000
vn 1.000000 0.000000 0.000000
vn -1.000000 0.000000 0.000000
vn -1.000000 0.000000 0.000000
vn -1.000000 0.000000 0.000000
vn -1.000000 0.000000 0.000000
vn 0.836679 0.547694 0.000000
vn 0.836679 0.547694 0.000000
vn 0.836679 0.547694 0.000000
vn 0.836679 0.547694 0.000000
vn 0.719438 0.000000 0.694556
vn 0.719438 0.000000 0.694556
vn 0.719438 0.000000 0.694556
vn 0.719438 0.000000 0.694556
vn 0.836679 -0.547694 0.000000
vn 0.836679 -0.547694 0.000000
vn 0.836679 -0.547694 0.000000
vn 0.836679 -0.547694 0.000000
vn 0.719438 0.000000 -0.694557
vn 0.719438 0.000000 -0.694557
vn 0.719438 0.000000 -0.694557
vn 0.719438 0.000000 -0.694557
vn 0.000000 0.000000 1.000000
vn 0.000000 0.000000 1.000000
vn 0.000000 0.000000 1.000000
vn 0.000000 0.000000 1.000000
vn 0.000000 1.000000 0.000000
vn 0.000000 1.000000 0.000000
vn 0.000000 1.000000 0.000000
vn 0.000000 1.000000 0.000000
vn 0.000000 0.000000 -1.000000
vn 0.000000 0.000000 -1.000000
vn 0.000000 0.000000 -1.000000
vn 0.000000 0.000000 -1.000000
vn 0.000000 -1.000000 0.000000
vn 0.000000 -1.000000 0.000000
vn 0.000000 -1.000000 0.000000
vn 0.000000 -1.000000 0.000000
vn 1.000000 0.000000 0.000000
vn 1.000000 0.000000 0.000000
vn 1.000000 0.000000 0.000000
vn 1.000000 0.000000 0.000000
vn -1.000000 0.000000 0.000000
vn -1.000000 0.000000 0.000000
vn -1.000000 0.000000 0.000000
vn -1.000000 0.000000 0.000000
vn 0.836679 0.547694 0.000000
vn 0.836679 0.547694 0.000000
vn 0.836679 0.547694 0.000000
vn 0.836679 0.547694 0.000000
vn 0.719438 0.000000 0.694557
vn 0.719438 0.000000 0.694557
vn 0.719438 0.000000 0.694557
vn 0.719438 0.000000 0.694557
vn 0.836679 -0.547694 0.000000
vn 0.836679 -0.547694 0.000000
vn 0.836679 -0.547694 0.000000
vn 0.836679 -0.547694 0.000000
vn 0.719438 0.000000 -0.694557
vn 0.719438 0.000000 -0.694557
vn 0.719438 0.000000 -0.694557
vn 0.719438 0.000000 -0.694557
vn 0.000000 0.000000 1.000000
vn 0.000000 0.000000 1.000000
vn 0.000000 0.000000 1.000000
vn 0.000000 0.000000 1.000000
vn 0.000000 1.000000 0.000000
vn 0.000000 1.000000 0.000000
vn 0.000000 1.000000 0.000000
vn 0.000000 1.000000 0.000000
vn 0.000000 0.000000 -1.000000
vn 0.000000 0.000000 -1.000000
vn 0.000000 0.000000 -1.000000
vn 0.000000 0.000000 -1.000000
vn 0.000000 -1.000000 0.000000
vn 0.000000 -1.000000 0.000000
vn 0.000000 -1.000000 0.000000
vn 0.000000 -1.000000 0.000000
vn 1.000000 0.000000 0.000000
vn 1.000000 0.000000 0.000000
vn 1.000000 0.000000 0.000000
vn 1.000000 0.000000 0.000000
vn -1.000000 0.000000 0.000000
vn -1.000000 0.000000 0.000000
vn -1.000000 0.000000 0.000000
vn -1.000000 0.000000 0.000000
vn 0.836679 0.547694 0.000000
vn 0.836679 0.547694 0.000000
vn 0.836679 0.547694 0.000000
vn 0.836679 0.547694 0.000000
vn 0.719439 0.000000 0.694556
vn 0.719439 0.000000 0.694556
vn 0.719439 0.000000 0.694556
vn 0.719439 0.000000 0.694556
vn 0.836679 -0.547694 0.000000
vn 0.836679 -0.547694 0.000000
vn 0.836679 -0.547694 0.000000
vn 0.836679 -0.547694 0.000000
vn 0.719438 0.000000 -0.694557
vn 0.719438 0.000000 -0.694557
vn 0.719438 0.000000 -0.694557
vn 0.719438 0.000000 -0.694557
vn 0.000000 0.000000 1.000000
vn 0.000000 0.000000 1.000000
vn 0.000000 0.000000 1.000000
vn 0.000000 0.000000 1.000000
vn 0.000000 1.000000 0.000000
vn 0.000000 1.000000 0.000000
vn 0.000000 1.000000 0.000000
vn 0.000000 1.000000 0.000000
vn 0.000000 0.000000 -1.000000
vn 0.000000 0.000000 -1.000000
vn 0.000000 0.000000 -1.000000
vn 0.000000 0.000000 -1.000000
vn 0.000000 -1.000000 0.000000
vn 0.000000 -1.000000 0.000000
vn 0.000000 -1.000000 0.000000
vn 0.000000 -1.000000 0.000000
vn 1.000000 0.000000 0.000000
vn 1.000000 0.000000 0.000000
vn 1.000000 0.000000 0.000000
vn 1.000000 0.000000 0.000000
vn -1.000000 0.000000 0.000000
vn -1.000000 0.000000 0.000000
vn -1.000000 0.000000 0.000000
vn -1.000000 0.000000 0.000000
vn 0.836678 0.547695 0.000000
vn 0.836678 0.547695 0.000000
vn 0.836678 0.547695 0.000000
vn 0.836678 0.547695 0.000000
vn 0.719439 0.000000 0.694555
vn 0.719439 0.000000 0.694555
vn 0.719439 0.000000 0.694555
vn 0.719439 0.000000 0.694555
vn 0.836678 -0.547695 0.000000
vn 0.836678 -0.547695 0.000000
vn 0.836678 -0.547695 0.000000
vn 0.836678 -0.547695 0.000000
vn 0.719439 0.000000 -0.694555
vn 0.719439 0.000000 -0.694555
vn 0.719439 0.000000 -0.694555
vn 0.719439 0.000000 -0.694555
vn 0.000000 0.000000 1.000000
vn 0.000000 0.000000 1.000000
vn 0.000000 0.000000 1.000000
vn 0.000000 0.000000 1.000000
vn 0.000000 1.000000 0.000000
vn 0.000000 1.000000 0.000000
vn 0.000000 1.000000 0.000000
vn 0.000000 1.000000 0.000000
vn 0.000000 0.000000 -1.000000
vn 0.000000 0.000000 -1.000000
vn 0.000000 0.000000 -1.000000
vn 0.000000 0.000000 -1.000000
vn 0.000000 -1.000000 0.000000
vn 0.000000 -1.000000 0.000000
vn 0.000000 -1.000000 0.000000
vn 0.000000 -1.000000 0.000000
vn 1.000000 0.000000 0.000000
vn 1.000000 0.000000 0.000000
vn 1.000000 0.000000 0.000000
vn 1.000000 0.000000 0.000000
vn -1.000000 0.000000 0.000000
vn -1.000000 0.000000 0.000000
vn -1.000000 0.000000 0.000000
vn -1.000000 0.000000 0.000000
vn 0.836679 0.547694 0.000000
vn 0.836679 0.547694 0.000000
vn 0.836679 0.547694 0.000000
vn 0.836679 0.547694 0.000000
vn 0.719438 0.000000 0.694557
vn 0.719438 0.000000 0.694557
vn 0.719438 0.000000 0.694557
vn 0.719438 0.000000 0.694557
vn 0.836679 -0.547694 0.000000
vn 0.836679 -0.547694 0.000000
vn 0.836679 -0.547694 0.000000
vn 0.836679 -0.547694 0.000000
vn 0.719440 0.000000 -0.694555
vn 0.719440 0.000000 -0.694555
vn 0.719440 0.000000 -0.694555
vn 0.719440 0.000000 -0.694555
s off
g window_building2
usemtl initialShadingGroup
f 1/1/1 2/2/2 4/3/3 3/4/4
f 3/4/5 4/3/6 6/5/7 5/6/8
f 5/6/9 6/5/10 8/7/11 7/8/12
f 7/8/13 8/7/14 2/2/15 1/1/16
f 10/9/17 9/960/18 11/959/19 12/958/20
f 7/8/21 1/1/22 3/4/23 5/6/24
f 2/2/25 8/7/26 9/10/27 10/957/28
f 8/7/29 6/5/30 11/11/31 9/10/32
f 6/5/33 4/3/34 12/12/35 11/11/36
f 4/3/37 2/2/38 10/957/39 12/12/40
f 13/13/41 14/14/42 16/15/43 15/16/44
f 15/16/45 16/15/46 18/17/47 17/18/48
f 17/18/49 18/17/50 20/19/51 19/20/52
f 19/20/53 20/19/54 14/14/55 13/13/56
f 22/21/57 21/956/58 23/955/59 24/954/60
f 19/20/61 13/13/62 15/16/63 17/18/64
f 14/14/65 20/19/66 21/22/67 22/953/68
f 20/19/69 18/17/70 23/23/71 21/22/72
f 18/17/73 16/15/74 24/24/75 23/23/76
f 16/15/77 14/14/78 22/953/79 24/24/80
f 25/25/81 26/26/82 28/27/83 27/28/84
f 27/28/85 28/27/86 30/29/87 29/30/88
f 29/30/89 30/29/90 32/31/91 31/32/92
f 31/32/93 32/31/94 26/26/95 25/25/96
f 34/33/97 33/920/98 35/919/99 36/918/100
f 31/32/101 25/25/102 27/28/103 29/30/104
f 26/26/105 32/31/106 33/34/107 34/917/108
f 32/31/109 30/29/110 35/35/111 33/34/112
f 30/29/113 28/27/114 36/36/115 35/35/116
f 28/27/117 26/26/118 34/917/119 36/36/120
f 37/37/121 38/38/122 40/39/123 39/40/124
f 39/40/125 40/39/126 42/41/127 41/42/128
f 41/42/129 42/41/130 44/43/131 43/44/132
f 43/44/133 44/43/134 38/38/135 37/37/136
f 46/45/137 45/904/138 47/903/139 48/902/140
f 43/44/141 37/37/142 39/40/143 41/42/144
f 38/38/145 44/43/146 45/46/147 46/901/148
f 44/43/149 42/41/150 47/47/151 45/46/152
f 42/41/153 40/39/154 48/48/155 47/47/156
f 40/39/157 38/38/158 46/901/159 48/48/160
f 49/49/161 50/50/162 52/51/163 51/52/164
f 51/52/165 52/51/166 54/53/167 53/54/168
f 53/54/169 54/53/170 56/55/171 55/56/172
f 55/56/173 56/55/174 50/50/175 49/49/176
f 58/57/177 57/900/178 59/899/179 60/898/180
f 55/56/181 49/49/182 51/52/183 53/54/184
f 50/50/185 56/55/186 57/58/187 58/897/188
f 56/55/189 54/53/190 59/59/191 57/58/192
f 54/53/193 52/51/194 60/60/195 59/59/196
f 52/51/197 50/50/198 58/897/199 60/60/200
f 61/61/201 62/62/202 64/63/203 63/64/204
f 63/64/205 64/63/206 66/65/207 65/66/208
f 65/66/209 66/65/210 68/67/211 67/68/212
f 67/68/213 68/67/214 62/62/215 61/61/216
f 70/69/217 69/896/218 71/895/219 72/894/220
f 67/68/221 61/61/222 63/64/223 65/66/224
f 62/62/225 68/67/226 69/70/227 70/893/228
f 68/67/229 66/65/230 71/71/231 69/70/232
f 66/65/233 64/63/234 72/72/235 71/71/236
f 64/63/237 62/62/238 70/893/239 72/72/240
f 73/73/241 74/74/242 76/75/243 75/76/244
f 75/76/245 76/75/246 78/77/247 77/78/248
f 77/78/249 78/77/250 80/79/251 79/80/252
f 79/80/253 80/79/254 74/74/255 73/73/256
f 82/81/257 81/892/258 83/891/259 84/890/260
f 79/80/261 73/73/262 75/76/263 77/78/264
f 74/74/265 80/79/266 81/82/267 82/889/268
f 80/79/269 78/77/270 83/83/271 81/82/272
f 78/77/273 76/75/274 84/84/275 83/83/276
f 76/75/277 74/74/278 82/889/279 84/84/280
f 85/85/281 86/86/282 88/87/283 87/88/284
f 87/88/285 88/87/286 90/89/287 89/90/288
f 89/90/289 90/89/290 92/91/291 91/92/292
f 91/92/293 92/91/294 86/86/295 85/85/296
f 94/93/297 93/952/298 95/951/299 96/950/300
f 91/92/301 85/85/302 87/88/303 89/90/304
f 86/86/305 92/91/306 93/94/307 94/949/308
f 92/91/309 90/89/310 95/95/311 93/94/312
f 90/89/313 88/87/314 96/96/315 95/95/316
f 88/87/317 86/86/318 94/949/319 96/96/320
f 97/97/321 98/98/322 100/99/323 99/100/324
f 99/100/325 100/99/326 102/101/327 101/102/328
f 101/102/329 102/101/330 104/103/331 103/104/332
f 103/104/333 104/103/334 98/98/335 97/97/336
f 106/105/337 105/888/338 107/887/339 108/886/340
f 103/104/341 97/97/342 99/100/343 101/102/344
f 98/98/345 104/103/346 105/106/347 106/885/348
f 104/103/349 102/101/350 107/107/351 105/106/352
f 102/101/353 100/99/354 108/108/355 107/107/356
f 100/99/357 98/98/358 106/885/359 108/108/360
f 109/109/361 110/110/362 112/111/363 111/112/364
f 111/112/365 112/111/366 114/113/367 113/114/368
f 113/114/369 114/113/370 116/115/371 115/116/372
f 115/116/373 116/115/374 110/110/375 109/109/376
f 118/117/377 117/916/378 119/915/379 120/914/380
f 115/116/381 109/109/382 111/112/383 113/114/384
f 110/110/385 116/115/386 117/118/387 118/913/388
f 116/115/389 114/113/390 119/119/391 117/118/392
f 114/113/393 112/111/394 120/120/395 119/119/396
f 112/111/397 110/110/398 118/913/399 120/120/400
f 121/121/401 122/122/402 124/123/403 123/124/404
f 123/124/405 124/123/406 126/125/407 125/126/408
f 125/126/409 126/125/410 128/127/411 127/128/412
f 127/128/413 128/127/414 122/122/415 121/121/416
f 130/129/417 129/948/418 131/947/419 132/946/420
f 127/128/421 121/121/422 123/124/423 125/126/424
f 122/122/425 128/127/426 129/130/427 130/945/428
f 128/127/429 126/125/430 131/131/431 129/130/432
f 126/125/433 124/123/434 132/132/435 131/131/436
f 124/123/437 122/122/438 130/945/439 132/132/440
f 133/133/441 134/134/442 136/135/443 135/136/444
f 135/136/445 136/135/446 138/137/447 137/138/448
f 137/138/449 138/137/450 140/139/451 139/140/452
f 139/140/453 140/139/454 134/134/455 133/133/456
f 142/141/457 141/884/458 143/883/459 144/882/460
f 139/140/461 133/133/462 135/136/463 137/138/464
f 134/134/465 140/139/466 141/142/467 142/881/468
f 140/139/469 138/137/470 143/143/471 141/142/472
f 138/137/473 136/135/474 144/144/475 143/143/476
f 136/135/477 134/134/478 142/881/479 144/144/480
f 145/145/481 146/146/482 148/147/483 147/148/484
f 147/148/485 148/147/486 150/149/487 149/150/488
f 149/150/489 150/149/490 152/151/491 151/152/492
f 151/152/493 152/151/494 146/146/495 145/145/496
f 154/153/497 153/912/498 155/911/499 156/910/500
f 151/152/501 145/145/502 147/148/503 149/150/504
f 146/146/505 152/151/506 153/154/507 154/909/508
f 152/151/509 150/149/510 155/155/511 153/154/512
f 150/149/513 148/147/514 156/156/515 155/155/516
f 148/147/517 146/146/518 154/909/519 156/156/520
f 157/157/521 158/158/522 160/159/523 159/160/524
f 159/160/525 160/159/526 162/161/527 161/162/528
f 161/162/529 162/161/530 164/163/531 163/164/532
f 163/164/533 164/163/534 158/158/535 157/157/536
f 166/165/537 165/944/538 167/943/539 168/942/540
f 163/164/541 157/157/542 159/160/543 161/162/544
f 158/158/545 164/163/546 165/166/547 166/941/548
f 164/163/549 162/161/550 167/167/551 165/166/552
f 162/161/553 160/159/554 168/168/555 167/167/556
f 160/159/557 158/158/558 166/941/559 168/168/560
f 169/169/561 170/170/562 172/171/563 171/172/564
f 171/172/565 172/171/566 174/173/567 173/174/568
f 173/174/569 174/173/570 176/175/571 175/176/572
f 175/176/573 176/175/574 170/170/575 169/169/576
f 178/177/577 177/940/578 179/939/579 180/938/580
f 175/176/581 169/169/582 171/172/583 173/174/584
f 170/170/585 176/175/586 177/178/587 178/937/588
f 176/175/589 174/173/590 179/179/591 177/178/592
f 174/173/593 172/171/594 180/180/595 179/179/596
f 172/171/597 170/170/598 178/937/599 180/180/600
f 181/181/601 182/182/602 184/183/603 183/184/604
f 183/184/605 184/183/606 186/185/607 185/186/608
f 185/186/609 186/185/610 188/187/611 187/188/612
f 187/188/613 188/187/614 182/182/615 181/181/616
f 190/189/617 189/908/618 191/907/619 192/906/620
f 187/188/621 181/181/622 183/184/623 185/186/624
f 182/182/625 188/187/626 189/190/627 190/905/628
f 188/187/629 186/185/630 191/191/631 189/190/632
f 186/185/633 184/183/634 192/192/635 191/191/636
f 184/183/637 182/182/638 190/905/639 192/192/640
f 193/193/641 194/194/642 196/195/643 195/196/644
f 195/196/645 196/195/646 198/197/647 197/198/648
f 197/198/649 198/197/650 200/199/651 199/200/652
f 199/200/653 200/199/654 194/194/655 193/193/656
f 202/201/657 201/880/658 203/879/659 204/878/660
f 199/200/661 193/193/662 195/196/663 197/198/664
f 194/194/665 200/199/666 201/202/667 202/877/668
f 200/199/669 198/197/670 203/203/671 201/202/672
f 198/197/673 196/195/674 204/204/675 203/203/676
f 196/195/677 194/194/678 202/877/679 204/204/680
f 205/205/681 206/206/682 208/207/683 207/208/684
f 207/208/685 208/207/686 210/209/687 209/210/688
f 209/210/689 210/209/690 212/211/691 211/212/692
f 211/212/693 212/211/694 206/206/695 205/205/696
f 214/213/697 213/876/698 215/875/699 216/874/700
f 211/212/701 205/205/702 207/208/703 209/210/704
f 206/206/705 212/211/706 213/214/707 214/873/708
f 212/211/709 210/209/710 215/215/711 213/214/712
f 210/209/713 208/207/714 216/216/715 215/215/716
f 208/207/717 206/206/718 214/873/719 216/216/720
f 217/217/721 218/218/722 220/219/723 219/220/724
f 219/220/725 220/219/726 222/221/727 221/222/728
f 221/222/729 222/221/730 224/223/731 223/224/732
f 223/224/733 224/223/734 218/218/735 217/217/736
f 226/225/737 225/872/738 227/871/739 228/870/740
f 223/224/741 217/217/742 219/220/743 221/222/744
f 218/218/745 224/223/746 225/226/747 226/869/748
f 224/223/749 222/221/750 227/227/751 225/226/752
f 222/221/753 220/219/754 228/228/755 227/227/756
f 220/219/757 218/218/758 226/869/759 228/228/760
f 229/229/761 230/230/762 232/231/763 231/232/764
f 231/232/765 232/231/766 234/233/767 233/234/768
f 233/234/769 234/233/770 236/235/771 235/236/772
f 235/236/773 236/235/774 230/230/775 229/229/776
f 238/237/777 237/868/778 239/867/779 240/866/780
f 235/236/781 229/229/782 231/232/783 233/234/784
f 230/230/785 236/235/786 237/238/787 238/865/788
f 236/235/789 234/233/790 239/239/791 237/238/792
f 234/233/793 232/231/794 240/240/795 239/239/796
f 232/231/797 230/230/798 238/865/799 240/240/800
f 241/241/801 242/242/802 244/243/803 243/244/804
f 243/244/805 244/243/806 246/245/807 245/246/808
f 245/246/809 246/245/810 248/247/811 247/248/812
f 247/248/813 248/247/814 242/242/815 241/241/816
f 250/249/817 249/864/818 251/863/819 252/862/820
f 247/248/821 241/241/822 243/244/823 245/246/824
f 242/242/825 248/247/826 249/250/827 250/861/828
f 248/247/829 246/245/830 251/251/831 249/250/832
f 246/245/833 244/243/834 252/252/835 251/251/836
f 244/243/837 242/242/838 250/861/839 252/252/840
f 253/253/841 254/254/842 256/255/843 255/256/844
f 255/256/845 256/255/846 258/257/847 257/258/848
f 257/258/849 258/257/850 260/259/851 259/260/852
f 259/260/853 260/259/854 254/254/855 253/253/856
f 262/261/857 261/936/858 263/935/859 264/934/860
f 259/260/861 253/253/862 255/256/863 257/258/864
f 254/254/865 260/259/866 261/262/867 262/933/868
f 260/259/869 258/257/870 263/263/871 261/262/872
f 258/257/873 256/255/874 264/264/875 263/263/876
f 256/255/877 254/254/878 262/933/879 264/264/880
f 265/265/881 266/266/882 268/267/883 267/268/884
f 267/268/885 268/267/886 270/269/887 269/270/888
f 269/270/889 270/269/890 272/271/891 271/272/892
f 271/272/893 272/271/894 266/266/895 265/265/896
f 274/273/897 273/932/898 275/931/899 276/930/900
f 271/272/901 265/265/902 267/268/903 269/270/904
f 266/266/905 272/271/906 273/274/907 274/929/908
f 272/271/909 270/269/910 275/275/911 273/274/912
f 270/269/913 268/267/914 276/276/915 275/275/916
f 268/267/917 266/266/918 274/929/919 276/276/920
f 277/277/921 278/278/922 280/279/923 279/280/924
f 279/280/925 280/279/926 282/281/927 281/282/928
f 281/282/929 282/281/930 284/283/931 283/284/932
f 283/284/933 284/283/934 278/278/935 277/277/936
f 286/285/937 285/928/938 287/927/939 288/926/940
f 283/284/941 277/277/942 279/280/943 281/282/944
f 278/278/945 284/283/946 285/286/947 286/925/948
f 284/283/949 282/281/950 287/287/951 285/286/952
f 282/281/953 280/279/954 288/288/955 287/287/956
f 280/279/957 278/278/958 286/925/959 288/288/960
f 289/289/961 290/290/962 292/291/963 291/292/964
f 291/292/965 292/291/966 294/293/967 293/294/968
f 293/294/969 294/293/970 296/295/971 295/296/972
f 295/296/973 296/295/974 290/290/975 289/289/976
f 298/297/977 297/924/978 299/923/979 300/922/980
f 295/296/981 289/289/982 291/292/983 293/294/984
f 290/290/985 296/295/986 297/298/987 298/921/988
f 296/295/989 294/293/990 299/299/991 297/298/992
f 294/293/993 292/291/994 300/300/995 299/299/996
f 292/291/997 290/290/998 298/921/999 300/300/1000
f 301/301/1001 302/302/1002 304/303/1003 303/304/1004
f 303/304/1005 304/303/1006 306/305/1007 305/306/1008
f 305/306/1009 306/305/1010 308/307/1011 307/308/1012
f 307/308/1013 308/307/1014 302/302/1015 301/301/1016
f 310/309/1017 309/856/1018 311/855/1019 312/854/1020
f 307/308/1021 301/301/1022 303/304/1023 305/306/1024
f 302/302/1025 308/307/1026 309/310/1027 310/853/1028
f 308/307/1029 306/305/1030 311/311/1031 309/310/1032
f 306/305/1033 304/303/1034 312/312/1035 311/311/1036
f 304/303/1037 302/302/1038 310/853/1039 312/312/1040
f 313/313/1041 314/314/1042 316/315/1043 315/316/1044
f 315/316/1045 316/315/1046 318/317/1047 317/318/1048
f 317/318/1049 318/317/1050 320/319/1051 319/320/1052
f 319/320/1053 320/319/1054 314/314/1055 313/313/1056
f 322/321/1057 321/860/1058 323/859/1059 324/858/1060
f 319/320/1061 313/313/1062 315/316/1063 317/318/1064
f 314/314/1065 320/319/1066 321/322/1067 322/857/1068
f 320/319/1069 318/317/1070 323/323/1071 321/322/1072
f 318/317/1073 316/315/1074 324/324/1075 323/323/1076
f 316/315/1077 314/314/1078 322/857/1079 324/324/1080
f 325/325/1081 326/326/1082 328/327/1083 327/328/1084
f 327/328/1085 328/327/1086 330/329/1087 329/330/1088
f 329/330/1089 330/329/1090 332/331/1091 331/332/1092
f 331/332/1093 332/331/1094 326/326/1095 325/325/1096
f 334/333/1097 333/852/1098 335/851/1099 336/850/1100
f 331/332/1101 325/325/1102 327/328/1103 329/330/1104
f 326/326/1105 332/331/1106 333/334/1107 334/849/1108
f 332/331/1109 330/329/1110 335/335/1111 333/334/1112
f 330/329/1113 328/327/1114 336/336/1115 335/335/1116
f 328/327/1117 326/326/1118 334/849/1119 336/336/1120
f 337/337/1121 338/338/1122 340/339/1123 339/340/1124
f 339/340/1125 340/339/1126 342/341/1127 341/342/1128
f 341/342/1129 342/341/1130 344/343/1131 343/344/1132
f 343/344/1133 344/343/1134 338/338/1135 337/337/1136
f 346/345/1137 345/848/1138 347/847/1139 348/846/1140
f 343/344/1141 337/337/1142 339/340/1143 341/342/1144
f 338/338/1145 344/343/1146 345/346/1147 346/845/1148
f 344/343/1149 342/341/1150 347/347/1151 345/346/1152
f 342/341/1153 340/339/1154 348/348/1155 347/347/1156
f 340/339/1157 338/338/1158 346/845/1159 348/348/1160
f 349/349/1161 350/350/1162 352/351/1163 351/352/1164
f 351/352/1165 352/351/1166 354/353/1167 353/354/1168
f 353/354/1169 354/353/1170 356/355/1171 355/356/1172
f 355/356/1173 356/355/1174 350/350/1175 349/349/1176
f 358/357/1177 357/844/1178 359/843/1179 360/842/1180
f 355/356/1181 349/349/1182 351/352/1183 353/354/1184
f 350/350/1185 356/355/1186 357/358/1187 358/841/1188
f 356/355/1189 354/353/1190 359/359/1191 357/358/1192
f 354/353/1193 352/351/1194 360/360/1195 359/359/1196
f 352/351/1197 350/350/1198 358/841/1199 360/360/1200
f 361/361/1201 362/362/1202 364/363/1203 363/364/1204
f 363/364/1205 364/363/1206 366/365/1207 365/366/1208
f 365/366/1209 366/365/1210 368/367/1211 367/368/1212
f 367/368/1213 368/367/1214 362/362/1215 361/361/1216
f 370/369/1217 369/820/1218 371/819/1219 372/818/1220
f 367/368/1221 361/361/1222 363/364/1223 365/366/1224
f 362/362/1225 368/367/1226 369/370/1227 370/817/1228
f 368/367/1229 366/365/1230 371/371/1231 369/370/1232
f 366/365/1233 364/363/1234 372/372/1235 371/371/1236
f 364/363/1237 362/362/1238 370/817/1239 372/372/1240
f 373/373/1241 374/374/1242 376/375/1243 375/376/1244
f 375/376/1245 376/375/1246 378/377/1247 377/378/1248
f 377/378/1249 378/377/1250 380/379/1251 379/380/1252
f 379/380/1253 380/379/1254 374/374/1255 373/373/1256
f 382/381/1257 381/816/1258 383/815/1259 384/814/1260
f 379/380/1261 373/373/1262 375/376/1263 377/378/1264
f 374/374/1265 380/379/1266 381/382/1267 382/813/1268
f 380/379/1269 378/377/1270 383/383/1271 381/382/1272
f 378/377/1273 376/375/1274 384/384/1275 383/383/1276
f 376/375/1277 374/374/1278 382/813/1279 384/384/1280
f 385/385/1281 386/386/1282 388/387/1283 387/388/1284
f 387/388/1285 388/387/1286 390/389/1287 389/390/1288
f 389/390/1289 390/389/1290 392/391/1291 391/392/1292
f 391/392/1293 392/391/1294 386/386/1295 385/385/1296
f 394/393/1297 393/812/1298 395/811/1299 396/810/1300
f 391/392/1301 385/385/1302 387/388/1303 389/390/1304
f 386/386/1305 392/391/1306 393/394/1307 394/809/1308
f 392/391/1309 390/389/1310 395/395/1311 393/394/1312
f 390/389/1313 388/387/1314 396/396/1315 395/395/1316
f 388/387/1317 386/386/1318 394/809/1319 396/396/1320
f 397/397/1321 398/398/1322 400/399/1323 399/400/1324
f 399/400/1325 400/399/1326 402/401/1327 401/402/1328
f 401/402/1329 402/401/1330 404/403/1331 403/404/1332
f 403/404/1333 404/403/1334 398/398/1335 397/397/1336
f 406/405/1337 405/808/1338 407/807/1339 408/806/1340
f 403/404/1341 397/397/1342 399/400/1343 401/402/1344
f 398/398/1345 404/403/1346 405/406/1347 406/805/1348
f 404/403/1349 402/401/1350 407/407/1351 405/406/1352
f 402/401/1353 400/399/1354 408/408/1355 407/407/1356
f 400/399/1357 398/398/1358 406/805/1359 408/408/1360
f 409/409/1361 410/410/1362 412/411/1363 411/412/1364
f 411/412/1365 412/411/1366 414/413/1367 413/414/1368
f 413/414/1369 414/413/1370 416/415/1371 415/416/1372
f 415/416/1373 416/415/1374 410/410/1375 409/409/1376
f 418/417/1377 417/804/1378 419/803/1379 420/802/1380
f 415/416/1381 409/409/1382 411/412/1383 413/414/1384
f 410/410/1385 416/415/1386 417/418/1387 418/801/1388
f 416/415/1389 414/413/1390 419/419/1391 417/418/1392
f 414/413/1393 412/411/1394 420/420/1395 419/419/1396
f 412/411/1397 410/410/1398 418/801/1399 420/420/1400
f 421/421/1401 422/422/1402 424/423/1403 423/424/1404
f 423/424/1405 424/423/1406 426/425/1407 425/426/1408
f 425/426/1409 426/425/1410 428/427/1411 427/428/1412
f 427/428/1413 428/427/1414 422/422/1415 421/421/1416
f 430/429/1417 429/800/1418 431/799/1419 432/798/1420
f 427/428/1421 421/421/1422 423/424/1423 425/426/1424
f 422/422/1425 428/427/1426 429/430/1427 430/797/1428
f 428/427/1429 426/425/1430 431/431/1431 429/430/1432
f 426/425/1433 424/423/1434 432/432/1435 431/431/1436
f 424/423/1437 422/422/1438 430/797/1439 432/432/1440
f 433/433/1441 434/434/1442 436/435/1443 435/436/1444
f 435/436/1445 436/435/1446 438/437/1447 437/438/1448
f 437/438/1449 438/437/1450 440/439/1451 439/440/1452
f 439/440/1453 440/439/1454 434/434/1455 433/433/1456
f 442/441/1457 441/796/1458 443/795/1459 444/794/1460
f 439/440/1461 433/433/1462 435/436/1463 437/438/1464
f 434/434/1465 440/439/1466 441/442/1467 442/793/1468
f 440/439/1469 438/437/1470 443/443/1471 441/442/1472
f 438/437/1473 436/435/1474 444/444/1475 443/443/1476
f 436/435/1477 434/434/1478 442/793/1479 444/444/1480
f 445/445/1481 446/446/1482 448/447/1483 447/448/1484
f 447/448/1485 448/447/1486 450/449/1487 449/450/1488
f 449/450/1489 450/449/1490 452/451/1491 451/452/1492
f 451/452/1493 452/451/1494 446/446/1495 445/445/1496
f 454/453/1497 453/792/1498 455/791/1499 456/790/1500
f 451/452/1501 445/445/1502 447/448/1503 449/450/1504
f 446/446/1505 452/451/1506 453/454/1507 454/789/1508
f 452/451/1509 450/449/1510 455/455/1511 453/454/1512
f 450/449/1513 448/447/1514 456/456/1515 455/455/1516
f 448/447/1517 446/446/1518 454/789/1519 456/456/1520
f 457/457/1521 458/458/1522 460/459/1523 459/460/1524
f 459/460/1525 460/459/1526 462/461/1527 461/462/1528
f 461/462/1529 462/461/1530 464/463/1531 463/464/1532
f 463/464/1533 464/463/1534 458/458/1535 457/457/1536
f 466/465/1537 465/840/1538 467/839/1539 468/838/1540
f 463/464/1541 457/457/1542 459/460/1543 461/462/1544
f 458/458/1545 464/463/1546 465/466/1547 466/837/1548
f 464/463/1549 462/461/1550 467/467/1551 465/466/1552
f 462/461/1553 460/459/1554 468/468/1555 467/467/1556
f 460/459/1557 458/458/1558 466/837/1559 468/468/1560
f 469/469/1561 470/470/1562 472/471/1563 471/472/1564
f 471/472/1565 472/471/1566 474/473/1567 473/474/1568
f 473/474/1569 474/473/1570 476/475/1571 475/476/1572
f 475/476/1573 476/475/1574 470/470/1575 469/469/1576
f 478/477/1577 477/836/1578 479/835/1579 480/834/1580
f 475/476/1581 469/469/1582 471/472/1583 473/474/1584
f 470/470/1585 476/475/1586 477/478/1587 478/833/1588
f 476/475/1589 474/473/1590 479/479/1591 477/478/1592
f 474/473/1593 472/471/1594 480/480/1595 479/479/1596
f 472/471/1597 470/470/1598 478/833/1599 480/480/1600
f 481/481/1601 482/482/1602 484/483/1603 483/484/1604
f 483/484/1605 484/483/1606 486/485/1607 485/486/1608
f 485/486/1609 486/485/1610 488/487/1611 487/488/1612
f 487/488/1613 488/487/1614 482/482/1615 481/481/1616
f 490/489/1617 489/832/1618 491/831/1619 492/830/1620
f 487/488/1621 481/481/1622 483/484/1623 485/486/1624
f 482/482/1625 488/487/1626 489/490/1627 490/829/1628
f 488/487/1629 486/485/1630 491/491/1631 489/490/1632
f 486/485/1633 484/483/1634 492/492/1635 491/491/1636
f 484/483/1637 482/482/1638 490/829/1639 492/492/1640
f 493/493/1641 494/494/1642 496/495/1643 495/496/1644
f 495/496/1645 496/495/1646 498/497/1647 497/498/1648
f 497/498/1649 498/497/1650 500/499/1651 499/500/1652
f 499/500/1653 500/499/1654 494/494/1655 493/493/1656
f 502/501/1657 501/828/1658 503/827/1659 504/826/1660
f 499/500/1661 493/493/1662 495/496/1663 497/498/1664
f 494/494/1665 500/499/1666 501/502/1667 502/825/1668
f 500/499/1669 498/497/1670 503/503/1671 501/502/1672
f 498/497/1673 496/495/1674 504/504/1675 503/503/1676
f 496/495/1677 494/494/1678 502/825/1679 504/504/1680
f 505/505/1681 506/506/1682 508/507/1683 507/508/1684
f 507/508/1685 508/507/1686 510/509/1687 509/510/1688
f 509/510/1689 510/509/1690 512/511/1691 511/512/1692
f 511/512/1693 512/511/1694 506/506/1695 505/505/1696
f 514/513/1697 513/788/1698 515/787/1699 516/786/1700
f 511/512/1701 505/505/1702 507/508/1703 509/510/1704
f 506/506/1705 512/511/1706 513/514/1707 514/785/1708
f 512/511/1709 510/509/1710 515/515/1711 513/514/1712
f 510/509/1713 508/507/1714 516/516/1715 515/515/1716
f 508/507/1717 506/506/1718 514/785/1719 516/516/1720
f 517/517/1721 518/518/1722 520/519/1723 519/520/1724
f 519/520/1725 520/519/1726 522/521/1727 521/522/1728
f 521/522/1729 522/521/1730 524/523/1731 523/524/1732
f 523/524/1733 524/523/1734 518/518/1735 517/517/1736
f 526/525/1737 525/784/1738 527/783/1739 528/782/1740
f 523/524/1741 517/517/1742 519/520/1743 521/522/1744
f 518/518/1745 524/523/1746 525/526/1747 526/781/1748
f 524/523/1749 522/521/1750 527/527/1751 525/526/1752
f 522/521/1753 520/519/1754 528/528/1755 527/527/1756
f 520/519/1757 518/518/1758 526/781/1759 528/528/1760
f 529/529/1761 530/530/1762 532/531/1763 531/532/1764
f 531/532/1765 532/531/1766 534/533/1767 533/534/1768
f 533/534/1769 534/533/1770 536/535/1771 535/536/1772
f 535/536/1773 536/535/1774 530/530/1775 529/529/1776
f 538/537/1777 537/780/1778 539/779/1779 540/778/1780
f 535/536/1781 529/529/1782 531/532/1783 533/534/1784
f 530/530/1785 536/535/1786 537/538/1787 538/777/1788
f 536/535/1789 534/533/1790 539/539/1791 537/538/1792
f 534/533/1793 532/531/1794 540/540/1795 539/539/1796
f 532/531/1797 530/530/1798 538/777/1799 540/540/1800
f 541/541/1801 542/542/1802 544/543/1803 543/544/1804
f 543/544/1805 544/543/1806 546/545/1807 545/546/1808
f 545/546/1809 546/545/1810 548/547/1811 547/548/1812
f 547/548/1813 548/547/1814 542/542/1815 541/541/1816
f 550/549/1817 549/776/1818 551/775/1819 552/774/1820
f 547/548/1821 541/541/1822 543/544/1823 545/546/1824
f 542/542/1825 548/547/1826 549/550/1827 550/773/1828
f 548/547/1829 546/545/1830 551/551/1831 549/550/1832
f 546/545/1833 544/543/1834 552/552/1835 551/551/1836
f 544/543/1837 542/542/1838 550/773/1839 552/552/1840
f 553/553/1841 554/554/1842 556/555/1843 555/556/1844
f 555/556/1845 556/555/1846 558/557/1847 557/558/1848
f 557/558/1849 558/557/1850 560/559/1851 559/560/1852
f 559/560/1853 560/559/1854 554/554/1855 553/553/1856
f 562/561/1857 561/772/1858 563/771/1859 564/770/1860
f 559/560/1861 553/553/1862 555/556/1863 557/558/1864
f 554/554/1865 560/559/1866 561/562/1867 562/769/1868
f 560/559/1869 558/557/1870 563/563/1871 561/562/1872
f 558/557/1873 556/555/1874 564/564/1875 563/563/1876
f 556/555/1877 554/554/1878 562/769/1879 564/564/1880
f 565/565/1881 566/566/1882 568/567/1883 567/568/1884
f 567/568/1885 568/567/1886 570/569/1887 569/570/1888
f 569/570/1889 570/569/1890 572/571/1891 571/572/1892
f 571/572/1893 572/571/1894 566/566/1895 565/565/1896
f 574/573/1897 573/768/1898 575/767/1899 576/766/1900
f 571/572/1901 565/565/1902 567/568/1903 569/570/1904
f 566/566/1905 572/571/1906 573/574/1907 574/765/1908
f 572/571/1909 570/569/1910 575/575/1911 573/574/1912
f 570/569/1913 568/567/1914 576/576/1915 575/575/1916
f 568/567/1917 566/566/1918 574/765/1919 576/576/1920
f 577/577/1921 578/578/1922 580/579/1923 579/580/1924
f 579/580/1925 580/579/1926 582/581/1927 581/582/1928
f 581/582/1929 582/581/1930 584/583/1931 583/584/1932
f 583/584/1933 584/583/1934 578/578/1935 577/577/1936
f 586/585/1937 585/764/1938 587/763/1939 588/762/1940
f 583/584/1941 577/577/1942 579/580/1943 581/582/1944
f 578/578/1945 584/583/1946 585/586/1947 586/761/1948
f 584/583/1949 582/581/1950 587/587/1951 585/586/1952
f 582/581/1953 580/579/1954 588/588/1955 587/587/1956
f 580/579/1957 578/578/1958 586/761/1959 588/588/1960
f 589/589/1961 590/590/1962 592/591/1963 591/592/1964
f 591/592/1965 592/591/1966 594/593/1967 593/594/1968
f 593/594/1969 594/593/1970 596/595/1971 595/596/1972
f 595/596/1973 596/595/1974 590/590/1975 589/589/1976
f 598/597/1977 597/760/1978 599/759/1979 600/758/1980
f 595/596/1981 589/589/1982 591/592/1983 593/594/1984
f 590/590/1985 596/595/1986 597/598/1987 598/757/1988
f 596/595/1989 594/593/1990 599/599/1991 597/598/1992
f 594/593/1993 592/591/1994 600/600/1995 599/599/1996
f 592/591/1997 590/590/1998 598/757/1999 600/600/2000
f 601/601/2001 602/602/2002 604/603/2003 603/604/2004
f 603/604/2005 604/603/2006 606/605/2007 605/606/2008
f 605/606/2009 606/605/2010 608/607/2011 607/608/2012
f 607/608/2013 608/607/2014 602/602/2015 601/601/2016
f 610/609/2017 609/756/2018 611/755/2019 612/754/2020
f 607/608/2021 601/601/2022 603/604/2023 605/606/2024
f 602/602/2025 608/607/2026 609/610/2027 610/753/2028
f 608/607/2029 606/605/2030 611/611/2031 609/610/2032
f 606/605/2033 604/603/2034 612/612/2035 611/611/2036
f 604/603/2037 602/602/2038 610/753/2039 612/612/2040
f 613/613/2041 614/614/2042 616/615/2043 615/616/2044
f 615/616/2045 616/615/2046 618/617/2047 617/618/2048
f 617/618/2049 618/617/2050 620/619/2051 619/620/2052
f 619/620/2053 620/619/2054 614/614/2055 613/613/2056
f 622/621/2057 621/752/2058 623/751/2059 624/750/2060
f 619/620/2061 613/613/2062 615/616/2063 617/618/2064
f 614/614/2065 620/619/2066 621/622/2067 622/749/2068
f 620/619/2069 618/617/2070 623/623/2071 621/622/2072
f 618/617/2073 616/615/2074 624/624/2075 623/623/2076
f 616/615/2077 614/614/2078 622/749/2079 624/624/2080
f 625/625/2081 626/626/2082 628/627/2083 627/628/2084
f 627/628/2085 628/627/2086 630/629/2087 629/630/2088
f 629/630/2089 630/629/2090 632/631/2091 631/632/2092
f 631/632/2093 632/631/2094 626/626/2095 625/625/2096
f 634/633/2097 633/748/2098 635/747/2099 636/746/2100
f 631/632/2101 625/625/2102 627/628/2103 629/630/2104
f 626/626/2105 632/631/2106 633/634/2107 634/745/2108
f 632/631/2109 630/629/2110 635/635/2111 633/634/2112
f 630/629/2113 628/627/2114 636/636/2115 635/635/2116
f 628/627/2117 626/626/2118 634/745/2119 636/636/2120
f 637/637/2121 638/638/2122 640/639/2123 639/640/2124
f 639/640/2125 640/639/2126 642/641/2127 641/642/2128
f 641/642/2129 642/641/2130 644/643/2131 643/644/2132
f 643/644/2133 644/643/2134 638/638/2135 637/637/2136
f 646/645/2137 645/744/2138 647/743/2139 648/742/2140
f 643/644/2141 637/637/2142 639/640/2143 641/642/2144
f 638/638/2145 644/643/2146 645/646/2147 646/741/2148
f 644/643/2149 642/641/2150 647/647/2151 645/646/2152
f 642/641/2153 640/639/2154 648/648/2155 647/647/2156
f 640/639/2157 638/638/2158 646/741/2159 648/648/2160
f 649/649/2161 650/650/2162 652/651/2163 651/652/2164
f 651/652/2165 652/651/2166 654/653/2167 653/654/2168
f 653/654/2169 654/653/2170 656/655/2171 655/656/2172
f 655/656/2173 656/655/2174 650/650/2175 649/649/2176
f 658/657/2177 657/824/2178 659/823/2179 660/822/2180
f 655/656/2181 649/649/2182 651/652/2183 653/654/2184
f 650/650/2185 656/655/2186 657/658/2187 658/821/2188
f 656/655/2189 654/653/2190 659/659/2191 657/658/2192
f 654/653/2193 652/651/2194 660/660/2195 659/659/2196
f 652/651/2197 650/650/2198 658/821/2199 660/660/2200
f 661/661/2201 662/662/2202 664/663/2203 663/664/2204
f 663/664/2205 664/663/2206 666/665/2207 665/666/2208
f 665/666/2209 666/665/2210 668/667/2211 667/668/2212
f 667/668/2213 668/667/2214 662/662/2215 661/661/2216
f 670/669/2217 669/740/2218 671/739/2219 672/738/2220
f 667/668/2221 661/661/2222 663/664/2223 665/666/2224
f 662/662/2225 668/667/2226 669/670/2227 670/737/2228
f 668/667/2229 666/665/2230 671/671/2231 669/670/2232
f 666/665/2233 664/663/2234 672/672/2235 671/671/2236
f 664/663/2237 662/662/2238 670/737/2239 672/672/2240
f 673/673/2241 674/674/2242 676/675/2243 675/676/2244
f 675/676/2245 676/675/2246 678/677/2247 677/678/2248
f 677/678/2249 678/677/2250 680/679/2251 679/680/2252
f 679/680/2253 680/679/2254 674/674/2255 673/673/2256
f 682/681/2257 681/736/2258 683/735/2259 684/734/2260
f 679/680/2261 673/673/2262 675/676/2263 677/678/2264
f 674/674/2265 680/679/2266 681/682/2267 682/733/2268
f 680/679/2269 678/677/2270 683/683/2271 681/682/2272
f 678/677/2273 676/675/2274 684/684/2275 683/683/2276
f 676/675/2277 674/674/2278 682/733/2279 684/684/2280
f 685/685/2281 686/686/2282 688/687/2283 687/688/2284
f 687/688/2285 688/687/2286 690/689/2287 689/690/2288
f 689/690/2289 690/689/2290 692/691/2291 691/692/2292
f 691/692/2293 692/691/2294 686/686/2295 685/685/2296
f 694/693/2297 693/732/2298 695/731/2299 696/730/2300
f 691/692/2301 685/685/2302 687/688/2303 689/690/2304
f 686/686/2305 692/691/2306 693/694/2307 694/729/2308
f 692/691/2309 690/689/2310 695/695/2311 693/694/2312
f 690/689/2313 688/687/2314 696/696/2315 695/695/2316
f 688/687/2317 686/686/2318 694/729/2319 696/696/2320
f 697/697/2321 698/698/2322 700/699/2323 699/700/2324
f 699/700/2325 700/699/2326 702/701/2327 701/702/2328
f 701/702/2329 702/701/2330 704/703/2331 703/704/2332
f 703/704/2333 704/703/2334 698/698/2335 697/697/2336
f 706/705/2337 705/728/2338 707/727/2339 708/726/2340
f 703/704/2341 697/697/2342 699/700/2343 701/702/2344
f 698/698/2345 704/703/2346 705/706/2347 706/725/2348
f 704/703/2349 702/701/2350 707/707/2351 705/706/2352
f 702/701/2353 700/699/2354 708/708/2355 707/707/2356
f 700/699/2357 698/698/2358 706/725/2359 708/708/2360
f 709/709/2361 710/710/2362 712/711/2363 711/712/2364
f 711/712/2365 712/711/2366 714/713/2367 713/714/2368
f 713/714/2369 714/713/2370 716/715/2371 715/716/2372
f 715/716/2373 716/715/2374 710/710/2375 709/709/2376
f 718/717/2377 717/724/2378 719/723/2379 720/722/2380
f 715/716/2381 709/709/2382 711/712/2383 713/714/2384
f 710/710/2385 716/715/2386 717/718/2387 718/721/2388
f 716/715/2389 714/713/2390 719/719/2391 717/718/2392
f 714/713/2393 712/711/2394 720/720/2395 719/719/2396
f 712/711/2397 710/710/2398 718/721/2399 720/720/2400
